-- Generated by Craft v2.3.2644 on May 18, 2015 2:50:53 AM.

--
-- Disable foreign key checks and autocommit.
--

SET FOREIGN_KEY_CHECKS = 0;
SET SQL_MODE = "NO_AUTO_VALUE_ON_ZERO";
SET AUTOCOMMIT = 0;
SET NAMES utf8;


DROP TABLE IF EXISTS `assetfiles`;


--
-- Schema for table `assetfiles`
--
CREATE TABLE `assetfiles` (
  `id` int(11) NOT NULL,
  `sourceId` int(11) DEFAULT NULL,
  `folderId` int(11) NOT NULL,
  `filename` varchar(255) COLLATE utf8_unicode_ci NOT NULL,
  `kind` varchar(50) COLLATE utf8_unicode_ci NOT NULL DEFAULT 'unknown',
  `width` smallint(6) unsigned DEFAULT NULL,
  `height` smallint(6) unsigned DEFAULT NULL,
  `size` int(11) unsigned DEFAULT NULL,
  `dateModified` datetime DEFAULT NULL,
  `dateCreated` datetime NOT NULL,
  `dateUpdated` datetime NOT NULL,
  `uid` char(36) COLLATE utf8_unicode_ci NOT NULL DEFAULT '0',
  PRIMARY KEY (`id`),
  UNIQUE KEY `assetfiles_filename_folderId_unq_idx` (`filename`,`folderId`),
  KEY `assetfiles_sourceId_fk` (`sourceId`),
  KEY `assetfiles_folderId_fk` (`folderId`)
) ENGINE=InnoDB DEFAULT CHARSET=utf8 COLLATE=utf8_unicode_ci;

--
-- Data for table `assetfiles`
--

INSERT INTO `assetfiles` (`id`, `sourceId`, `folderId`, `filename`, `kind`, `width`, `height`, `size`, `dateModified`, `dateCreated`, `dateUpdated`, `uid`) VALUES ('14', '2', '2', '600x600.gif', 'image', '600', '600', '17790', '2015-05-06 02:13:16', '2015-05-06 02:13:16', '2015-05-06 02:13:16', '65386bbb-9fbe-4d01-b617-c9e72772bda2');
INSERT INTO `assetfiles` (`id`, `sourceId`, `folderId`, `filename`, `kind`, `width`, `height`, `size`, `dateModified`, `dateCreated`, `dateUpdated`, `uid`) VALUES ('15', '2', '2', '640x480.gif', 'image', '640', '480', '15447', '2015-05-06 02:23:31', '2015-05-06 02:23:31', '2015-05-06 02:23:31', 'a4119463-1a2b-4a7c-afec-32fc9209d3ac');
INSERT INTO `assetfiles` (`id`, `sourceId`, `folderId`, `filename`, `kind`, `width`, `height`, `size`, `dateModified`, `dateCreated`, `dateUpdated`, `uid`) VALUES ('16', '5', '5', '1024x768.gif', 'image', '1024', '768', '33248', '2015-05-06 02:26:23', '2015-05-06 02:26:23', '2015-05-06 02:26:23', '2e7d7bed-63fb-4367-8c3d-f92240033ad6');
INSERT INTO `assetfiles` (`id`, `sourceId`, `folderId`, `filename`, `kind`, `width`, `height`, `size`, `dateModified`, `dateCreated`, `dateUpdated`, `uid`) VALUES ('17', '6', '6', '600x600.gif', 'image', '600', '600', '17790', '2015-05-06 02:26:47', '2015-05-06 02:26:47', '2015-05-06 02:26:47', '28fda95e-b4ea-4719-a9e9-356b97c5b39a');
INSERT INTO `assetfiles` (`id`, `sourceId`, `folderId`, `filename`, `kind`, `width`, `height`, `size`, `dateModified`, `dateCreated`, `dateUpdated`, `uid`) VALUES ('18', '7', '7', '400x200.gif', 'image', '400', '200', '5405', '2015-05-06 02:27:04', '2015-05-06 02:27:04', '2015-05-06 02:27:04', 'a40ca93f-7900-4102-b531-c7434952860b');
INSERT INTO `assetfiles` (`id`, `sourceId`, `folderId`, `filename`, `kind`, `width`, `height`, `size`, `dateModified`, `dateCreated`, `dateUpdated`, `uid`) VALUES ('54', '8', '8', '960x500.gif', 'image', '960', '500', '21958', '2015-05-12 00:58:03', '2015-05-12 00:58:03', '2015-05-12 00:58:03', '76d6edab-24c5-4d21-939c-b549afe1a708');
INSERT INTO `assetfiles` (`id`, `sourceId`, `folderId`, `filename`, `kind`, `width`, `height`, `size`, `dateModified`, `dateCreated`, `dateUpdated`, `uid`) VALUES ('57', '8', '8', '960x500@2x.gif', 'image', '1920', '1000', '71699', '2015-05-12 04:06:07', '2015-05-12 04:06:08', '2015-05-12 04:06:08', 'c44b68b0-94bb-4c3f-9acd-a0dd6f015c92');
INSERT INTO `assetfiles` (`id`, `sourceId`, `folderId`, `filename`, `kind`, `width`, `height`, `size`, `dateModified`, `dateCreated`, `dateUpdated`, `uid`) VALUES ('58', '4', '4', '960x500.gif', 'image', '960', '500', '21958', '2015-05-13 01:52:35', '2015-05-13 01:52:35', '2015-05-13 01:52:35', '9142a121-731f-4a1f-990a-4b0904259ec2');
INSERT INTO `assetfiles` (`id`, `sourceId`, `folderId`, `filename`, `kind`, `width`, `height`, `size`, `dateModified`, `dateCreated`, `dateUpdated`, `uid`) VALUES ('59', '4', '4', '640x480.gif', 'image', '640', '480', '15447', '2015-05-13 01:52:47', '2015-05-13 01:52:47', '2015-05-13 01:52:47', 'be9fd916-0ee3-43af-a84f-e5a4c85e7299');
INSERT INTO `assetfiles` (`id`, `sourceId`, `folderId`, `filename`, `kind`, `width`, `height`, `size`, `dateModified`, `dateCreated`, `dateUpdated`, `uid`) VALUES ('62', '9', '9', '1024x600.gif', 'image', '1024', '600', '27812', '2015-05-14 03:03:55', '2015-05-14 03:03:56', '2015-05-14 03:03:56', '39b1e8a1-ca2a-431f-907d-487ec4a1bf8c');
INSERT INTO `assetfiles` (`id`, `sourceId`, `folderId`, `filename`, `kind`, `width`, `height`, `size`, `dateModified`, `dateCreated`, `dateUpdated`, `uid`) VALUES ('63', '10', '10', '768x1024.gif', 'image', '768', '1024', '33282', '2015-05-14 03:04:04', '2015-05-14 03:04:04', '2015-05-14 03:04:04', '69f7c566-feae-4bd1-b0aa-d0e6db2c1995');
INSERT INTO `assetfiles` (`id`, `sourceId`, `folderId`, `filename`, `kind`, `width`, `height`, `size`, `dateModified`, `dateCreated`, `dateUpdated`, `uid`) VALUES ('64', '11', '11', '414x736.gif', 'image', '414', '736', '15338', '2015-05-14 03:04:12', '2015-05-14 03:04:12', '2015-05-14 03:04:12', 'a1a89819-6e80-4bf5-8548-d59af75521e8');
INSERT INTO `assetfiles` (`id`, `sourceId`, `folderId`, `filename`, `kind`, `width`, `height`, `size`, `dateModified`, `dateCreated`, `dateUpdated`, `uid`) VALUES ('66', '10', '10', 'liveperson_jp.jpg', 'image', '768', '1024', '245833', '2015-05-14 04:39:07', '2015-05-14 04:39:08', '2015-05-14 04:39:08', 'b09f2a51-0cac-4491-a95d-8413eaf231fa');
INSERT INTO `assetfiles` (`id`, `sourceId`, `folderId`, `filename`, `kind`, `width`, `height`, `size`, `dateModified`, `dateCreated`, `dateUpdated`, `uid`) VALUES ('67', '9', '9', 'liveperson-desktop-screen.jpg', 'image', '1200', '705', '202707', '2015-05-14 05:12:06', '2015-05-14 05:12:06', '2015-05-14 05:12:06', 'cea9c3a4-d1a1-4da7-8b0b-9b67a3a3279f');
INSERT INTO `assetfiles` (`id`, `sourceId`, `folderId`, `filename`, `kind`, `width`, `height`, `size`, `dateModified`, `dateCreated`, `dateUpdated`, `uid`) VALUES ('69', '5', '5', 'cbt_branding.jpg', 'image', '2048', '1397', '215999', '2015-05-15 06:14:29', '2015-05-15 06:14:30', '2015-05-15 06:14:30', 'ff993959-a7e0-4c18-9a2f-acf992928251');
INSERT INTO `assetfiles` (`id`, `sourceId`, `folderId`, `filename`, `kind`, `width`, `height`, `size`, `dateModified`, `dateCreated`, `dateUpdated`, `uid`) VALUES ('70', '5', '5', 'hsinlei-branding.jpg', 'image', '2000', '1276', '145000', '2015-05-15 06:24:35', '2015-05-15 06:24:36', '2015-05-15 06:24:36', '404c1d28-952f-4d6f-8f23-4e226d9286c5');
INSERT INTO `assetfiles` (`id`, `sourceId`, `folderId`, `filename`, `kind`, `width`, `height`, `size`, `dateModified`, `dateCreated`, `dateUpdated`, `uid`) VALUES ('71', '5', '5', 'falcon_branding.jpg', 'image', '2000', '1332', '423193', '2015-05-15 06:31:33', '2015-05-15 06:31:34', '2015-05-15 06:31:34', 'f80ca153-3c9a-44ac-8354-96cf7511e43a');
INSERT INTO `assetfiles` (`id`, `sourceId`, `folderId`, `filename`, `kind`, `width`, `height`, `size`, `dateModified`, `dateCreated`, `dateUpdated`, `uid`) VALUES ('72', '5', '5', 'dresssmart_branding.jpg', 'image', '2000', '1240', '198127', '2015-05-15 06:40:22', '2015-05-15 06:35:58', '2015-05-15 06:40:24', '21cbfdd6-ad04-4c1a-9246-f4c6b5fa1c2c');
INSERT INTO `assetfiles` (`id`, `sourceId`, `folderId`, `filename`, `kind`, `width`, `height`, `size`, `dateModified`, `dateCreated`, `dateUpdated`, `uid`) VALUES ('76', '5', '5', 'kanjy_branding.jpg', 'image', '2000', '1440', '426808', '2015-05-15 06:50:38', '2015-05-15 06:45:26', '2015-05-15 06:50:40', 'e739ca77-d59c-402f-82e2-2d38b217f9b1');
INSERT INTO `assetfiles` (`id`, `sourceId`, `folderId`, `filename`, `kind`, `width`, `height`, `size`, `dateModified`, `dateCreated`, `dateUpdated`, `uid`) VALUES ('78', '5', '5', 'ideation_branding.jpg', 'image', '2000', '1500', '171594', '2015-05-15 07:06:10', '2015-05-15 06:57:06', '2015-05-15 07:06:12', '46f5e8f9-6e1f-4ef1-b42e-ca23ee91bb5a');
INSERT INTO `assetfiles` (`id`, `sourceId`, `folderId`, `filename`, `kind`, `width`, `height`, `size`, `dateModified`, `dateCreated`, `dateUpdated`, `uid`) VALUES ('80', '5', '5', 'fengshui_branding.jpg', 'image', '2000', '1200', '213335', '2015-05-15 07:17:37', '2015-05-15 07:16:02', '2015-05-15 07:17:40', 'ebf8c6f7-5876-4db1-a304-e32fbe48372a');
INSERT INTO `assetfiles` (`id`, `sourceId`, `folderId`, `filename`, `kind`, `width`, `height`, `size`, `dateModified`, `dateCreated`, `dateUpdated`, `uid`) VALUES ('82', '5', '5', 'verbalizeIt_branding.jpg', 'image', '2000', '1100', '212873', '2015-05-15 07:31:13', '2015-05-15 07:31:13', '2015-05-15 07:31:13', '872b6842-228b-4782-bde7-73f254d39f0a');
INSERT INTO `assetfiles` (`id`, `sourceId`, `folderId`, `filename`, `kind`, `width`, `height`, `size`, `dateModified`, `dateCreated`, `dateUpdated`, `uid`) VALUES ('84', '12', '12', 'fengshui-ipad-boysroom.mp4', 'video', NULL, NULL, '609361', '2015-05-17 19:16:05', '2015-05-17 19:16:05', '2015-05-17 19:16:05', 'fbf9bb47-2e2b-4d08-bde5-593eabf023e6');
INSERT INTO `assetfiles` (`id`, `sourceId`, `folderId`, `filename`, `kind`, `width`, `height`, `size`, `dateModified`, `dateCreated`, `dateUpdated`, `uid`) VALUES ('85', '12', '12', 'fengshui-top-view.mp4', 'video', NULL, NULL, '378737', '2015-05-17 23:01:16', '2015-05-17 23:01:16', '2015-05-17 23:01:16', '1fe7a184-6eb6-4258-8e46-245c7c71ecfb');
INSERT INTO `assetfiles` (`id`, `sourceId`, `folderId`, `filename`, `kind`, `width`, `height`, `size`, `dateModified`, `dateCreated`, `dateUpdated`, `uid`) VALUES ('86', '12', '12', 'fengshui-goldfish.mp4', 'video', NULL, NULL, '382505', '2015-05-17 23:29:06', '2015-05-17 23:29:07', '2015-05-17 23:29:07', '7931844d-4a6c-4c2a-aaae-9f0689aeb3a5');



DROP TABLE IF EXISTS `assetfolders`;


--
-- Schema for table `assetfolders`
--
CREATE TABLE `assetfolders` (
  `id` int(11) NOT NULL AUTO_INCREMENT,
  `parentId` int(11) DEFAULT NULL,
  `sourceId` int(11) DEFAULT NULL,
  `name` varchar(255) COLLATE utf8_unicode_ci NOT NULL,
  `path` varchar(255) COLLATE utf8_unicode_ci DEFAULT NULL,
  `dateCreated` datetime NOT NULL,
  `dateUpdated` datetime NOT NULL,
  `uid` char(36) COLLATE utf8_unicode_ci NOT NULL DEFAULT '0',
  PRIMARY KEY (`id`),
  UNIQUE KEY `assetfolders_name_parentId_sourceId_unq_idx` (`name`,`parentId`,`sourceId`),
  KEY `assetfolders_parentId_fk` (`parentId`),
  KEY `assetfolders_sourceId_fk` (`sourceId`)
) ENGINE=InnoDB AUTO_INCREMENT=13 DEFAULT CHARSET=utf8 COLLATE=utf8_unicode_ci;

--
-- Data for table `assetfolders`
--

INSERT INTO `assetfolders` (`id`, `parentId`, `sourceId`, `name`, `path`, `dateCreated`, `dateUpdated`, `uid`) VALUES ('1', NULL, '1', 'OG Images', '', '2015-04-30 03:46:19', '2015-05-06 02:08:55', '42fecc0f-b48b-432f-a115-0bf9146b4e0c');
INSERT INTO `assetfolders` (`id`, `parentId`, `sourceId`, `name`, `path`, `dateCreated`, `dateUpdated`, `uid`) VALUES ('2', NULL, '2', 'Feature Images', '', '2015-05-06 02:08:51', '2015-05-06 02:08:51', '98f07867-ca1f-4d77-b5de-7b1c8304425a');
INSERT INTO `assetfolders` (`id`, `parentId`, `sourceId`, `name`, `path`, `dateCreated`, `dateUpdated`, `uid`) VALUES ('3', NULL, '3', 'Layered Images', '', '2015-05-06 02:17:14', '2015-05-06 02:17:14', 'ff7dd960-6476-4dad-b5c2-6094cf4c58f0');
INSERT INTO `assetfolders` (`id`, `parentId`, `sourceId`, `name`, `path`, `dateCreated`, `dateUpdated`, `uid`) VALUES ('4', NULL, '4', 'Comparison Images', '', '2015-05-06 02:17:35', '2015-05-06 02:17:35', '883533e1-fab9-4339-b92e-eaf4bd3355df');
INSERT INTO `assetfolders` (`id`, `parentId`, `sourceId`, `name`, `path`, `dateCreated`, `dateUpdated`, `uid`) VALUES ('5', NULL, '5', 'Promotional Images', '', '2015-05-06 02:20:14', '2015-05-06 02:20:14', '57568c15-6180-438e-996c-12b31381baef');
INSERT INTO `assetfolders` (`id`, `parentId`, `sourceId`, `name`, `path`, `dateCreated`, `dateUpdated`, `uid`) VALUES ('6', NULL, '6', 'Preview Images', '', '2015-05-06 02:20:32', '2015-05-06 02:20:32', 'c1454a91-b268-4772-a826-4899e25e82c8');
INSERT INTO `assetfolders` (`id`, `parentId`, `sourceId`, `name`, `path`, `dateCreated`, `dateUpdated`, `uid`) VALUES ('7', NULL, '7', 'Navigation Images', '', '2015-05-06 02:20:47', '2015-05-06 02:20:47', '378f79fc-64e4-4dda-af21-36d840866c1f');
INSERT INTO `assetfolders` (`id`, `parentId`, `sourceId`, `name`, `path`, `dateCreated`, `dateUpdated`, `uid`) VALUES ('8', NULL, '8', 'Flow Images', '', '2015-05-12 00:56:07', '2015-05-12 00:56:07', '768072b6-a1b5-446a-824e-a304bfac5a88');
INSERT INTO `assetfolders` (`id`, `parentId`, `sourceId`, `name`, `path`, `dateCreated`, `dateUpdated`, `uid`) VALUES ('9', NULL, '9', 'Desktop Screens', '', '2015-05-14 02:33:24', '2015-05-14 02:42:35', '60a25c6b-4b54-430b-81e4-e921a7240c17');
INSERT INTO `assetfolders` (`id`, `parentId`, `sourceId`, `name`, `path`, `dateCreated`, `dateUpdated`, `uid`) VALUES ('10', NULL, '10', 'Tablet Screens', '', '2015-05-14 02:42:23', '2015-05-14 02:42:23', '050be3e4-f004-4cdc-8d37-4713da525e36');
INSERT INTO `assetfolders` (`id`, `parentId`, `sourceId`, `name`, `path`, `dateCreated`, `dateUpdated`, `uid`) VALUES ('11', NULL, '11', 'Mobile Screens', '', '2015-05-14 02:43:10', '2015-05-14 02:43:10', 'd4d32e38-9720-4d75-b2b5-af4829cd841e');
INSERT INTO `assetfolders` (`id`, `parentId`, `sourceId`, `name`, `path`, `dateCreated`, `dateUpdated`, `uid`) VALUES ('12', NULL, '12', 'Feature Videos', '', '2015-05-17 19:13:58', '2015-05-17 19:13:58', 'adf279b8-5131-4429-bd99-e20cb9a034c6');



DROP TABLE IF EXISTS `assetindexdata`;


--
-- Schema for table `assetindexdata`
--
CREATE TABLE `assetindexdata` (
  `id` int(11) NOT NULL AUTO_INCREMENT,
  `sessionId` varchar(36) COLLATE utf8_unicode_ci NOT NULL DEFAULT '',
  `sourceId` int(10) NOT NULL,
  `offset` int(10) NOT NULL,
  `uri` varchar(255) COLLATE utf8_unicode_ci DEFAULT NULL,
  `size` int(10) DEFAULT NULL,
  `recordId` int(10) DEFAULT NULL,
  `dateCreated` datetime NOT NULL,
  `dateUpdated` datetime NOT NULL,
  `uid` char(36) COLLATE utf8_unicode_ci NOT NULL DEFAULT '0',
  PRIMARY KEY (`id`),
  UNIQUE KEY `assetindexdata_sessionId_sourceId_offset_unq_idx` (`sessionId`,`sourceId`,`offset`),
  KEY `assetindexdata_sourceId_fk` (`sourceId`)
) ENGINE=InnoDB DEFAULT CHARSET=utf8 COLLATE=utf8_unicode_ci;

DROP TABLE IF EXISTS `assetsources`;


--
-- Schema for table `assetsources`
--
CREATE TABLE `assetsources` (
  `id` int(11) NOT NULL AUTO_INCREMENT,
  `name` varchar(255) COLLATE utf8_unicode_ci NOT NULL,
  `handle` varchar(255) COLLATE utf8_unicode_ci NOT NULL,
  `type` varchar(150) COLLATE utf8_unicode_ci NOT NULL,
  `settings` text COLLATE utf8_unicode_ci,
  `sortOrder` tinyint(4) DEFAULT NULL,
  `fieldLayoutId` int(10) DEFAULT NULL,
  `dateCreated` datetime NOT NULL,
  `dateUpdated` datetime NOT NULL,
  `uid` char(36) COLLATE utf8_unicode_ci NOT NULL DEFAULT '0',
  PRIMARY KEY (`id`),
  UNIQUE KEY `assetsources_name_unq_idx` (`name`),
  UNIQUE KEY `assetsources_handle_unq_idx` (`handle`),
  KEY `assetsources_fieldLayoutId_fk` (`fieldLayoutId`)
) ENGINE=InnoDB AUTO_INCREMENT=13 DEFAULT CHARSET=utf8 COLLATE=utf8_unicode_ci;

--
-- Data for table `assetsources`
--

INSERT INTO `assetsources` (`id`, `name`, `handle`, `type`, `settings`, `sortOrder`, `fieldLayoutId`, `dateCreated`, `dateUpdated`, `uid`) VALUES ('1', 'OG Images', 'ogImages', 'Local', '{\"path\":\"assets\\/images\\/upload\\/og\\/\",\"url\":\"\\/assets\\/images\\/upload\\/og\\/\"}', '1', '115', '2015-04-30 03:46:19', '2015-05-13 01:54:27', '64188507-b6f6-4306-86cf-0dc699511c55');
INSERT INTO `assetsources` (`id`, `name`, `handle`, `type`, `settings`, `sortOrder`, `fieldLayoutId`, `dateCreated`, `dateUpdated`, `uid`) VALUES ('2', 'Feature Images', 'featureImages', 'Local', '{\"path\":\"assets\\/images\\/upload\\/feature\\/\",\"url\":\"\\/assets\\/images\\/upload\\/feature\\/\"}', '2', '114', '2015-05-06 02:08:50', '2015-05-13 01:54:24', '6bde4a52-ea0b-4c94-b922-3d0f302b9157');
INSERT INTO `assetsources` (`id`, `name`, `handle`, `type`, `settings`, `sortOrder`, `fieldLayoutId`, `dateCreated`, `dateUpdated`, `uid`) VALUES ('3', 'Layered Images', 'layeredImages', 'Local', '{\"path\":\"assets\\/images\\/upload\\/layered\\/\",\"url\":\"\\/assets\\/images\\/upload\\/layered\\/\"}', '3', '113', '2015-05-06 02:17:14', '2015-05-13 01:54:21', 'fdce6f98-9725-437e-a48a-660f7428523f');
INSERT INTO `assetsources` (`id`, `name`, `handle`, `type`, `settings`, `sortOrder`, `fieldLayoutId`, `dateCreated`, `dateUpdated`, `uid`) VALUES ('4', 'Comparison Images', 'comparisonImages', 'Local', '{\"path\":\"assets\\/images\\/upload\\/comparison\\/\",\"url\":\"\\/assets\\/images\\/upload\\/comparison\\/\"}', '4', '112', '2015-05-06 02:17:35', '2015-05-13 01:54:17', '17333af5-3eca-45a8-b59f-844703d7f2b1');
INSERT INTO `assetsources` (`id`, `name`, `handle`, `type`, `settings`, `sortOrder`, `fieldLayoutId`, `dateCreated`, `dateUpdated`, `uid`) VALUES ('5', 'Promotional Images', 'promotionalImages', 'Local', '{\"path\":\"assets\\/images\\/upload\\/promotional\\/\",\"url\":\"\\/assets\\/images\\/upload\\/promotional\\/\"}', '5', '111', '2015-05-06 02:20:14', '2015-05-13 01:54:15', '222d6bb5-dc0c-497f-bd99-8dc151328c47');
INSERT INTO `assetsources` (`id`, `name`, `handle`, `type`, `settings`, `sortOrder`, `fieldLayoutId`, `dateCreated`, `dateUpdated`, `uid`) VALUES ('6', 'Preview Images', 'previewImages', 'Local', '{\"path\":\"assets\\/images\\/upload\\/preview\\/\",\"url\":\"\\/assets\\/images\\/upload\\/preview\\/\"}', '6', '110', '2015-05-06 02:20:32', '2015-05-13 01:54:12', '61ec8133-45d1-433c-9d6b-6da8864bb2fe');
INSERT INTO `assetsources` (`id`, `name`, `handle`, `type`, `settings`, `sortOrder`, `fieldLayoutId`, `dateCreated`, `dateUpdated`, `uid`) VALUES ('7', 'Navigation Images', 'navigationImages', 'Local', '{\"path\":\"assets\\/images\\/upload\\/navigation\\/\",\"url\":\"\\/assets\\/images\\/upload\\/navigation\\/\"}', '7', '108', '2015-05-06 02:20:47', '2015-05-13 01:54:06', '1402db5a-dea3-4bb0-9a3c-a6d95343433d');
INSERT INTO `assetsources` (`id`, `name`, `handle`, `type`, `settings`, `sortOrder`, `fieldLayoutId`, `dateCreated`, `dateUpdated`, `uid`) VALUES ('8', 'Flow Images', 'flowImages', 'Local', '{\"path\":\"assets\\/images\\/upload\\/flow\\/\",\"url\":\"\\/assets\\/images\\/upload\\/flow\\/\"}', '8', '109', '2015-05-12 00:56:07', '2015-05-13 01:54:09', '68da430d-cb91-486c-a931-1569a6a723e1');
INSERT INTO `assetsources` (`id`, `name`, `handle`, `type`, `settings`, `sortOrder`, `fieldLayoutId`, `dateCreated`, `dateUpdated`, `uid`) VALUES ('9', 'Desktop Screens', 'desktopScreens', 'Local', '{\"path\":\"assets\\/images\\/upload\\/responsive\\/desktop\\/\",\"url\":\"\\/assets\\/images\\/upload\\/responsive\\/desktop\\/\"}', '9', '130', '2015-05-14 02:33:24', '2015-05-14 02:42:35', 'd35242e4-fdab-4b2c-b3d9-a4df20686629');
INSERT INTO `assetsources` (`id`, `name`, `handle`, `type`, `settings`, `sortOrder`, `fieldLayoutId`, `dateCreated`, `dateUpdated`, `uid`) VALUES ('10', 'Tablet Screens', 'tabletScreens', 'Local', '{\"path\":\"assets\\/images\\/upload\\/responsive\\/tablet\\/\",\"url\":\"\\/assets\\/images\\/upload\\/responsive\\/tablet\\/\"}', '10', '131', '2015-05-14 02:42:23', '2015-05-14 02:42:49', 'd395e904-eb98-4b88-a1d0-aa2f557ea3a6');
INSERT INTO `assetsources` (`id`, `name`, `handle`, `type`, `settings`, `sortOrder`, `fieldLayoutId`, `dateCreated`, `dateUpdated`, `uid`) VALUES ('11', 'Mobile Screens', 'mobileScreens', 'Local', '{\"path\":\"assets\\/images\\/upload\\/responsive\\/mobile\\/\",\"url\":\"\\/assets\\/images\\/upload\\/responsive\\/mobile\\/\"}', '11', '132', '2015-05-14 02:43:10', '2015-05-14 02:43:10', '671f54f3-00f2-4f48-ade2-e1c118063acb');
INSERT INTO `assetsources` (`id`, `name`, `handle`, `type`, `settings`, `sortOrder`, `fieldLayoutId`, `dateCreated`, `dateUpdated`, `uid`) VALUES ('12', 'Feature Videos', 'featureVideos', 'Local', '{\"path\":\"assets\\/videos\\/upload\\/features\\/\",\"url\":\"\\/assets\\/videos\\/upload\\/features\\/\"}', '12', '159', '2015-05-17 19:13:58', '2015-05-17 20:21:45', 'a53c91a6-170a-43a7-a7bf-ed294eaa8c6b');



DROP TABLE IF EXISTS `assettransformindex`;


--
-- Schema for table `assettransformindex`
--
CREATE TABLE `assettransformindex` (
  `id` int(11) NOT NULL AUTO_INCREMENT,
  `fileId` int(11) NOT NULL,
  `filename` varchar(255) COLLATE utf8_unicode_ci DEFAULT NULL,
  `format` varchar(255) COLLATE utf8_unicode_ci DEFAULT NULL,
  `location` varchar(255) COLLATE utf8_unicode_ci NOT NULL,
  `sourceId` int(11) DEFAULT NULL,
  `fileExists` tinyint(1) DEFAULT NULL,
  `inProgress` tinyint(1) DEFAULT NULL,
  `dateIndexed` datetime DEFAULT NULL,
  `dateCreated` datetime NOT NULL,
  `dateUpdated` datetime NOT NULL,
  `uid` char(36) COLLATE utf8_unicode_ci NOT NULL DEFAULT '0',
  PRIMARY KEY (`id`),
  KEY `assettransformindex_sourceId_fileId_location_idx` (`sourceId`,`fileId`,`location`)
) ENGINE=InnoDB AUTO_INCREMENT=2 DEFAULT CHARSET=utf8 COLLATE=utf8_unicode_ci;

DROP TABLE IF EXISTS `assettransforms`;


--
-- Schema for table `assettransforms`
--
CREATE TABLE `assettransforms` (
  `id` int(11) NOT NULL AUTO_INCREMENT,
  `name` varchar(255) COLLATE utf8_unicode_ci NOT NULL,
  `handle` varchar(255) COLLATE utf8_unicode_ci NOT NULL,
  `mode` enum('stretch','fit','crop') COLLATE utf8_unicode_ci NOT NULL DEFAULT 'crop',
  `position` enum('top-left','top-center','top-right','center-left','center-center','center-right','bottom-left','bottom-center','bottom-right') COLLATE utf8_unicode_ci NOT NULL DEFAULT 'center-center',
  `height` int(10) DEFAULT NULL,
  `width` int(10) DEFAULT NULL,
  `format` varchar(255) COLLATE utf8_unicode_ci DEFAULT NULL,
  `quality` int(10) DEFAULT NULL,
  `dimensionChangeTime` datetime DEFAULT NULL,
  `dateCreated` datetime NOT NULL,
  `dateUpdated` datetime NOT NULL,
  `uid` char(36) COLLATE utf8_unicode_ci NOT NULL DEFAULT '0',
  PRIMARY KEY (`id`),
  UNIQUE KEY `assettransforms_name_unq_idx` (`name`),
  UNIQUE KEY `assettransforms_handle_unq_idx` (`handle`)
) ENGINE=InnoDB AUTO_INCREMENT=2 DEFAULT CHARSET=utf8 COLLATE=utf8_unicode_ci;

--
-- Data for table `assettransforms`
--

INSERT INTO `assettransforms` (`id`, `name`, `handle`, `mode`, `position`, `height`, `width`, `format`, `quality`, `dimensionChangeTime`, `dateCreated`, `dateUpdated`, `uid`) VALUES ('1', 'OG Image', 'ogImage', 'crop', 'center-center', '315', '600', 'jpg', '100', '2015-04-30 03:54:27', '2015-04-30 03:54:27', '2015-04-30 03:54:27', 'be219afc-b22e-4c9b-b0d2-6d6dc74b5e27');



DROP TABLE IF EXISTS `categories`;


--
-- Schema for table `categories`
--
CREATE TABLE `categories` (
  `id` int(11) NOT NULL,
  `groupId` int(11) NOT NULL,
  `dateCreated` datetime NOT NULL,
  `dateUpdated` datetime NOT NULL,
  `uid` char(36) COLLATE utf8_unicode_ci NOT NULL DEFAULT '0',
  PRIMARY KEY (`id`),
  KEY `categories_groupId_fk` (`groupId`)
) ENGINE=InnoDB DEFAULT CHARSET=utf8 COLLATE=utf8_unicode_ci;

--
-- Data for table `categories`
--

INSERT INTO `categories` (`id`, `groupId`, `dateCreated`, `dateUpdated`, `uid`) VALUES ('7', '1', '2015-04-29 14:57:45', '2015-04-29 16:51:06', 'f0a980c3-04db-4727-9511-1e9a5213e5a0');
INSERT INTO `categories` (`id`, `groupId`, `dateCreated`, `dateUpdated`, `uid`) VALUES ('8', '1', '2015-04-29 14:57:50', '2015-04-29 16:51:19', '3af436ac-4bb6-47b4-abdb-b9451f07f558');



DROP TABLE IF EXISTS `categorygroups`;


--
-- Schema for table `categorygroups`
--
CREATE TABLE `categorygroups` (
  `id` int(11) NOT NULL AUTO_INCREMENT,
  `structureId` int(11) NOT NULL,
  `fieldLayoutId` int(11) DEFAULT NULL,
  `name` varchar(255) COLLATE utf8_unicode_ci NOT NULL,
  `handle` varchar(255) COLLATE utf8_unicode_ci NOT NULL,
  `hasUrls` tinyint(1) unsigned NOT NULL DEFAULT '1',
  `template` varchar(500) COLLATE utf8_unicode_ci DEFAULT NULL,
  `dateCreated` datetime NOT NULL,
  `dateUpdated` datetime NOT NULL,
  `uid` char(36) COLLATE utf8_unicode_ci NOT NULL DEFAULT '0',
  PRIMARY KEY (`id`),
  UNIQUE KEY `categorygroups_name_unq_idx` (`name`),
  UNIQUE KEY `categorygroups_handle_unq_idx` (`handle`),
  KEY `categorygroups_structureId_fk` (`structureId`),
  KEY `categorygroups_fieldLayoutId_fk` (`fieldLayoutId`)
) ENGINE=InnoDB AUTO_INCREMENT=2 DEFAULT CHARSET=utf8 COLLATE=utf8_unicode_ci;

--
-- Data for table `categorygroups`
--

INSERT INTO `categorygroups` (`id`, `structureId`, `fieldLayoutId`, `name`, `handle`, `hasUrls`, `template`, `dateCreated`, `dateUpdated`, `uid`) VALUES ('1', '4', '79', 'Portfolio', 'portfolio', '0', NULL, '2015-04-29 14:57:32', '2015-05-10 18:33:46', '2fa6c238-feaf-464f-8355-83635692d546');



DROP TABLE IF EXISTS `categorygroups_i18n`;


--
-- Schema for table `categorygroups_i18n`
--
CREATE TABLE `categorygroups_i18n` (
  `id` int(11) NOT NULL AUTO_INCREMENT,
  `groupId` int(11) NOT NULL,
  `locale` char(12) COLLATE utf8_unicode_ci NOT NULL,
  `urlFormat` varchar(255) COLLATE utf8_unicode_ci DEFAULT NULL,
  `nestedUrlFormat` varchar(255) COLLATE utf8_unicode_ci DEFAULT NULL,
  `dateCreated` datetime NOT NULL,
  `dateUpdated` datetime NOT NULL,
  `uid` char(36) COLLATE utf8_unicode_ci NOT NULL DEFAULT '0',
  PRIMARY KEY (`id`),
  UNIQUE KEY `categorygroups_i18n_groupId_locale_unq_idx` (`groupId`,`locale`),
  KEY `categorygroups_i18n_locale_fk` (`locale`)
) ENGINE=InnoDB AUTO_INCREMENT=2 DEFAULT CHARSET=utf8 COLLATE=utf8_unicode_ci;

--
-- Data for table `categorygroups_i18n`
--

INSERT INTO `categorygroups_i18n` (`id`, `groupId`, `locale`, `urlFormat`, `nestedUrlFormat`, `dateCreated`, `dateUpdated`, `uid`) VALUES ('1', '1', 'en_us', NULL, NULL, '2015-04-29 14:57:32', '2015-05-10 18:14:28', '303e9c44-9dfe-4f05-bbd7-9e9cfabec535');



DROP TABLE IF EXISTS `content`;


--
-- Schema for table `content`
--
CREATE TABLE `content` (
  `id` int(11) NOT NULL AUTO_INCREMENT,
  `elementId` int(11) NOT NULL,
  `locale` char(12) COLLATE utf8_unicode_ci NOT NULL,
  `title` varchar(255) COLLATE utf8_unicode_ci DEFAULT NULL,
  `field_body` text COLLATE utf8_unicode_ci,
  `field_shortDescription` varchar(200) COLLATE utf8_unicode_ci DEFAULT NULL,
  `field_year` smallint(4) unsigned DEFAULT '0',
  `field_tools` varchar(255) COLLATE utf8_unicode_ci DEFAULT NULL,
  `field_client` text COLLATE utf8_unicode_ci,
  `field_clientUrl` text COLLATE utf8_unicode_ci,
  `field_responsibilities` text COLLATE utf8_unicode_ci,
  `field_heading` varchar(100) COLLATE utf8_unicode_ci DEFAULT NULL,
  `field_introduction` text COLLATE utf8_unicode_ci,
  `field_ogTitle` text COLLATE utf8_unicode_ci,
  `field_ogDescription` text COLLATE utf8_unicode_ci,
  `field_briefHeading` varchar(30) COLLATE utf8_unicode_ci DEFAULT NULL,
  `field_briefBody` text COLLATE utf8_unicode_ci,
  `field_learnedHeading` varchar(30) COLLATE utf8_unicode_ci DEFAULT NULL,
  `field_learnedBody` text COLLATE utf8_unicode_ci,
  `field_analysisHeading` varchar(30) COLLATE utf8_unicode_ci DEFAULT NULL,
  `field_analysisBody` text COLLATE utf8_unicode_ci,
  `field_dictionary` text COLLATE utf8_unicode_ci,
  `field_social` text COLLATE utf8_unicode_ci,
  `field_quotation` text COLLATE utf8_unicode_ci,
  `field_genre` varchar(255) COLLATE utf8_unicode_ci DEFAULT NULL,
  `field_projectUrl` text COLLATE utf8_unicode_ci,
  `field_color` varchar(255) COLLATE utf8_unicode_ci DEFAULT 'blue',
  `field_loop` tinyint(1) unsigned NOT NULL DEFAULT '0',
  `field_videoWidth` int(10) unsigned DEFAULT '0',
  `field_videoHeight` int(10) unsigned DEFAULT '0',
  `dateCreated` datetime NOT NULL,
  `dateUpdated` datetime NOT NULL,
  `uid` char(36) COLLATE utf8_unicode_ci NOT NULL DEFAULT '0',
  PRIMARY KEY (`id`),
  UNIQUE KEY `content_elementId_locale_unq_idx` (`elementId`,`locale`),
  KEY `content_title_idx` (`title`),
  KEY `content_locale_fk` (`locale`)
) ENGINE=InnoDB AUTO_INCREMENT=65 DEFAULT CHARSET=utf8 COLLATE=utf8_unicode_ci;

--
-- Data for table `content`
--

INSERT INTO `content` (`id`, `elementId`, `locale`, `title`, `field_body`, `field_shortDescription`, `field_year`, `field_tools`, `field_client`, `field_clientUrl`, `field_responsibilities`, `field_heading`, `field_introduction`, `field_ogTitle`, `field_ogDescription`, `field_briefHeading`, `field_briefBody`, `field_learnedHeading`, `field_learnedBody`, `field_analysisHeading`, `field_analysisBody`, `field_dictionary`, `field_social`, `field_quotation`, `field_genre`, `field_projectUrl`, `field_color`, `field_loop`, `field_videoWidth`, `field_videoHeight`, `dateCreated`, `dateUpdated`, `uid`) VALUES ('1', '1', 'en_us', NULL, NULL, NULL, '0', NULL, NULL, NULL, NULL, NULL, NULL, NULL, NULL, NULL, NULL, NULL, NULL, NULL, NULL, NULL, NULL, NULL, NULL, NULL, NULL, '0', '0', '0', '2015-04-26 20:07:23', '2015-04-26 20:07:23', '380c0995-0e0f-4b6c-a355-137228a7b33b');
INSERT INTO `content` (`id`, `elementId`, `locale`, `title`, `field_body`, `field_shortDescription`, `field_year`, `field_tools`, `field_client`, `field_clientUrl`, `field_responsibilities`, `field_heading`, `field_introduction`, `field_ogTitle`, `field_ogDescription`, `field_briefHeading`, `field_briefBody`, `field_learnedHeading`, `field_learnedBody`, `field_analysisHeading`, `field_analysisBody`, `field_dictionary`, `field_social`, `field_quotation`, `field_genre`, `field_projectUrl`, `field_color`, `field_loop`, `field_videoWidth`, `field_videoHeight`, `dateCreated`, `dateUpdated`, `uid`) VALUES ('2', '2', 'en_us', 'Home', '<p>It’s true, this site doesn’t have a whole lot of content yet, but don’t worry. Our web developers have just installed the CMS, and they’re setting things up for the content editors this very moment. Soon Graceux.dev will be an oasis of fresh perspectives, sharp analyses, and astute opinions that will keep you coming back again and again.</p>', NULL, '0', NULL, NULL, NULL, NULL, NULL, NULL, NULL, NULL, NULL, NULL, NULL, NULL, NULL, NULL, NULL, NULL, NULL, NULL, NULL, NULL, '0', '0', '0', '2015-04-26 20:07:25', '2015-05-10 18:15:58', '51da843e-df63-4022-adf3-f01624610c89');
INSERT INTO `content` (`id`, `elementId`, `locale`, `title`, `field_body`, `field_shortDescription`, `field_year`, `field_tools`, `field_client`, `field_clientUrl`, `field_responsibilities`, `field_heading`, `field_introduction`, `field_ogTitle`, `field_ogDescription`, `field_briefHeading`, `field_briefBody`, `field_learnedHeading`, `field_learnedBody`, `field_analysisHeading`, `field_analysisBody`, `field_dictionary`, `field_social`, `field_quotation`, `field_genre`, `field_projectUrl`, `field_color`, `field_loop`, `field_videoWidth`, `field_videoHeight`, `dateCreated`, `dateUpdated`, `uid`) VALUES ('3', '3', 'en_us', 'We just installed Craft!', '<p>Craft is the CMS that’s powering Graceux.dev. It’s beautiful, powerful, flexible, and easy-to-use, and it’s made by Pixel &amp; Tonic. We can’t wait to dive in and see what it’s capable of!</p><!--pagebreak--><p>This is even more captivating content, which you couldn’t see on the News index page because it was entered after a Page Break, and the News index template only likes to show the content on the first page.</p><p>Craft: a nice alternative to Word, if you’re making a website.</p>', NULL, '0', NULL, NULL, NULL, NULL, NULL, NULL, NULL, NULL, NULL, NULL, NULL, NULL, NULL, NULL, NULL, NULL, NULL, NULL, NULL, NULL, '0', '0', '0', '2015-04-26 20:07:25', '2015-04-26 20:07:25', '8b817530-93ae-4c9c-8e6d-db2f4765cf2b');
INSERT INTO `content` (`id`, `elementId`, `locale`, `title`, `field_body`, `field_shortDescription`, `field_year`, `field_tools`, `field_client`, `field_clientUrl`, `field_responsibilities`, `field_heading`, `field_introduction`, `field_ogTitle`, `field_ogDescription`, `field_briefHeading`, `field_briefBody`, `field_learnedHeading`, `field_learnedBody`, `field_analysisHeading`, `field_analysisBody`, `field_dictionary`, `field_social`, `field_quotation`, `field_genre`, `field_projectUrl`, `field_color`, `field_loop`, `field_videoWidth`, `field_videoHeight`, `dateCreated`, `dateUpdated`, `uid`) VALUES ('4', '4', 'en_us', NULL, NULL, NULL, '0', NULL, NULL, NULL, NULL, NULL, NULL, NULL, NULL, NULL, NULL, NULL, NULL, NULL, NULL, NULL, NULL, NULL, NULL, NULL, NULL, '0', '0', '0', '2015-04-26 20:37:35', '2015-04-26 20:37:35', '9d3fea36-5d9c-4412-bae9-e6c789387588');
INSERT INTO `content` (`id`, `elementId`, `locale`, `title`, `field_body`, `field_shortDescription`, `field_year`, `field_tools`, `field_client`, `field_clientUrl`, `field_responsibilities`, `field_heading`, `field_introduction`, `field_ogTitle`, `field_ogDescription`, `field_briefHeading`, `field_briefBody`, `field_learnedHeading`, `field_learnedBody`, `field_analysisHeading`, `field_analysisBody`, `field_dictionary`, `field_social`, `field_quotation`, `field_genre`, `field_projectUrl`, `field_color`, `field_loop`, `field_videoWidth`, `field_videoHeight`, `dateCreated`, `dateUpdated`, `uid`) VALUES ('5', '5', 'en_us', 'About', NULL, NULL, '0', NULL, NULL, NULL, NULL, NULL, NULL, NULL, NULL, NULL, NULL, NULL, NULL, NULL, NULL, NULL, NULL, NULL, NULL, NULL, NULL, '0', '0', '0', '2015-04-29 01:58:37', '2015-04-29 01:58:37', '8f6b3c95-fa16-411b-9b38-0fe96778838d');
INSERT INTO `content` (`id`, `elementId`, `locale`, `title`, `field_body`, `field_shortDescription`, `field_year`, `field_tools`, `field_client`, `field_clientUrl`, `field_responsibilities`, `field_heading`, `field_introduction`, `field_ogTitle`, `field_ogDescription`, `field_briefHeading`, `field_briefBody`, `field_learnedHeading`, `field_learnedBody`, `field_analysisHeading`, `field_analysisBody`, `field_dictionary`, `field_social`, `field_quotation`, `field_genre`, `field_projectUrl`, `field_color`, `field_loop`, `field_videoWidth`, `field_videoHeight`, `dateCreated`, `dateUpdated`, `uid`) VALUES ('6', '6', 'en_us', 'Real-Time Fengshui', NULL, 'Fengshui, also known as Geomantic Omen, literally translated to ”wind and water” in Chinese. Fengshui has some primary disciplines in terms of aesthetics, psychology, and environmental science.', '2014', '[\"aftereffects\",\"flash\",\"photoshop\",\"blender\",\"css3\",\"html5\",\"javascript\",\"sketch\",\"webgl\"]', '', '', 'UX, 2D & 3D Visual Design, Development', NULL, NULL, '', '', 'Project Brief', '<p>This is a cool project.</p>', 'What I\'ve Learned', '<p>I\'ve learned a lot.</p>', 'Subject Research & Analysis', '<p>The related cultural symbols and patterns tend to be abused, and with a page full of incomprehensible theories, it appears to be pseudoscience. Ultimately, they all contribute to an obscure reading experience that one can feel difficult to learn from. With my project, Fengshui Real-time, I want to introduce this theory through storytelling and teach its principals through real-time problem solving, as well as give the user down-to-earth tips.</p>', NULL, NULL, NULL, 'Interactive Experience', 'http://fengshuirealtime.com/', 'blue', '0', '0', '0', '2015-04-29 04:17:46', '2015-05-17 23:29:44', 'd89d67f2-affa-448e-a570-c4c742205bb9');
INSERT INTO `content` (`id`, `elementId`, `locale`, `title`, `field_body`, `field_shortDescription`, `field_year`, `field_tools`, `field_client`, `field_clientUrl`, `field_responsibilities`, `field_heading`, `field_introduction`, `field_ogTitle`, `field_ogDescription`, `field_briefHeading`, `field_briefBody`, `field_learnedHeading`, `field_learnedBody`, `field_analysisHeading`, `field_analysisBody`, `field_dictionary`, `field_social`, `field_quotation`, `field_genre`, `field_projectUrl`, `field_color`, `field_loop`, `field_videoWidth`, `field_videoHeight`, `dateCreated`, `dateUpdated`, `uid`) VALUES ('7', '7', 'en_us', 'Projects', NULL, NULL, '0', '[]', NULL, NULL, NULL, 'This is the projects page.', '<p>Hello from projects page!</p>', NULL, NULL, NULL, NULL, NULL, NULL, NULL, NULL, NULL, NULL, NULL, NULL, NULL, NULL, '0', '0', '0', '2015-04-29 14:57:45', '2015-04-29 16:51:06', 'c44a86ba-2154-42d1-bcb7-668d30456bfb');
INSERT INTO `content` (`id`, `elementId`, `locale`, `title`, `field_body`, `field_shortDescription`, `field_year`, `field_tools`, `field_client`, `field_clientUrl`, `field_responsibilities`, `field_heading`, `field_introduction`, `field_ogTitle`, `field_ogDescription`, `field_briefHeading`, `field_briefBody`, `field_learnedHeading`, `field_learnedBody`, `field_analysisHeading`, `field_analysisBody`, `field_dictionary`, `field_social`, `field_quotation`, `field_genre`, `field_projectUrl`, `field_color`, `field_loop`, `field_videoWidth`, `field_videoHeight`, `dateCreated`, `dateUpdated`, `uid`) VALUES ('8', '8', 'en_us', 'Labs', NULL, NULL, '0', '[]', NULL, NULL, NULL, 'This is the labs page.', '<p>Hello from labs page!</p>', NULL, NULL, NULL, NULL, NULL, NULL, NULL, NULL, NULL, NULL, NULL, NULL, NULL, NULL, '0', '0', '0', '2015-04-29 14:57:50', '2015-04-29 16:51:19', '60c292c1-1ab2-4e52-85e3-91fdbcb6ed38');
INSERT INTO `content` (`id`, `elementId`, `locale`, `title`, `field_body`, `field_shortDescription`, `field_year`, `field_tools`, `field_client`, `field_clientUrl`, `field_responsibilities`, `field_heading`, `field_introduction`, `field_ogTitle`, `field_ogDescription`, `field_briefHeading`, `field_briefBody`, `field_learnedHeading`, `field_learnedBody`, `field_analysisHeading`, `field_analysisBody`, `field_dictionary`, `field_social`, `field_quotation`, `field_genre`, `field_projectUrl`, `field_color`, `field_loop`, `field_videoWidth`, `field_videoHeight`, `dateCreated`, `dateUpdated`, `uid`) VALUES ('9', '9', 'en_us', 'Sleep Well Concept', NULL, 'This is the project description.', '2014', '[\"photoshop\",\"justinmind\",\"sketch\"]', '', '', 'UX, Wireframe, Visual Design', NULL, NULL, '', '', 'Project Brief', '<p>This is a cool project.</p>', 'What I\'ve Learned', '<p>I\'ve learned a lot.</p>', '', '', NULL, NULL, NULL, 'Mobile Application Design', '', 'blue', '0', '0', '0', '2015-04-29 16:40:27', '2015-05-15 05:49:47', 'c7c64584-88be-499c-84bd-1598b3ba1a86');
INSERT INTO `content` (`id`, `elementId`, `locale`, `title`, `field_body`, `field_shortDescription`, `field_year`, `field_tools`, `field_client`, `field_clientUrl`, `field_responsibilities`, `field_heading`, `field_introduction`, `field_ogTitle`, `field_ogDescription`, `field_briefHeading`, `field_briefBody`, `field_learnedHeading`, `field_learnedBody`, `field_analysisHeading`, `field_analysisBody`, `field_dictionary`, `field_social`, `field_quotation`, `field_genre`, `field_projectUrl`, `field_color`, `field_loop`, `field_videoWidth`, `field_videoHeight`, `dateCreated`, `dateUpdated`, `uid`) VALUES ('10', '10', 'en_us', 'LivePerson Website', NULL, 'The official website design for LivePerson.', '2015', '[\"photoshop\"]', 'LivePerson', 'http://www.liveperson.com/', 'Visual Design', NULL, NULL, '', '', 'Project Brief', '<p>This is a cool website.</p>', 'What I\'ve Learned', '<p>I\'ve learned a lot.</p>', '', '', NULL, NULL, NULL, 'Web Design', '', 'yellow', '0', '0', '0', '2015-04-30 03:30:18', '2015-05-15 05:49:43', '45c76090-8594-4c2b-b08b-93adee7aed2e');
INSERT INTO `content` (`id`, `elementId`, `locale`, `title`, `field_body`, `field_shortDescription`, `field_year`, `field_tools`, `field_client`, `field_clientUrl`, `field_responsibilities`, `field_heading`, `field_introduction`, `field_ogTitle`, `field_ogDescription`, `field_briefHeading`, `field_briefBody`, `field_learnedHeading`, `field_learnedBody`, `field_analysisHeading`, `field_analysisBody`, `field_dictionary`, `field_social`, `field_quotation`, `field_genre`, `field_projectUrl`, `field_color`, `field_loop`, `field_videoWidth`, `field_videoHeight`, `dateCreated`, `dateUpdated`, `uid`) VALUES ('12', '12', 'en_us', 'Composer Hsin-Lei Chen Portfolio', NULL, 'The portfolio website of composer Hsin-Lei Chen.', '2015', '[\"flash\",\"css3\",\"html5\",\"javascript\",\"sketch\",\"webgl\"]', 'Hsin-Lei Chen', 'http://hsinlei.com', 'Visual Design', NULL, NULL, 'Composer Hsin-Lei Chen Portfolio', 'This is the OG description.', 'Project Brief', '<p>This is the project brief text.</p>', 'What I\'ve Learned', '<p>I have learned a lot of things.</p>', 'Project Analysis', '<p>This is the project analysis text.</p>', NULL, NULL, NULL, 'Web Application', '', 'blue', '0', '0', '0', '2015-05-06 02:06:58', '2015-05-15 06:24:40', '75ff3a9c-f4da-4a67-8051-e0efe173d286');
INSERT INTO `content` (`id`, `elementId`, `locale`, `title`, `field_body`, `field_shortDescription`, `field_year`, `field_tools`, `field_client`, `field_clientUrl`, `field_responsibilities`, `field_heading`, `field_introduction`, `field_ogTitle`, `field_ogDescription`, `field_briefHeading`, `field_briefBody`, `field_learnedHeading`, `field_learnedBody`, `field_analysisHeading`, `field_analysisBody`, `field_dictionary`, `field_social`, `field_quotation`, `field_genre`, `field_projectUrl`, `field_color`, `field_loop`, `field_videoWidth`, `field_videoHeight`, `dateCreated`, `dateUpdated`, `uid`) VALUES ('13', '14', 'en_us', '600x600', NULL, NULL, '0', '[]', NULL, NULL, NULL, NULL, NULL, NULL, NULL, NULL, NULL, NULL, NULL, NULL, NULL, NULL, NULL, NULL, NULL, NULL, NULL, '0', '0', '0', '2015-05-06 02:13:16', '2015-05-06 02:13:16', 'df47e1cc-710d-4f61-847f-8830a61cfa47');
INSERT INTO `content` (`id`, `elementId`, `locale`, `title`, `field_body`, `field_shortDescription`, `field_year`, `field_tools`, `field_client`, `field_clientUrl`, `field_responsibilities`, `field_heading`, `field_introduction`, `field_ogTitle`, `field_ogDescription`, `field_briefHeading`, `field_briefBody`, `field_learnedHeading`, `field_learnedBody`, `field_analysisHeading`, `field_analysisBody`, `field_dictionary`, `field_social`, `field_quotation`, `field_genre`, `field_projectUrl`, `field_color`, `field_loop`, `field_videoWidth`, `field_videoHeight`, `dateCreated`, `dateUpdated`, `uid`) VALUES ('14', '15', 'en_us', '640x480', NULL, NULL, '0', '[]', NULL, NULL, NULL, NULL, NULL, NULL, NULL, NULL, NULL, NULL, NULL, NULL, NULL, NULL, NULL, NULL, NULL, NULL, NULL, '0', '0', '0', '2015-05-06 02:23:31', '2015-05-06 02:23:31', 'c882ca73-55b2-4823-9772-061de747051c');
INSERT INTO `content` (`id`, `elementId`, `locale`, `title`, `field_body`, `field_shortDescription`, `field_year`, `field_tools`, `field_client`, `field_clientUrl`, `field_responsibilities`, `field_heading`, `field_introduction`, `field_ogTitle`, `field_ogDescription`, `field_briefHeading`, `field_briefBody`, `field_learnedHeading`, `field_learnedBody`, `field_analysisHeading`, `field_analysisBody`, `field_dictionary`, `field_social`, `field_quotation`, `field_genre`, `field_projectUrl`, `field_color`, `field_loop`, `field_videoWidth`, `field_videoHeight`, `dateCreated`, `dateUpdated`, `uid`) VALUES ('15', '16', 'en_us', '1024x768', NULL, NULL, '0', '[]', NULL, NULL, NULL, NULL, NULL, NULL, NULL, NULL, NULL, NULL, NULL, NULL, NULL, NULL, NULL, NULL, NULL, NULL, NULL, '0', '0', '0', '2015-05-06 02:26:23', '2015-05-06 02:26:23', 'ef4936dd-f968-4376-9522-704b1859703d');
INSERT INTO `content` (`id`, `elementId`, `locale`, `title`, `field_body`, `field_shortDescription`, `field_year`, `field_tools`, `field_client`, `field_clientUrl`, `field_responsibilities`, `field_heading`, `field_introduction`, `field_ogTitle`, `field_ogDescription`, `field_briefHeading`, `field_briefBody`, `field_learnedHeading`, `field_learnedBody`, `field_analysisHeading`, `field_analysisBody`, `field_dictionary`, `field_social`, `field_quotation`, `field_genre`, `field_projectUrl`, `field_color`, `field_loop`, `field_videoWidth`, `field_videoHeight`, `dateCreated`, `dateUpdated`, `uid`) VALUES ('16', '17', 'en_us', '600x600', NULL, NULL, '0', '[]', NULL, NULL, NULL, NULL, NULL, NULL, NULL, NULL, NULL, NULL, NULL, NULL, NULL, NULL, NULL, NULL, NULL, NULL, NULL, '0', '0', '0', '2015-05-06 02:26:47', '2015-05-06 02:26:47', 'bc6f1874-6bf7-4463-a424-56980086f116');
INSERT INTO `content` (`id`, `elementId`, `locale`, `title`, `field_body`, `field_shortDescription`, `field_year`, `field_tools`, `field_client`, `field_clientUrl`, `field_responsibilities`, `field_heading`, `field_introduction`, `field_ogTitle`, `field_ogDescription`, `field_briefHeading`, `field_briefBody`, `field_learnedHeading`, `field_learnedBody`, `field_analysisHeading`, `field_analysisBody`, `field_dictionary`, `field_social`, `field_quotation`, `field_genre`, `field_projectUrl`, `field_color`, `field_loop`, `field_videoWidth`, `field_videoHeight`, `dateCreated`, `dateUpdated`, `uid`) VALUES ('17', '18', 'en_us', '400x200', NULL, NULL, '0', '[]', NULL, NULL, NULL, NULL, NULL, NULL, NULL, NULL, NULL, NULL, NULL, NULL, NULL, NULL, NULL, NULL, NULL, NULL, NULL, '0', '0', '0', '2015-05-06 02:27:04', '2015-05-06 02:27:04', 'e734b690-d12a-4d6e-8b38-5a63edb109ed');
INSERT INTO `content` (`id`, `elementId`, `locale`, `title`, `field_body`, `field_shortDescription`, `field_year`, `field_tools`, `field_client`, `field_clientUrl`, `field_responsibilities`, `field_heading`, `field_introduction`, `field_ogTitle`, `field_ogDescription`, `field_briefHeading`, `field_briefBody`, `field_learnedHeading`, `field_learnedBody`, `field_analysisHeading`, `field_analysisBody`, `field_dictionary`, `field_social`, `field_quotation`, `field_genre`, `field_projectUrl`, `field_color`, `field_loop`, `field_videoWidth`, `field_videoHeight`, `dateCreated`, `dateUpdated`, `uid`) VALUES ('18', '22', 'en_us', 'Beverage Trail', NULL, 'This is the project description.', '2013', '[\"photoshop\",\"css3\",\"html5\",\"javascript\"]', 'Beverage Trail', '', 'UX Design, Visual Design, Development', NULL, NULL, '', '', 'Project Brief', '<p>This is the project brief texts.</p>', 'What I\'ve Learned', '<p>This is what I\'ve learned.</p>', 'Project Analysis', '<p>This is the analysis texts.</p>', NULL, NULL, NULL, 'Website', '', 'green', '0', '0', '0', '2015-05-06 02:40:58', '2015-05-15 06:14:34', '02cb27d2-b00a-4bb5-b59b-d9c851d62fe4');
INSERT INTO `content` (`id`, `elementId`, `locale`, `title`, `field_body`, `field_shortDescription`, `field_year`, `field_tools`, `field_client`, `field_clientUrl`, `field_responsibilities`, `field_heading`, `field_introduction`, `field_ogTitle`, `field_ogDescription`, `field_briefHeading`, `field_briefBody`, `field_learnedHeading`, `field_learnedBody`, `field_analysisHeading`, `field_analysisBody`, `field_dictionary`, `field_social`, `field_quotation`, `field_genre`, `field_projectUrl`, `field_color`, `field_loop`, `field_videoWidth`, `field_videoHeight`, `dateCreated`, `dateUpdated`, `uid`) VALUES ('19', '24', 'en_us', 'Party Planner', NULL, 'This is the project description.', '2014', '[\"justinmind\"]', '', '', 'UX Design, Wireframe', NULL, NULL, '', '', 'Project Brief', '<p>This is the project brief texts.</p>', 'What I\'ve Learned', '<p>This is what I\'ve learned.</p>', 'Project Analysis', '<p>This is the project analysis texts.</p>', NULL, NULL, NULL, 'Web Application Design', '', 'red', '0', '0', '0', '2015-05-06 02:43:23', '2015-05-15 05:49:29', '6f0bca6f-b031-46dc-a323-dd1fb67bf2d2');
INSERT INTO `content` (`id`, `elementId`, `locale`, `title`, `field_body`, `field_shortDescription`, `field_year`, `field_tools`, `field_client`, `field_clientUrl`, `field_responsibilities`, `field_heading`, `field_introduction`, `field_ogTitle`, `field_ogDescription`, `field_briefHeading`, `field_briefBody`, `field_learnedHeading`, `field_learnedBody`, `field_analysisHeading`, `field_analysisBody`, `field_dictionary`, `field_social`, `field_quotation`, `field_genre`, `field_projectUrl`, `field_color`, `field_loop`, `field_videoWidth`, `field_videoHeight`, `dateCreated`, `dateUpdated`, `uid`) VALUES ('20', '26', 'en_us', 'Kanjy Website', NULL, 'This is the project description.', '2013', '[\"Adobe InDesign\",\"photoshop\",\"justinmind\"]', 'Kanjy', '', 'UX Design, Wireframe, Prototype', NULL, NULL, '', '', 'Project Brief', '<p>This is the project brief texts.</p>', 'What I\'ve Learned', '<p>This is what I\'ve learned.</p>', 'Project Analysis', '<p>This is the project analysis texts.</p>', NULL, NULL, NULL, 'Responsive Web Design', '', 'green', '0', '0', '0', '2015-05-06 02:50:43', '2015-05-15 06:50:44', '9af16ad9-768a-44ef-b4ef-3eedb3ccc05d');
INSERT INTO `content` (`id`, `elementId`, `locale`, `title`, `field_body`, `field_shortDescription`, `field_year`, `field_tools`, `field_client`, `field_clientUrl`, `field_responsibilities`, `field_heading`, `field_introduction`, `field_ogTitle`, `field_ogDescription`, `field_briefHeading`, `field_briefBody`, `field_learnedHeading`, `field_learnedBody`, `field_analysisHeading`, `field_analysisBody`, `field_dictionary`, `field_social`, `field_quotation`, `field_genre`, `field_projectUrl`, `field_color`, `field_loop`, `field_videoWidth`, `field_videoHeight`, `dateCreated`, `dateUpdated`, `uid`) VALUES ('21', '28', 'en_us', 'Falcon', NULL, 'This is the project description.', '2012', '[\"photoshop\"]', 'Falcon', '', 'Visual Design', NULL, NULL, '', '', 'Project Brief', '<p>This is the project brief texts.</p>', 'What I\'ve Learned', '<p>This is what I\'ve learned.</p>', 'Project Analysis', '<p>This is the project analysis texts.</p>', NULL, NULL, NULL, 'Mobile Application Design', '', 'blue', '0', '0', '0', '2015-05-06 03:14:49', '2015-05-15 06:31:39', '70f2c919-7063-4aa7-9b3b-09a5bb7a8f53');
INSERT INTO `content` (`id`, `elementId`, `locale`, `title`, `field_body`, `field_shortDescription`, `field_year`, `field_tools`, `field_client`, `field_clientUrl`, `field_responsibilities`, `field_heading`, `field_introduction`, `field_ogTitle`, `field_ogDescription`, `field_briefHeading`, `field_briefBody`, `field_learnedHeading`, `field_learnedBody`, `field_analysisHeading`, `field_analysisBody`, `field_dictionary`, `field_social`, `field_quotation`, `field_genre`, `field_projectUrl`, `field_color`, `field_loop`, `field_videoWidth`, `field_videoHeight`, `dateCreated`, `dateUpdated`, `uid`) VALUES ('22', '30', 'en_us', 'DressSmart', NULL, 'This is the project description.', '2011', '[\"Adobe InDesign\",\"justinmind\"]', '', '', 'UX Design, Visual Design, Prototype', NULL, NULL, '', '', 'Project Brief', '<p>This is the project brief texts.</p>', 'What I\'ve Learned', '<p>This is what I\'ve learned.</p>', 'Project Analysis', '<p>This is the project analysis texts.</p>', NULL, NULL, NULL, 'Mobile Application Design', '', 'yellow', '0', '0', '0', '2015-05-06 03:16:59', '2015-05-15 06:40:28', 'cd69a890-89df-41df-befb-0ef5eed7e519');
INSERT INTO `content` (`id`, `elementId`, `locale`, `title`, `field_body`, `field_shortDescription`, `field_year`, `field_tools`, `field_client`, `field_clientUrl`, `field_responsibilities`, `field_heading`, `field_introduction`, `field_ogTitle`, `field_ogDescription`, `field_briefHeading`, `field_briefBody`, `field_learnedHeading`, `field_learnedBody`, `field_analysisHeading`, `field_analysisBody`, `field_dictionary`, `field_social`, `field_quotation`, `field_genre`, `field_projectUrl`, `field_color`, `field_loop`, `field_videoWidth`, `field_videoHeight`, `dateCreated`, `dateUpdated`, `uid`) VALUES ('23', '32', 'en_us', 'Sandata', NULL, 'This is the project description.', '2015', '[\"photoshop\"]', 'Sandata', '', 'Visual Design', NULL, NULL, '', '', 'Project Brief', '<p>This is the project brief texts.</p>', 'What I\'ve Learned', '<p>This is what I\'ve learned.</p>', 'Project Analysis', '<p>This is the analysis texts.</p>', NULL, NULL, NULL, 'Web Design', '', 'blue', '0', '0', '0', '2015-05-06 03:19:41', '2015-05-15 05:49:10', '76bc6208-8e5f-4eb8-aec5-9c5961afb1c8');
INSERT INTO `content` (`id`, `elementId`, `locale`, `title`, `field_body`, `field_shortDescription`, `field_year`, `field_tools`, `field_client`, `field_clientUrl`, `field_responsibilities`, `field_heading`, `field_introduction`, `field_ogTitle`, `field_ogDescription`, `field_briefHeading`, `field_briefBody`, `field_learnedHeading`, `field_learnedBody`, `field_analysisHeading`, `field_analysisBody`, `field_dictionary`, `field_social`, `field_quotation`, `field_genre`, `field_projectUrl`, `field_color`, `field_loop`, `field_videoWidth`, `field_videoHeight`, `dateCreated`, `dateUpdated`, `uid`) VALUES ('24', '34', 'en_us', 'Ideation Website', NULL, 'This is the project description.', '2013', '[\"photoshop\"]', 'Ideation LLC', 'http://www.ideationnyc.com/', 'UX Design, Visual Design', NULL, NULL, '', '', 'Project Brief', '<p>This is the project brief texts.</p>', 'What I\'ve Learned', '<p>This is what I\'ve learned.</p>', 'Project Analysis', '<p>This is project analysis texts.</p>', NULL, NULL, NULL, 'Responsive Web Design', '', 'green', '0', '0', '0', '2015-05-06 03:22:54', '2015-05-15 07:06:15', 'c14c3e4d-f03b-4796-af6f-87de131ab464');
INSERT INTO `content` (`id`, `elementId`, `locale`, `title`, `field_body`, `field_shortDescription`, `field_year`, `field_tools`, `field_client`, `field_clientUrl`, `field_responsibilities`, `field_heading`, `field_introduction`, `field_ogTitle`, `field_ogDescription`, `field_briefHeading`, `field_briefBody`, `field_learnedHeading`, `field_learnedBody`, `field_analysisHeading`, `field_analysisBody`, `field_dictionary`, `field_social`, `field_quotation`, `field_genre`, `field_projectUrl`, `field_color`, `field_loop`, `field_videoWidth`, `field_videoHeight`, `dateCreated`, `dateUpdated`, `uid`) VALUES ('25', '36', 'en_us', 'Wedwu Redesign', NULL, 'This is the project description.', '2011', '[\"axure\"]', 'Wedwu', '', 'UX Design', NULL, NULL, '', '', 'Project Brief', '<p>This is the project brief texts.</p>', 'What I\'ve Learned', '<p>This is what I\'ve learned.</p>', 'Project Analysis', '<p>This is project analysis texts.</p>', NULL, NULL, NULL, 'Mobile Application Design', '', 'blue', '0', '0', '0', '2015-05-06 03:24:59', '2015-05-15 05:48:56', '487f526f-5740-4699-83c7-9ef33a05caf4');
INSERT INTO `content` (`id`, `elementId`, `locale`, `title`, `field_body`, `field_shortDescription`, `field_year`, `field_tools`, `field_client`, `field_clientUrl`, `field_responsibilities`, `field_heading`, `field_introduction`, `field_ogTitle`, `field_ogDescription`, `field_briefHeading`, `field_briefBody`, `field_learnedHeading`, `field_learnedBody`, `field_analysisHeading`, `field_analysisBody`, `field_dictionary`, `field_social`, `field_quotation`, `field_genre`, `field_projectUrl`, `field_color`, `field_loop`, `field_videoWidth`, `field_videoHeight`, `dateCreated`, `dateUpdated`, `uid`) VALUES ('26', '38', 'en_us', 'Train Tracker App', NULL, 'This is the project description.', '2015', '[\"invision\",\"sketch\"]', '', '', 'UX Design, Wireframe, Visual Design', NULL, NULL, '', '', 'This is the project brief.', '<p>This is the project brief texts.</p>', 'What I\'ve Learned', '<p>This is what I\'ve learned.</p>', 'Project Analysis', '<p>This is the project analysis texts.</p>', NULL, NULL, NULL, 'Mobile Application Design', '', 'yellow', '0', '0', '0', '2015-05-06 03:35:44', '2015-05-15 05:48:52', '934b0414-7d75-476b-8e2c-8270f3150572');
INSERT INTO `content` (`id`, `elementId`, `locale`, `title`, `field_body`, `field_shortDescription`, `field_year`, `field_tools`, `field_client`, `field_clientUrl`, `field_responsibilities`, `field_heading`, `field_introduction`, `field_ogTitle`, `field_ogDescription`, `field_briefHeading`, `field_briefBody`, `field_learnedHeading`, `field_learnedBody`, `field_analysisHeading`, `field_analysisBody`, `field_dictionary`, `field_social`, `field_quotation`, `field_genre`, `field_projectUrl`, `field_color`, `field_loop`, `field_videoWidth`, `field_videoHeight`, `dateCreated`, `dateUpdated`, `uid`) VALUES ('27', '40', 'en_us', 'Music Box', NULL, 'This is the project description.', '2012', '[\"photoshop\"]', 'Joe Zhou', 'http://www.joeonmars.com/', 'Created this amazing piece', NULL, NULL, '', '', 'Project Brief', '<p>This is the project brief texts.</p>', 'What I\'ve Learned', '<p>This is what I\'ve learned.</p>', 'Project Analysis', '<p>This is the project analysis texts.</p>', NULL, NULL, NULL, 'Physical Computing', '', 'red', '0', '0', '0', '2015-05-06 03:38:20', '2015-05-15 05:48:45', '4c7b4361-da8f-4c0d-8527-9ae5a79b3024');
INSERT INTO `content` (`id`, `elementId`, `locale`, `title`, `field_body`, `field_shortDescription`, `field_year`, `field_tools`, `field_client`, `field_clientUrl`, `field_responsibilities`, `field_heading`, `field_introduction`, `field_ogTitle`, `field_ogDescription`, `field_briefHeading`, `field_briefBody`, `field_learnedHeading`, `field_learnedBody`, `field_analysisHeading`, `field_analysisBody`, `field_dictionary`, `field_social`, `field_quotation`, `field_genre`, `field_projectUrl`, `field_color`, `field_loop`, `field_videoWidth`, `field_videoHeight`, `dateCreated`, `dateUpdated`, `uid`) VALUES ('28', '42', 'en_us', 'Innovative Presentation For Verbalized', NULL, 'This is the project description.', '2014', '[\"sketch\"]', 'Verbalized', 'http://www.verbalizeit.com/', 'Presentation Design', NULL, NULL, '', '', 'Project Brief', '<p>This is the project brief texts.</p>', 'What I\'ve Learned', '<p>This is what I\'ve learned.</p>', 'Project Analysis', '<p>This is the project analysis texts.</p>', NULL, NULL, NULL, 'Presentation Design', '', 'blue', '0', '0', '0', '2015-05-06 03:41:09', '2015-05-15 07:31:16', 'efc76ccb-16fb-4d4b-b853-bebb0559c132');
INSERT INTO `content` (`id`, `elementId`, `locale`, `title`, `field_body`, `field_shortDescription`, `field_year`, `field_tools`, `field_client`, `field_clientUrl`, `field_responsibilities`, `field_heading`, `field_introduction`, `field_ogTitle`, `field_ogDescription`, `field_briefHeading`, `field_briefBody`, `field_learnedHeading`, `field_learnedBody`, `field_analysisHeading`, `field_analysisBody`, `field_dictionary`, `field_social`, `field_quotation`, `field_genre`, `field_projectUrl`, `field_color`, `field_loop`, `field_videoWidth`, `field_videoHeight`, `dateCreated`, `dateUpdated`, `uid`) VALUES ('29', '44', 'en_us', 'Gym Research', NULL, 'This is the project description.', '2012', '[\"photoshop\"]', '', '', 'UX Design', NULL, NULL, '', '', 'Project Brief', '<p>This is the project brief texts.</p>', 'What I\'ve Learned', '<p>This is what I\'ve learned.</p>', 'Project Analysis', '<p>This is analysis texts.</p>', NULL, NULL, NULL, 'Graphic Design', '', 'blue', '0', '0', '0', '2015-05-06 03:44:03', '2015-05-15 05:48:33', '05caacaf-9015-45ed-93fc-6340438e3369');
INSERT INTO `content` (`id`, `elementId`, `locale`, `title`, `field_body`, `field_shortDescription`, `field_year`, `field_tools`, `field_client`, `field_clientUrl`, `field_responsibilities`, `field_heading`, `field_introduction`, `field_ogTitle`, `field_ogDescription`, `field_briefHeading`, `field_briefBody`, `field_learnedHeading`, `field_learnedBody`, `field_analysisHeading`, `field_analysisBody`, `field_dictionary`, `field_social`, `field_quotation`, `field_genre`, `field_projectUrl`, `field_color`, `field_loop`, `field_videoWidth`, `field_videoHeight`, `dateCreated`, `dateUpdated`, `uid`) VALUES ('30', '46', 'en_us', 'Music Image App for the iPad', NULL, 'This is the project description.', '2013', '[\"photoshop\",\"axure\"]', '', '', 'Visual Design, Wireframe', NULL, NULL, '', '', 'Project Brief', '<p>This is the project brief texts.</p>', 'What I\'ve Learned', '<p>This is what I\'ve learned.</p>', 'Project Analysis', '<p>This is the project analysis texts.</p>', NULL, NULL, NULL, 'Mobile Application Design', '', 'blue', '0', '0', '0', '2015-05-06 03:46:09', '2015-05-15 05:48:29', '5d3e0455-c122-403b-864b-d41683b04806');
INSERT INTO `content` (`id`, `elementId`, `locale`, `title`, `field_body`, `field_shortDescription`, `field_year`, `field_tools`, `field_client`, `field_clientUrl`, `field_responsibilities`, `field_heading`, `field_introduction`, `field_ogTitle`, `field_ogDescription`, `field_briefHeading`, `field_briefBody`, `field_learnedHeading`, `field_learnedBody`, `field_analysisHeading`, `field_analysisBody`, `field_dictionary`, `field_social`, `field_quotation`, `field_genre`, `field_projectUrl`, `field_color`, `field_loop`, `field_videoWidth`, `field_videoHeight`, `dateCreated`, `dateUpdated`, `uid`) VALUES ('31', '48', 'en_us', 'Branding Designs', NULL, 'This is the project description.', '2012', '[\"aftereffects\",\"Adobe InDesign\",\"photoshop\"]', '', '', 'Visual Design', NULL, NULL, '', '', 'Project Brief', '<p>This is the project brief texts.</p>', 'What I\'ve Learned', '<p>This is what I\'ve learned.</p>', 'Project Analysis', '<p>This is the project analysis texts.</p>', NULL, NULL, NULL, 'Graphic Design', '', 'blue', '0', '0', '0', '2015-05-06 03:48:04', '2015-05-15 05:47:18', 'ae31fd50-6789-41a0-be08-0232727da1d8');
INSERT INTO `content` (`id`, `elementId`, `locale`, `title`, `field_body`, `field_shortDescription`, `field_year`, `field_tools`, `field_client`, `field_clientUrl`, `field_responsibilities`, `field_heading`, `field_introduction`, `field_ogTitle`, `field_ogDescription`, `field_briefHeading`, `field_briefBody`, `field_learnedHeading`, `field_learnedBody`, `field_analysisHeading`, `field_analysisBody`, `field_dictionary`, `field_social`, `field_quotation`, `field_genre`, `field_projectUrl`, `field_color`, `field_loop`, `field_videoWidth`, `field_videoHeight`, `dateCreated`, `dateUpdated`, `uid`) VALUES ('32', '50', 'en_us', NULL, NULL, NULL, '0', '[]', NULL, NULL, NULL, NULL, NULL, NULL, NULL, NULL, NULL, NULL, NULL, NULL, NULL, '[{\"col1\":\"viewProject\",\"col2\":\"View Case Study\"},{\"col1\":\"launchProject\",\"col2\":\"Launch Project\"},{\"col1\":\"client\",\"col2\":\"Client\"},{\"col1\":\"responsibilities\",\"col2\":\"Responsibilities\"},{\"col1\":\"tools\",\"col2\":\"Creation Tools\"},{\"col1\":\"personalProject\",\"col2\":\"Personal Project\"},{\"col1\":\"share\",\"col2\":\"Share\"},{\"col1\":\"year\",\"col2\":\"Year\"}]', NULL, NULL, NULL, NULL, NULL, '0', '0', '0', '2015-05-07 01:06:40', '2015-05-16 17:05:06', 'ec013b99-9358-49bd-8178-a5a3c7af6cf7');
INSERT INTO `content` (`id`, `elementId`, `locale`, `title`, `field_body`, `field_shortDescription`, `field_year`, `field_tools`, `field_client`, `field_clientUrl`, `field_responsibilities`, `field_heading`, `field_introduction`, `field_ogTitle`, `field_ogDescription`, `field_briefHeading`, `field_briefBody`, `field_learnedHeading`, `field_learnedBody`, `field_analysisHeading`, `field_analysisBody`, `field_dictionary`, `field_social`, `field_quotation`, `field_genre`, `field_projectUrl`, `field_color`, `field_loop`, `field_videoWidth`, `field_videoHeight`, `dateCreated`, `dateUpdated`, `uid`) VALUES ('33', '51', 'en_us', NULL, NULL, NULL, '0', '[]', NULL, NULL, NULL, NULL, NULL, NULL, NULL, NULL, NULL, NULL, NULL, NULL, NULL, NULL, '[{\"col1\":\"dribbble\",\"col2\":\"http:\\/\\/dribbble.com\\/joeonmars\"},{\"col1\":\"linkedin\",\"col2\":\"http:\\/\\/www.linkedin.com\\/pub\\/grace-fan\\/4a\\/503\\/821\\/\"},{\"col1\":\"behance\",\"col2\":\"http:\\/\\/www.behance.net\\/gracefan\"}]', NULL, NULL, NULL, NULL, '0', '0', '0', '2015-05-08 06:02:43', '2015-05-08 06:07:36', '62b4ef2c-1137-4c56-8b98-a23590fc1ff5');
INSERT INTO `content` (`id`, `elementId`, `locale`, `title`, `field_body`, `field_shortDescription`, `field_year`, `field_tools`, `field_client`, `field_clientUrl`, `field_responsibilities`, `field_heading`, `field_introduction`, `field_ogTitle`, `field_ogDescription`, `field_briefHeading`, `field_briefBody`, `field_learnedHeading`, `field_learnedBody`, `field_analysisHeading`, `field_analysisBody`, `field_dictionary`, `field_social`, `field_quotation`, `field_genre`, `field_projectUrl`, `field_color`, `field_loop`, `field_videoWidth`, `field_videoHeight`, `dateCreated`, `dateUpdated`, `uid`) VALUES ('34', '52', 'en_us', NULL, NULL, NULL, '0', '[]', NULL, NULL, NULL, NULL, NULL, NULL, NULL, NULL, NULL, NULL, NULL, NULL, NULL, NULL, NULL, '<p>Design can be art.</p><p>Design can be aesthetics.</p><p>Design is so simple, that’s why it is so complicated.</p>', NULL, NULL, NULL, '0', '0', '0', '2015-05-10 17:10:44', '2015-05-10 17:18:23', '19c528c3-6bc5-45bb-bb3e-b64cdfcdaead');
INSERT INTO `content` (`id`, `elementId`, `locale`, `title`, `field_body`, `field_shortDescription`, `field_year`, `field_tools`, `field_client`, `field_clientUrl`, `field_responsibilities`, `field_heading`, `field_introduction`, `field_ogTitle`, `field_ogDescription`, `field_briefHeading`, `field_briefBody`, `field_learnedHeading`, `field_learnedBody`, `field_analysisHeading`, `field_analysisBody`, `field_dictionary`, `field_social`, `field_quotation`, `field_genre`, `field_projectUrl`, `field_color`, `field_loop`, `field_videoWidth`, `field_videoHeight`, `dateCreated`, `dateUpdated`, `uid`) VALUES ('37', '53', 'en_us', 'Labs', '<p>Lorem ipsum dolor sit amet, consectetur adipiscing elit. Aliquam ultricies quam ac quam euismod tincidunt. Vivamus sit amet justo scelerisque, bibendum diam vel, varius diam. Vestibulum ultrices fringilla vestibulum. Curabitur ante tortor, vehicula vitae metus et, vulputate vestibulum nibh.</p>', NULL, '0', NULL, NULL, NULL, NULL, 'Something new always comes out of labs first.', NULL, NULL, NULL, NULL, NULL, NULL, NULL, NULL, NULL, NULL, NULL, NULL, NULL, NULL, NULL, '0', '0', '0', '2015-05-10 18:20:30', '2015-05-10 19:08:32', 'a2eea54e-1040-426a-8099-fe46a539a5b5');
INSERT INTO `content` (`id`, `elementId`, `locale`, `title`, `field_body`, `field_shortDescription`, `field_year`, `field_tools`, `field_client`, `field_clientUrl`, `field_responsibilities`, `field_heading`, `field_introduction`, `field_ogTitle`, `field_ogDescription`, `field_briefHeading`, `field_briefBody`, `field_learnedHeading`, `field_learnedBody`, `field_analysisHeading`, `field_analysisBody`, `field_dictionary`, `field_social`, `field_quotation`, `field_genre`, `field_projectUrl`, `field_color`, `field_loop`, `field_videoWidth`, `field_videoHeight`, `dateCreated`, `dateUpdated`, `uid`) VALUES ('38', '54', 'en_us', '960x500', NULL, NULL, '0', '[]', NULL, NULL, NULL, NULL, NULL, NULL, NULL, NULL, NULL, NULL, NULL, NULL, NULL, NULL, NULL, NULL, NULL, NULL, NULL, '0', '0', '0', '2015-05-12 00:58:03', '2015-05-12 00:58:03', '0e16a905-d014-409a-829b-e12ff4373097');
INSERT INTO `content` (`id`, `elementId`, `locale`, `title`, `field_body`, `field_shortDescription`, `field_year`, `field_tools`, `field_client`, `field_clientUrl`, `field_responsibilities`, `field_heading`, `field_introduction`, `field_ogTitle`, `field_ogDescription`, `field_briefHeading`, `field_briefBody`, `field_learnedHeading`, `field_learnedBody`, `field_analysisHeading`, `field_analysisBody`, `field_dictionary`, `field_social`, `field_quotation`, `field_genre`, `field_projectUrl`, `field_color`, `field_loop`, `field_videoWidth`, `field_videoHeight`, `dateCreated`, `dateUpdated`, `uid`) VALUES ('39', '57', 'en_us', '960x500@2x', NULL, NULL, '0', '[]', NULL, NULL, NULL, NULL, NULL, NULL, NULL, NULL, NULL, NULL, NULL, NULL, NULL, NULL, NULL, NULL, NULL, NULL, NULL, '0', '0', '0', '2015-05-12 04:06:08', '2015-05-12 04:06:08', 'f7bd92ac-47c3-4768-b2ed-2f9c85745ef4');
INSERT INTO `content` (`id`, `elementId`, `locale`, `title`, `field_body`, `field_shortDescription`, `field_year`, `field_tools`, `field_client`, `field_clientUrl`, `field_responsibilities`, `field_heading`, `field_introduction`, `field_ogTitle`, `field_ogDescription`, `field_briefHeading`, `field_briefBody`, `field_learnedHeading`, `field_learnedBody`, `field_analysisHeading`, `field_analysisBody`, `field_dictionary`, `field_social`, `field_quotation`, `field_genre`, `field_projectUrl`, `field_color`, `field_loop`, `field_videoWidth`, `field_videoHeight`, `dateCreated`, `dateUpdated`, `uid`) VALUES ('40', '58', 'en_us', '960x500', NULL, NULL, '0', '[]', NULL, NULL, NULL, NULL, NULL, NULL, NULL, NULL, NULL, NULL, NULL, NULL, NULL, NULL, NULL, NULL, NULL, NULL, NULL, '0', '0', '0', '2015-05-13 01:52:35', '2015-05-13 01:52:35', 'd56fdeca-b5bd-4d21-8f75-de29166959e6');
INSERT INTO `content` (`id`, `elementId`, `locale`, `title`, `field_body`, `field_shortDescription`, `field_year`, `field_tools`, `field_client`, `field_clientUrl`, `field_responsibilities`, `field_heading`, `field_introduction`, `field_ogTitle`, `field_ogDescription`, `field_briefHeading`, `field_briefBody`, `field_learnedHeading`, `field_learnedBody`, `field_analysisHeading`, `field_analysisBody`, `field_dictionary`, `field_social`, `field_quotation`, `field_genre`, `field_projectUrl`, `field_color`, `field_loop`, `field_videoWidth`, `field_videoHeight`, `dateCreated`, `dateUpdated`, `uid`) VALUES ('41', '59', 'en_us', '640x480', NULL, NULL, '0', '[]', NULL, NULL, NULL, NULL, NULL, NULL, NULL, NULL, NULL, NULL, NULL, NULL, NULL, NULL, NULL, NULL, NULL, NULL, NULL, '0', '0', '0', '2015-05-13 01:52:47', '2015-05-13 01:52:47', '54d1eb24-93cb-4066-b9b4-493752e8de43');
INSERT INTO `content` (`id`, `elementId`, `locale`, `title`, `field_body`, `field_shortDescription`, `field_year`, `field_tools`, `field_client`, `field_clientUrl`, `field_responsibilities`, `field_heading`, `field_introduction`, `field_ogTitle`, `field_ogDescription`, `field_briefHeading`, `field_briefBody`, `field_learnedHeading`, `field_learnedBody`, `field_analysisHeading`, `field_analysisBody`, `field_dictionary`, `field_social`, `field_quotation`, `field_genre`, `field_projectUrl`, `field_color`, `field_loop`, `field_videoWidth`, `field_videoHeight`, `dateCreated`, `dateUpdated`, `uid`) VALUES ('42', '62', 'en_us', '1024x600', NULL, NULL, '0', '[]', NULL, NULL, NULL, NULL, NULL, NULL, NULL, NULL, NULL, NULL, NULL, NULL, NULL, NULL, NULL, NULL, NULL, NULL, NULL, '0', '0', '0', '2015-05-14 03:03:55', '2015-05-14 03:03:55', '36fa0e05-e245-4e8b-bd68-d61f93278af1');
INSERT INTO `content` (`id`, `elementId`, `locale`, `title`, `field_body`, `field_shortDescription`, `field_year`, `field_tools`, `field_client`, `field_clientUrl`, `field_responsibilities`, `field_heading`, `field_introduction`, `field_ogTitle`, `field_ogDescription`, `field_briefHeading`, `field_briefBody`, `field_learnedHeading`, `field_learnedBody`, `field_analysisHeading`, `field_analysisBody`, `field_dictionary`, `field_social`, `field_quotation`, `field_genre`, `field_projectUrl`, `field_color`, `field_loop`, `field_videoWidth`, `field_videoHeight`, `dateCreated`, `dateUpdated`, `uid`) VALUES ('43', '63', 'en_us', '768x1024', NULL, NULL, '0', '[]', NULL, NULL, NULL, NULL, NULL, NULL, NULL, NULL, NULL, NULL, NULL, NULL, NULL, NULL, NULL, NULL, NULL, NULL, NULL, '0', '0', '0', '2015-05-14 03:04:04', '2015-05-14 03:04:04', 'c98f1524-ad0b-4ebf-9ccc-01f10358f51f');
INSERT INTO `content` (`id`, `elementId`, `locale`, `title`, `field_body`, `field_shortDescription`, `field_year`, `field_tools`, `field_client`, `field_clientUrl`, `field_responsibilities`, `field_heading`, `field_introduction`, `field_ogTitle`, `field_ogDescription`, `field_briefHeading`, `field_briefBody`, `field_learnedHeading`, `field_learnedBody`, `field_analysisHeading`, `field_analysisBody`, `field_dictionary`, `field_social`, `field_quotation`, `field_genre`, `field_projectUrl`, `field_color`, `field_loop`, `field_videoWidth`, `field_videoHeight`, `dateCreated`, `dateUpdated`, `uid`) VALUES ('44', '64', 'en_us', '414x736', NULL, NULL, '0', '[]', NULL, NULL, NULL, NULL, NULL, NULL, NULL, NULL, NULL, NULL, NULL, NULL, NULL, NULL, NULL, NULL, NULL, NULL, NULL, '0', '0', '0', '2015-05-14 03:04:12', '2015-05-14 03:04:12', '3d980418-e044-435a-b6a4-4c5bca2bd182');
INSERT INTO `content` (`id`, `elementId`, `locale`, `title`, `field_body`, `field_shortDescription`, `field_year`, `field_tools`, `field_client`, `field_clientUrl`, `field_responsibilities`, `field_heading`, `field_introduction`, `field_ogTitle`, `field_ogDescription`, `field_briefHeading`, `field_briefBody`, `field_learnedHeading`, `field_learnedBody`, `field_analysisHeading`, `field_analysisBody`, `field_dictionary`, `field_social`, `field_quotation`, `field_genre`, `field_projectUrl`, `field_color`, `field_loop`, `field_videoWidth`, `field_videoHeight`, `dateCreated`, `dateUpdated`, `uid`) VALUES ('45', '66', 'en_us', 'liveperson jp', NULL, NULL, '0', '[]', NULL, NULL, NULL, NULL, NULL, NULL, NULL, NULL, NULL, NULL, NULL, NULL, NULL, NULL, NULL, NULL, NULL, NULL, NULL, '0', '0', '0', '2015-05-14 04:39:08', '2015-05-14 04:39:08', '368cb890-5b86-4b1b-841a-a4a4c205ae15');
INSERT INTO `content` (`id`, `elementId`, `locale`, `title`, `field_body`, `field_shortDescription`, `field_year`, `field_tools`, `field_client`, `field_clientUrl`, `field_responsibilities`, `field_heading`, `field_introduction`, `field_ogTitle`, `field_ogDescription`, `field_briefHeading`, `field_briefBody`, `field_learnedHeading`, `field_learnedBody`, `field_analysisHeading`, `field_analysisBody`, `field_dictionary`, `field_social`, `field_quotation`, `field_genre`, `field_projectUrl`, `field_color`, `field_loop`, `field_videoWidth`, `field_videoHeight`, `dateCreated`, `dateUpdated`, `uid`) VALUES ('46', '67', 'en_us', 'liveperson-desktop-screen', NULL, NULL, '0', '[]', NULL, NULL, NULL, NULL, NULL, NULL, NULL, NULL, NULL, NULL, NULL, NULL, NULL, NULL, NULL, NULL, NULL, NULL, NULL, '0', '0', '0', '2015-05-14 05:12:06', '2015-05-14 05:12:06', 'e4ce39ef-fbe1-44cd-a65e-7cea1787c994');
INSERT INTO `content` (`id`, `elementId`, `locale`, `title`, `field_body`, `field_shortDescription`, `field_year`, `field_tools`, `field_client`, `field_clientUrl`, `field_responsibilities`, `field_heading`, `field_introduction`, `field_ogTitle`, `field_ogDescription`, `field_briefHeading`, `field_briefBody`, `field_learnedHeading`, `field_learnedBody`, `field_analysisHeading`, `field_analysisBody`, `field_dictionary`, `field_social`, `field_quotation`, `field_genre`, `field_projectUrl`, `field_color`, `field_loop`, `field_videoWidth`, `field_videoHeight`, `dateCreated`, `dateUpdated`, `uid`) VALUES ('47', '69', 'en_us', 'cbt branding', NULL, NULL, '0', '[]', NULL, NULL, NULL, NULL, NULL, NULL, NULL, NULL, NULL, NULL, NULL, NULL, NULL, NULL, NULL, NULL, NULL, NULL, 'blue', '0', '0', '0', '2015-05-15 06:14:30', '2015-05-15 06:14:30', 'e17250f3-1a62-406d-8010-360ebdd6d075');
INSERT INTO `content` (`id`, `elementId`, `locale`, `title`, `field_body`, `field_shortDescription`, `field_year`, `field_tools`, `field_client`, `field_clientUrl`, `field_responsibilities`, `field_heading`, `field_introduction`, `field_ogTitle`, `field_ogDescription`, `field_briefHeading`, `field_briefBody`, `field_learnedHeading`, `field_learnedBody`, `field_analysisHeading`, `field_analysisBody`, `field_dictionary`, `field_social`, `field_quotation`, `field_genre`, `field_projectUrl`, `field_color`, `field_loop`, `field_videoWidth`, `field_videoHeight`, `dateCreated`, `dateUpdated`, `uid`) VALUES ('48', '70', 'en_us', 'hsinlei-branding', NULL, NULL, '0', '[]', NULL, NULL, NULL, NULL, NULL, NULL, NULL, NULL, NULL, NULL, NULL, NULL, NULL, NULL, NULL, NULL, NULL, NULL, 'blue', '0', '0', '0', '2015-05-15 06:24:36', '2015-05-15 06:24:36', '55562249-9172-4987-b4c9-158cb86ba85b');
INSERT INTO `content` (`id`, `elementId`, `locale`, `title`, `field_body`, `field_shortDescription`, `field_year`, `field_tools`, `field_client`, `field_clientUrl`, `field_responsibilities`, `field_heading`, `field_introduction`, `field_ogTitle`, `field_ogDescription`, `field_briefHeading`, `field_briefBody`, `field_learnedHeading`, `field_learnedBody`, `field_analysisHeading`, `field_analysisBody`, `field_dictionary`, `field_social`, `field_quotation`, `field_genre`, `field_projectUrl`, `field_color`, `field_loop`, `field_videoWidth`, `field_videoHeight`, `dateCreated`, `dateUpdated`, `uid`) VALUES ('49', '71', 'en_us', 'falcon branding', NULL, NULL, '0', '[]', NULL, NULL, NULL, NULL, NULL, NULL, NULL, NULL, NULL, NULL, NULL, NULL, NULL, NULL, NULL, NULL, NULL, NULL, 'blue', '0', '0', '0', '2015-05-15 06:31:34', '2015-05-15 06:31:34', '0573f08f-439d-4cbf-99d5-bb1242f50298');
INSERT INTO `content` (`id`, `elementId`, `locale`, `title`, `field_body`, `field_shortDescription`, `field_year`, `field_tools`, `field_client`, `field_clientUrl`, `field_responsibilities`, `field_heading`, `field_introduction`, `field_ogTitle`, `field_ogDescription`, `field_briefHeading`, `field_briefBody`, `field_learnedHeading`, `field_learnedBody`, `field_analysisHeading`, `field_analysisBody`, `field_dictionary`, `field_social`, `field_quotation`, `field_genre`, `field_projectUrl`, `field_color`, `field_loop`, `field_videoWidth`, `field_videoHeight`, `dateCreated`, `dateUpdated`, `uid`) VALUES ('50', '72', 'en_us', 'dresssmart branding', NULL, NULL, '0', '[]', NULL, NULL, NULL, NULL, NULL, NULL, NULL, NULL, NULL, NULL, NULL, NULL, NULL, NULL, NULL, NULL, NULL, NULL, 'blue', '0', '0', '0', '2015-05-15 06:35:58', '2015-05-15 06:40:24', '0458435d-96e8-4a65-a03a-5f8cdad0a1a4');
INSERT INTO `content` (`id`, `elementId`, `locale`, `title`, `field_body`, `field_shortDescription`, `field_year`, `field_tools`, `field_client`, `field_clientUrl`, `field_responsibilities`, `field_heading`, `field_introduction`, `field_ogTitle`, `field_ogDescription`, `field_briefHeading`, `field_briefBody`, `field_learnedHeading`, `field_learnedBody`, `field_analysisHeading`, `field_analysisBody`, `field_dictionary`, `field_social`, `field_quotation`, `field_genre`, `field_projectUrl`, `field_color`, `field_loop`, `field_videoWidth`, `field_videoHeight`, `dateCreated`, `dateUpdated`, `uid`) VALUES ('54', '76', 'en_us', 'kanjy branding', NULL, NULL, '0', '[]', NULL, NULL, NULL, NULL, NULL, NULL, NULL, NULL, NULL, NULL, NULL, NULL, NULL, NULL, NULL, NULL, NULL, NULL, 'blue', '0', '0', '0', '2015-05-15 06:45:26', '2015-05-15 06:50:40', '08206b13-1ea7-4864-bdb6-bc37d072a70c');
INSERT INTO `content` (`id`, `elementId`, `locale`, `title`, `field_body`, `field_shortDescription`, `field_year`, `field_tools`, `field_client`, `field_clientUrl`, `field_responsibilities`, `field_heading`, `field_introduction`, `field_ogTitle`, `field_ogDescription`, `field_briefHeading`, `field_briefBody`, `field_learnedHeading`, `field_learnedBody`, `field_analysisHeading`, `field_analysisBody`, `field_dictionary`, `field_social`, `field_quotation`, `field_genre`, `field_projectUrl`, `field_color`, `field_loop`, `field_videoWidth`, `field_videoHeight`, `dateCreated`, `dateUpdated`, `uid`) VALUES ('56', '78', 'en_us', 'ideation branding', NULL, NULL, '0', '[]', NULL, NULL, NULL, NULL, NULL, NULL, NULL, NULL, NULL, NULL, NULL, NULL, NULL, NULL, NULL, NULL, NULL, NULL, 'blue', '0', '0', '0', '2015-05-15 06:57:06', '2015-05-15 07:06:12', '955f729f-7275-47d2-84b8-864fe002fafc');
INSERT INTO `content` (`id`, `elementId`, `locale`, `title`, `field_body`, `field_shortDescription`, `field_year`, `field_tools`, `field_client`, `field_clientUrl`, `field_responsibilities`, `field_heading`, `field_introduction`, `field_ogTitle`, `field_ogDescription`, `field_briefHeading`, `field_briefBody`, `field_learnedHeading`, `field_learnedBody`, `field_analysisHeading`, `field_analysisBody`, `field_dictionary`, `field_social`, `field_quotation`, `field_genre`, `field_projectUrl`, `field_color`, `field_loop`, `field_videoWidth`, `field_videoHeight`, `dateCreated`, `dateUpdated`, `uid`) VALUES ('58', '80', 'en_us', 'fengshui branding', NULL, NULL, '0', '[]', NULL, NULL, NULL, NULL, NULL, NULL, NULL, NULL, NULL, NULL, NULL, NULL, NULL, NULL, NULL, NULL, NULL, NULL, 'blue', '0', '0', '0', '2015-05-15 07:16:02', '2015-05-15 07:17:40', '5bce689e-2a79-4ed5-a22c-0a83fa03b645');
INSERT INTO `content` (`id`, `elementId`, `locale`, `title`, `field_body`, `field_shortDescription`, `field_year`, `field_tools`, `field_client`, `field_clientUrl`, `field_responsibilities`, `field_heading`, `field_introduction`, `field_ogTitle`, `field_ogDescription`, `field_briefHeading`, `field_briefBody`, `field_learnedHeading`, `field_learnedBody`, `field_analysisHeading`, `field_analysisBody`, `field_dictionary`, `field_social`, `field_quotation`, `field_genre`, `field_projectUrl`, `field_color`, `field_loop`, `field_videoWidth`, `field_videoHeight`, `dateCreated`, `dateUpdated`, `uid`) VALUES ('60', '82', 'en_us', 'verbalizeIt branding', NULL, NULL, '0', '[]', NULL, NULL, NULL, NULL, NULL, NULL, NULL, NULL, NULL, NULL, NULL, NULL, NULL, NULL, NULL, NULL, NULL, NULL, 'blue', '0', '0', '0', '2015-05-15 07:31:13', '2015-05-15 07:31:13', 'fe003e61-6f38-4368-8bc9-fd03548d82d3');
INSERT INTO `content` (`id`, `elementId`, `locale`, `title`, `field_body`, `field_shortDescription`, `field_year`, `field_tools`, `field_client`, `field_clientUrl`, `field_responsibilities`, `field_heading`, `field_introduction`, `field_ogTitle`, `field_ogDescription`, `field_briefHeading`, `field_briefBody`, `field_learnedHeading`, `field_learnedBody`, `field_analysisHeading`, `field_analysisBody`, `field_dictionary`, `field_social`, `field_quotation`, `field_genre`, `field_projectUrl`, `field_color`, `field_loop`, `field_videoWidth`, `field_videoHeight`, `dateCreated`, `dateUpdated`, `uid`) VALUES ('61', '83', 'en_us', NULL, NULL, NULL, '0', '[]', NULL, NULL, NULL, NULL, NULL, NULL, NULL, NULL, NULL, NULL, NULL, NULL, NULL, '[{\"col1\":\"heading\",\"col2\":\"Drop Me a Line\"},{\"col1\":\"email\",\"col2\":\"Your Email\"},{\"col1\":\"name\",\"col2\":\"Your Name\"},{\"col1\":\"message\",\"col2\":\"What\'s up?\"},{\"col1\":\"send\",\"col2\":\"Send Email\"},{\"col1\":\"sending\",\"col2\":\"Sending\"},{\"col1\":\"sentHeading\",\"col2\":\"Email Sent!\"},{\"col1\":\"sentSubheading\",\"col2\":\"Thank you. Soon we\'ll be in touch.\"},{\"col1\":\"pleaseFill\",\"col2\":\"Please fill out this field.\"},{\"col1\":\"invalidEmail\",\"col2\":\"Invalid email address.\"},{\"col1\":\"messageTooShort\",\"col2\":\"Your message is too short.\"},{\"col1\":\"failHeading\",\"col2\":\"Oops... A problem occurred while sending your message.\"},{\"col1\":\"tryAgain\",\"col2\":\"Try Again\"}]', NULL, NULL, NULL, NULL, 'blue', '0', '0', '0', '2015-05-16 17:02:24', '2015-05-17 01:01:24', 'fd8a42c1-e394-4e1d-87be-ce60d572b5de');
INSERT INTO `content` (`id`, `elementId`, `locale`, `title`, `field_body`, `field_shortDescription`, `field_year`, `field_tools`, `field_client`, `field_clientUrl`, `field_responsibilities`, `field_heading`, `field_introduction`, `field_ogTitle`, `field_ogDescription`, `field_briefHeading`, `field_briefBody`, `field_learnedHeading`, `field_learnedBody`, `field_analysisHeading`, `field_analysisBody`, `field_dictionary`, `field_social`, `field_quotation`, `field_genre`, `field_projectUrl`, `field_color`, `field_loop`, `field_videoWidth`, `field_videoHeight`, `dateCreated`, `dateUpdated`, `uid`) VALUES ('62', '84', 'en_us', 'fengshui-ipad-boysroom', NULL, NULL, '0', '[]', NULL, NULL, NULL, NULL, NULL, NULL, NULL, NULL, NULL, NULL, NULL, NULL, NULL, NULL, NULL, NULL, NULL, NULL, 'blue', '0', '540', '360', '2015-05-17 19:16:05', '2015-05-18 02:29:34', '0f97034e-aeed-4c5d-a621-57c50f321f94');
INSERT INTO `content` (`id`, `elementId`, `locale`, `title`, `field_body`, `field_shortDescription`, `field_year`, `field_tools`, `field_client`, `field_clientUrl`, `field_responsibilities`, `field_heading`, `field_introduction`, `field_ogTitle`, `field_ogDescription`, `field_briefHeading`, `field_briefBody`, `field_learnedHeading`, `field_learnedBody`, `field_analysisHeading`, `field_analysisBody`, `field_dictionary`, `field_social`, `field_quotation`, `field_genre`, `field_projectUrl`, `field_color`, `field_loop`, `field_videoWidth`, `field_videoHeight`, `dateCreated`, `dateUpdated`, `uid`) VALUES ('63', '85', 'en_us', 'fengshui-top-view', NULL, NULL, '0', '[]', NULL, NULL, NULL, NULL, NULL, NULL, NULL, NULL, NULL, NULL, NULL, NULL, NULL, NULL, NULL, NULL, NULL, NULL, 'blue', '1', '540', '400', '2015-05-17 23:01:16', '2015-05-17 23:01:29', '33701dab-7134-4443-a6c0-535b5bf6c115');
INSERT INTO `content` (`id`, `elementId`, `locale`, `title`, `field_body`, `field_shortDescription`, `field_year`, `field_tools`, `field_client`, `field_clientUrl`, `field_responsibilities`, `field_heading`, `field_introduction`, `field_ogTitle`, `field_ogDescription`, `field_briefHeading`, `field_briefBody`, `field_learnedHeading`, `field_learnedBody`, `field_analysisHeading`, `field_analysisBody`, `field_dictionary`, `field_social`, `field_quotation`, `field_genre`, `field_projectUrl`, `field_color`, `field_loop`, `field_videoWidth`, `field_videoHeight`, `dateCreated`, `dateUpdated`, `uid`) VALUES ('64', '86', 'en_us', 'fengshui-goldfish', NULL, NULL, '0', '[]', NULL, NULL, NULL, NULL, NULL, NULL, NULL, NULL, NULL, NULL, NULL, NULL, NULL, NULL, NULL, NULL, NULL, NULL, 'blue', '1', '540', '420', '2015-05-17 23:29:06', '2015-05-17 23:29:16', '751968bd-0b43-4856-8a2b-2c4e6166fe36');



DROP TABLE IF EXISTS `deprecationerrors`;


--
-- Schema for table `deprecationerrors`
--
CREATE TABLE `deprecationerrors` (
  `id` int(11) NOT NULL AUTO_INCREMENT,
  `key` varchar(255) COLLATE utf8_unicode_ci NOT NULL,
  `fingerprint` varchar(255) COLLATE utf8_unicode_ci NOT NULL,
  `lastOccurrence` datetime NOT NULL,
  `file` varchar(255) COLLATE utf8_unicode_ci NOT NULL,
  `line` smallint(6) unsigned NOT NULL,
  `class` varchar(255) COLLATE utf8_unicode_ci DEFAULT NULL,
  `method` varchar(255) COLLATE utf8_unicode_ci DEFAULT NULL,
  `template` varchar(255) COLLATE utf8_unicode_ci DEFAULT NULL,
  `templateLine` smallint(6) unsigned DEFAULT NULL,
  `message` varchar(255) COLLATE utf8_unicode_ci DEFAULT NULL,
  `traces` text COLLATE utf8_unicode_ci,
  `dateCreated` datetime NOT NULL,
  `dateUpdated` datetime NOT NULL,
  `uid` char(36) COLLATE utf8_unicode_ci NOT NULL DEFAULT '0',
  PRIMARY KEY (`id`),
  UNIQUE KEY `deprecationerrors_key_fingerprint_unq_idx` (`key`,`fingerprint`)
) ENGINE=InnoDB DEFAULT CHARSET=utf8 COLLATE=utf8_unicode_ci;

DROP TABLE IF EXISTS `elements`;


--
-- Schema for table `elements`
--
CREATE TABLE `elements` (
  `id` int(11) NOT NULL AUTO_INCREMENT,
  `type` varchar(150) COLLATE utf8_unicode_ci NOT NULL,
  `enabled` tinyint(1) unsigned NOT NULL DEFAULT '1',
  `archived` tinyint(1) unsigned NOT NULL DEFAULT '0',
  `dateCreated` datetime NOT NULL,
  `dateUpdated` datetime NOT NULL,
  `uid` char(36) COLLATE utf8_unicode_ci NOT NULL DEFAULT '0',
  PRIMARY KEY (`id`),
  KEY `elements_type_idx` (`type`),
  KEY `elements_enabled_idx` (`enabled`),
  KEY `elements_archived_dateCreated_idx` (`archived`,`dateCreated`)
) ENGINE=InnoDB AUTO_INCREMENT=87 DEFAULT CHARSET=utf8 COLLATE=utf8_unicode_ci;

--
-- Data for table `elements`
--

INSERT INTO `elements` (`id`, `type`, `enabled`, `archived`, `dateCreated`, `dateUpdated`, `uid`) VALUES ('1', 'User', '1', '0', '2015-04-26 20:07:23', '2015-04-26 20:07:23', '2cbc0802-9971-4083-bc00-f9f516f62628');
INSERT INTO `elements` (`id`, `type`, `enabled`, `archived`, `dateCreated`, `dateUpdated`, `uid`) VALUES ('2', 'Entry', '1', '0', '2015-04-26 20:07:25', '2015-05-10 18:15:58', 'e6aea969-14ec-4134-825f-2199a0542520');
INSERT INTO `elements` (`id`, `type`, `enabled`, `archived`, `dateCreated`, `dateUpdated`, `uid`) VALUES ('3', 'Entry', '1', '0', '2015-04-26 20:07:25', '2015-04-26 20:07:25', '31d790ed-5c80-4ac6-b0bc-881f8697a645');
INSERT INTO `elements` (`id`, `type`, `enabled`, `archived`, `dateCreated`, `dateUpdated`, `uid`) VALUES ('4', 'User', '1', '0', '2015-04-26 20:37:35', '2015-04-26 20:37:35', '26f3093d-8e3a-4d9b-97c9-00cf1297f311');
INSERT INTO `elements` (`id`, `type`, `enabled`, `archived`, `dateCreated`, `dateUpdated`, `uid`) VALUES ('5', 'Entry', '1', '0', '2015-04-29 01:58:37', '2015-04-29 01:58:37', 'bbb981ba-e993-4483-a283-180094ef256a');
INSERT INTO `elements` (`id`, `type`, `enabled`, `archived`, `dateCreated`, `dateUpdated`, `uid`) VALUES ('6', 'Entry', '1', '0', '2015-04-29 04:17:46', '2015-05-17 23:29:44', '4ab627cf-0d5d-4f0b-b812-5a5938ba3e06');
INSERT INTO `elements` (`id`, `type`, `enabled`, `archived`, `dateCreated`, `dateUpdated`, `uid`) VALUES ('7', 'Category', '1', '0', '2015-04-29 14:57:45', '2015-04-29 16:51:06', '1bb05c0a-5b5c-4c9f-adf4-4e9d17574a2b');
INSERT INTO `elements` (`id`, `type`, `enabled`, `archived`, `dateCreated`, `dateUpdated`, `uid`) VALUES ('8', 'Category', '1', '0', '2015-04-29 14:57:50', '2015-04-29 16:51:19', '219df700-fffc-4c3d-969a-bfdf2edc06a4');
INSERT INTO `elements` (`id`, `type`, `enabled`, `archived`, `dateCreated`, `dateUpdated`, `uid`) VALUES ('9', 'Entry', '1', '0', '2015-04-29 16:40:27', '2015-05-15 05:49:47', 'f0b4853e-b543-43a1-8ba8-bbd799677d1c');
INSERT INTO `elements` (`id`, `type`, `enabled`, `archived`, `dateCreated`, `dateUpdated`, `uid`) VALUES ('10', 'Entry', '1', '0', '2015-04-30 03:30:18', '2015-05-15 05:49:43', '099b2a2c-8480-43a4-afac-ae61db3cec68');
INSERT INTO `elements` (`id`, `type`, `enabled`, `archived`, `dateCreated`, `dateUpdated`, `uid`) VALUES ('12', 'Entry', '1', '0', '2015-05-06 02:06:58', '2015-05-15 06:24:40', '16a7383a-84e9-4b22-822b-c53f04e2543f');
INSERT INTO `elements` (`id`, `type`, `enabled`, `archived`, `dateCreated`, `dateUpdated`, `uid`) VALUES ('13', 'MatrixBlock', '1', '0', '2015-05-06 02:06:58', '2015-05-15 06:24:40', 'b81fda27-a54e-456a-865e-72e3dddba2d3');
INSERT INTO `elements` (`id`, `type`, `enabled`, `archived`, `dateCreated`, `dateUpdated`, `uid`) VALUES ('14', 'Asset', '1', '0', '2015-05-06 02:13:16', '2015-05-06 02:13:16', 'ff6cb92a-87e4-4d93-9582-b1d9c6e1fd63');
INSERT INTO `elements` (`id`, `type`, `enabled`, `archived`, `dateCreated`, `dateUpdated`, `uid`) VALUES ('15', 'Asset', '1', '0', '2015-05-06 02:23:31', '2015-05-06 02:23:31', '7e7bfc38-a58b-4518-a818-fe9320aea822');
INSERT INTO `elements` (`id`, `type`, `enabled`, `archived`, `dateCreated`, `dateUpdated`, `uid`) VALUES ('16', 'Asset', '1', '0', '2015-05-06 02:26:23', '2015-05-06 02:26:23', 'e8205e00-47f6-4cf4-88bd-bbfa76f9ae02');
INSERT INTO `elements` (`id`, `type`, `enabled`, `archived`, `dateCreated`, `dateUpdated`, `uid`) VALUES ('17', 'Asset', '1', '0', '2015-05-06 02:26:47', '2015-05-06 02:26:47', '5fa149eb-82e9-4634-8175-43130bf046ca');
INSERT INTO `elements` (`id`, `type`, `enabled`, `archived`, `dateCreated`, `dateUpdated`, `uid`) VALUES ('18', 'Asset', '1', '0', '2015-05-06 02:27:04', '2015-05-06 02:27:04', 'dc677f62-eace-416c-884a-9a8deab2185d');
INSERT INTO `elements` (`id`, `type`, `enabled`, `archived`, `dateCreated`, `dateUpdated`, `uid`) VALUES ('19', 'MatrixBlock', '1', '0', '2015-05-06 02:29:06', '2015-05-15 05:49:43', '0e904249-107d-45c1-ada1-d2c5a47aa026');
INSERT INTO `elements` (`id`, `type`, `enabled`, `archived`, `dateCreated`, `dateUpdated`, `uid`) VALUES ('20', 'MatrixBlock', '1', '0', '2015-05-06 02:30:50', '2015-05-15 05:49:47', '08a2c8b0-7003-47e1-8657-e43687186d09');
INSERT INTO `elements` (`id`, `type`, `enabled`, `archived`, `dateCreated`, `dateUpdated`, `uid`) VALUES ('21', 'MatrixBlock', '1', '0', '2015-05-06 02:31:29', '2015-05-17 23:29:44', 'b917df31-d178-4ee1-9fc7-a0db179b9614');
INSERT INTO `elements` (`id`, `type`, `enabled`, `archived`, `dateCreated`, `dateUpdated`, `uid`) VALUES ('22', 'Entry', '1', '0', '2015-05-06 02:40:58', '2015-05-15 06:14:34', '9de931b5-8097-4eeb-bac0-3701d540c964');
INSERT INTO `elements` (`id`, `type`, `enabled`, `archived`, `dateCreated`, `dateUpdated`, `uid`) VALUES ('23', 'MatrixBlock', '1', '0', '2015-05-06 02:40:58', '2015-05-15 06:14:34', '0300a003-c8ea-4fa8-8d65-9e27c7910f25');
INSERT INTO `elements` (`id`, `type`, `enabled`, `archived`, `dateCreated`, `dateUpdated`, `uid`) VALUES ('24', 'Entry', '1', '0', '2015-05-06 02:43:23', '2015-05-15 05:49:29', '5897acc9-c27d-4203-bc0d-77ef60f38a7f');
INSERT INTO `elements` (`id`, `type`, `enabled`, `archived`, `dateCreated`, `dateUpdated`, `uid`) VALUES ('25', 'MatrixBlock', '1', '0', '2015-05-06 02:43:23', '2015-05-15 05:49:29', 'cedc6142-95a7-4677-b9a8-dc45091920c1');
INSERT INTO `elements` (`id`, `type`, `enabled`, `archived`, `dateCreated`, `dateUpdated`, `uid`) VALUES ('26', 'Entry', '1', '0', '2015-05-06 02:50:43', '2015-05-15 06:50:44', '83dbca2f-2b3b-4c03-8a67-9202893540b7');
INSERT INTO `elements` (`id`, `type`, `enabled`, `archived`, `dateCreated`, `dateUpdated`, `uid`) VALUES ('27', 'MatrixBlock', '1', '0', '2015-05-06 02:50:43', '2015-05-15 06:50:44', 'ef1b7118-6660-4655-a943-2e9e5a297e0e');
INSERT INTO `elements` (`id`, `type`, `enabled`, `archived`, `dateCreated`, `dateUpdated`, `uid`) VALUES ('28', 'Entry', '1', '0', '2015-05-06 03:14:49', '2015-05-15 06:31:39', '7372b6c3-9d24-430d-801c-d12e3f7069c4');
INSERT INTO `elements` (`id`, `type`, `enabled`, `archived`, `dateCreated`, `dateUpdated`, `uid`) VALUES ('29', 'MatrixBlock', '1', '0', '2015-05-06 03:14:49', '2015-05-15 06:31:39', '519413b3-38f3-466b-a1d6-79d87cec4c46');
INSERT INTO `elements` (`id`, `type`, `enabled`, `archived`, `dateCreated`, `dateUpdated`, `uid`) VALUES ('30', 'Entry', '1', '0', '2015-05-06 03:16:59', '2015-05-15 06:40:28', '6436532e-f5bf-4715-9ca8-b8c0989801f7');
INSERT INTO `elements` (`id`, `type`, `enabled`, `archived`, `dateCreated`, `dateUpdated`, `uid`) VALUES ('31', 'MatrixBlock', '1', '0', '2015-05-06 03:16:59', '2015-05-15 06:40:28', '864afd5c-bc11-46bc-bb11-b3f3486c1503');
INSERT INTO `elements` (`id`, `type`, `enabled`, `archived`, `dateCreated`, `dateUpdated`, `uid`) VALUES ('32', 'Entry', '1', '0', '2015-05-06 03:19:41', '2015-05-15 05:49:10', '7b1fb7b3-26aa-4a8d-8e49-027e004bf132');
INSERT INTO `elements` (`id`, `type`, `enabled`, `archived`, `dateCreated`, `dateUpdated`, `uid`) VALUES ('33', 'MatrixBlock', '1', '0', '2015-05-06 03:19:41', '2015-05-15 05:49:10', '27a25613-c89e-41f1-86c7-8b84175ff554');
INSERT INTO `elements` (`id`, `type`, `enabled`, `archived`, `dateCreated`, `dateUpdated`, `uid`) VALUES ('34', 'Entry', '1', '0', '2015-05-06 03:22:54', '2015-05-15 07:06:15', '66bdc861-aac7-49a1-8f79-080f6bee6e04');
INSERT INTO `elements` (`id`, `type`, `enabled`, `archived`, `dateCreated`, `dateUpdated`, `uid`) VALUES ('35', 'MatrixBlock', '1', '0', '2015-05-06 03:22:55', '2015-05-15 07:06:15', 'c934ab6d-6f00-4263-8ad1-af5ebe387592');
INSERT INTO `elements` (`id`, `type`, `enabled`, `archived`, `dateCreated`, `dateUpdated`, `uid`) VALUES ('36', 'Entry', '1', '0', '2015-05-06 03:24:59', '2015-05-15 05:48:56', '4739eb9b-ccbe-421f-aaed-39493e0c098d');
INSERT INTO `elements` (`id`, `type`, `enabled`, `archived`, `dateCreated`, `dateUpdated`, `uid`) VALUES ('37', 'MatrixBlock', '1', '0', '2015-05-06 03:24:59', '2015-05-15 05:48:56', 'f54fe197-95e5-4ab9-b8ff-87903cb7fb66');
INSERT INTO `elements` (`id`, `type`, `enabled`, `archived`, `dateCreated`, `dateUpdated`, `uid`) VALUES ('38', 'Entry', '1', '0', '2015-05-06 03:35:44', '2015-05-15 05:48:52', 'fc09452a-f0ca-4273-beaa-e3d9ce942c9a');
INSERT INTO `elements` (`id`, `type`, `enabled`, `archived`, `dateCreated`, `dateUpdated`, `uid`) VALUES ('39', 'MatrixBlock', '1', '0', '2015-05-06 03:35:44', '2015-05-15 05:48:52', '23c67fc4-2af2-46fa-946d-948df789e01a');
INSERT INTO `elements` (`id`, `type`, `enabled`, `archived`, `dateCreated`, `dateUpdated`, `uid`) VALUES ('40', 'Entry', '1', '0', '2015-05-06 03:38:20', '2015-05-15 05:48:45', '32c63e07-894c-4962-99c7-ed70e59edd81');
INSERT INTO `elements` (`id`, `type`, `enabled`, `archived`, `dateCreated`, `dateUpdated`, `uid`) VALUES ('41', 'MatrixBlock', '1', '0', '2015-05-06 03:38:20', '2015-05-15 05:48:45', '5d1d4ed9-fb0d-4708-a00f-57f684882455');
INSERT INTO `elements` (`id`, `type`, `enabled`, `archived`, `dateCreated`, `dateUpdated`, `uid`) VALUES ('42', 'Entry', '1', '0', '2015-05-06 03:41:09', '2015-05-15 07:31:16', '4b64bb69-a4c6-4a54-aca0-21294a34d918');
INSERT INTO `elements` (`id`, `type`, `enabled`, `archived`, `dateCreated`, `dateUpdated`, `uid`) VALUES ('43', 'MatrixBlock', '1', '0', '2015-05-06 03:41:09', '2015-05-15 07:31:16', '992ab744-7a6c-4e7e-9870-ffe0935aef4b');
INSERT INTO `elements` (`id`, `type`, `enabled`, `archived`, `dateCreated`, `dateUpdated`, `uid`) VALUES ('44', 'Entry', '1', '0', '2015-05-06 03:44:03', '2015-05-15 05:48:33', 'bcd2c813-3739-4ab5-b77d-0071e197ab61');
INSERT INTO `elements` (`id`, `type`, `enabled`, `archived`, `dateCreated`, `dateUpdated`, `uid`) VALUES ('45', 'MatrixBlock', '1', '0', '2015-05-06 03:44:04', '2015-05-15 05:48:34', 'f5138c77-7a55-49dc-981e-df4c78e2c1a2');
INSERT INTO `elements` (`id`, `type`, `enabled`, `archived`, `dateCreated`, `dateUpdated`, `uid`) VALUES ('46', 'Entry', '1', '0', '2015-05-06 03:46:09', '2015-05-15 05:48:29', 'ea381b1a-d73a-41b1-bf24-792d27f90aeb');
INSERT INTO `elements` (`id`, `type`, `enabled`, `archived`, `dateCreated`, `dateUpdated`, `uid`) VALUES ('47', 'MatrixBlock', '1', '0', '2015-05-06 03:46:09', '2015-05-15 05:48:29', 'bcad7bf3-2926-49e6-9695-5e9c7582ab3b');
INSERT INTO `elements` (`id`, `type`, `enabled`, `archived`, `dateCreated`, `dateUpdated`, `uid`) VALUES ('48', 'Entry', '1', '0', '2015-05-06 03:48:04', '2015-05-15 05:47:18', 'f3b5716b-7cb7-43be-83ed-25f8eb458253');
INSERT INTO `elements` (`id`, `type`, `enabled`, `archived`, `dateCreated`, `dateUpdated`, `uid`) VALUES ('49', 'MatrixBlock', '1', '0', '2015-05-06 03:48:04', '2015-05-15 05:47:18', '596f97db-a4af-4c35-9802-1f52538591af');
INSERT INTO `elements` (`id`, `type`, `enabled`, `archived`, `dateCreated`, `dateUpdated`, `uid`) VALUES ('50', 'GlobalSet', '1', '0', '2015-05-07 01:06:40', '2015-05-16 17:05:06', '04f9142b-b43b-450b-acbb-5e80a17c25bd');
INSERT INTO `elements` (`id`, `type`, `enabled`, `archived`, `dateCreated`, `dateUpdated`, `uid`) VALUES ('51', 'GlobalSet', '1', '0', '2015-05-08 06:02:43', '2015-05-08 06:07:36', '83a586b4-575e-4cb0-b92f-9a236f4e9cea');
INSERT INTO `elements` (`id`, `type`, `enabled`, `archived`, `dateCreated`, `dateUpdated`, `uid`) VALUES ('52', 'GlobalSet', '1', '0', '2015-05-10 17:10:44', '2015-05-10 17:18:23', 'e508c103-d186-44ec-8c20-fae206f7af04');
INSERT INTO `elements` (`id`, `type`, `enabled`, `archived`, `dateCreated`, `dateUpdated`, `uid`) VALUES ('53', 'Entry', '1', '0', '2015-05-10 18:20:30', '2015-05-10 19:08:32', '5cab04ef-1f42-49b8-8aa4-add3cb7101cf');
INSERT INTO `elements` (`id`, `type`, `enabled`, `archived`, `dateCreated`, `dateUpdated`, `uid`) VALUES ('54', 'Asset', '1', '0', '2015-05-12 00:58:03', '2015-05-12 00:58:03', '8d49c96d-b62b-4301-8d7e-69267c0d690a');
INSERT INTO `elements` (`id`, `type`, `enabled`, `archived`, `dateCreated`, `dateUpdated`, `uid`) VALUES ('55', 'MatrixBlock', '1', '0', '2015-05-12 00:58:31', '2015-05-17 23:29:44', '4ee5e761-7ba1-41d7-85cf-24e37bffeb9c');
INSERT INTO `elements` (`id`, `type`, `enabled`, `archived`, `dateCreated`, `dateUpdated`, `uid`) VALUES ('56', 'MatrixBlock', '1', '0', '2015-05-12 00:58:31', '2015-05-17 23:29:44', 'a6ef9d56-eb0f-469e-8e9a-d41851a4d06d');
INSERT INTO `elements` (`id`, `type`, `enabled`, `archived`, `dateCreated`, `dateUpdated`, `uid`) VALUES ('57', 'Asset', '1', '0', '2015-05-12 04:06:08', '2015-05-12 04:06:08', '6b67cf64-36b7-4aa4-bf26-b73121ac4b70');
INSERT INTO `elements` (`id`, `type`, `enabled`, `archived`, `dateCreated`, `dateUpdated`, `uid`) VALUES ('58', 'Asset', '1', '0', '2015-05-13 01:52:35', '2015-05-13 01:52:35', '00307599-6fb7-460f-a709-cb576046688a');
INSERT INTO `elements` (`id`, `type`, `enabled`, `archived`, `dateCreated`, `dateUpdated`, `uid`) VALUES ('59', 'Asset', '1', '0', '2015-05-13 01:52:47', '2015-05-13 01:52:47', '2b82bee5-7e55-4305-804a-4c6e043f2354');
INSERT INTO `elements` (`id`, `type`, `enabled`, `archived`, `dateCreated`, `dateUpdated`, `uid`) VALUES ('60', 'MatrixBlock', '1', '0', '2015-05-13 01:53:28', '2015-05-17 23:29:44', '67b3e5d7-8cc2-40fa-bb1c-71777cffb36c');
INSERT INTO `elements` (`id`, `type`, `enabled`, `archived`, `dateCreated`, `dateUpdated`, `uid`) VALUES ('61', 'MatrixBlock', '1', '0', '2015-05-13 04:29:48', '2015-05-17 23:29:44', 'a3e6a7b4-e526-4051-9202-08448556acd4');
INSERT INTO `elements` (`id`, `type`, `enabled`, `archived`, `dateCreated`, `dateUpdated`, `uid`) VALUES ('62', 'Asset', '1', '0', '2015-05-14 03:03:55', '2015-05-14 03:03:55', 'fc298bbd-9e3c-44fa-8e53-e90c0d10750a');
INSERT INTO `elements` (`id`, `type`, `enabled`, `archived`, `dateCreated`, `dateUpdated`, `uid`) VALUES ('63', 'Asset', '1', '0', '2015-05-14 03:04:04', '2015-05-14 03:04:04', '6ff6621e-7bda-43b9-aef6-faf68a533365');
INSERT INTO `elements` (`id`, `type`, `enabled`, `archived`, `dateCreated`, `dateUpdated`, `uid`) VALUES ('64', 'Asset', '1', '0', '2015-05-14 03:04:12', '2015-05-14 03:04:12', 'ba99f903-7b4e-47ce-a49b-8d2130c4d1dd');
INSERT INTO `elements` (`id`, `type`, `enabled`, `archived`, `dateCreated`, `dateUpdated`, `uid`) VALUES ('65', 'MatrixBlock', '1', '0', '2015-05-14 03:04:19', '2015-05-15 05:49:43', '69f716fe-01a1-4e30-8354-5d63168e4977');
INSERT INTO `elements` (`id`, `type`, `enabled`, `archived`, `dateCreated`, `dateUpdated`, `uid`) VALUES ('66', 'Asset', '1', '0', '2015-05-14 04:39:08', '2015-05-14 04:39:08', 'c8fa52eb-4f6f-4806-92c6-ddcce9224ae2');
INSERT INTO `elements` (`id`, `type`, `enabled`, `archived`, `dateCreated`, `dateUpdated`, `uid`) VALUES ('67', 'Asset', '1', '0', '2015-05-14 05:12:06', '2015-05-14 05:12:06', '3669fc4a-215d-416d-9c4a-474d77bcce9f');
INSERT INTO `elements` (`id`, `type`, `enabled`, `archived`, `dateCreated`, `dateUpdated`, `uid`) VALUES ('68', 'MatrixBlock', '1', '0', '2015-05-15 01:51:35', '2015-05-17 23:29:44', 'd2a8766f-c588-4fae-96fe-6ff0de2b6857');
INSERT INTO `elements` (`id`, `type`, `enabled`, `archived`, `dateCreated`, `dateUpdated`, `uid`) VALUES ('69', 'Asset', '1', '0', '2015-05-15 06:14:30', '2015-05-15 06:14:30', 'ad05be68-ca4e-4c90-88a4-ad068697db19');
INSERT INTO `elements` (`id`, `type`, `enabled`, `archived`, `dateCreated`, `dateUpdated`, `uid`) VALUES ('70', 'Asset', '1', '0', '2015-05-15 06:24:36', '2015-05-15 06:24:36', '39e734ad-4095-4ec4-977d-dbbfcf2fc0e3');
INSERT INTO `elements` (`id`, `type`, `enabled`, `archived`, `dateCreated`, `dateUpdated`, `uid`) VALUES ('71', 'Asset', '1', '0', '2015-05-15 06:31:34', '2015-05-15 06:31:34', 'd6bdfc73-cd84-43b2-9fd0-cbab33b46537');
INSERT INTO `elements` (`id`, `type`, `enabled`, `archived`, `dateCreated`, `dateUpdated`, `uid`) VALUES ('72', 'Asset', '1', '0', '2015-05-15 06:35:58', '2015-05-15 06:40:24', '604502a5-a338-43ed-811b-08badca3dec4');
INSERT INTO `elements` (`id`, `type`, `enabled`, `archived`, `dateCreated`, `dateUpdated`, `uid`) VALUES ('76', 'Asset', '1', '0', '2015-05-15 06:45:26', '2015-05-15 06:50:40', '67755dcd-1ee5-4898-b25c-4c418235bd5b');
INSERT INTO `elements` (`id`, `type`, `enabled`, `archived`, `dateCreated`, `dateUpdated`, `uid`) VALUES ('78', 'Asset', '1', '0', '2015-05-15 06:57:06', '2015-05-15 07:06:12', 'f4b05c23-1216-4129-8a4e-f33c4e686bbe');
INSERT INTO `elements` (`id`, `type`, `enabled`, `archived`, `dateCreated`, `dateUpdated`, `uid`) VALUES ('80', 'Asset', '1', '0', '2015-05-15 07:16:02', '2015-05-15 07:17:40', '0604a8f6-65e2-4f27-800f-783321ca1af6');
INSERT INTO `elements` (`id`, `type`, `enabled`, `archived`, `dateCreated`, `dateUpdated`, `uid`) VALUES ('82', 'Asset', '1', '0', '2015-05-15 07:31:13', '2015-05-15 07:31:13', '4d211e38-a326-4b7a-a47a-5544b041b721');
INSERT INTO `elements` (`id`, `type`, `enabled`, `archived`, `dateCreated`, `dateUpdated`, `uid`) VALUES ('83', 'GlobalSet', '1', '0', '2015-05-16 17:02:24', '2015-05-17 01:01:24', '56fc4805-8ff0-4b79-81c9-ef35c0fc02e8');
INSERT INTO `elements` (`id`, `type`, `enabled`, `archived`, `dateCreated`, `dateUpdated`, `uid`) VALUES ('84', 'Asset', '1', '0', '2015-05-17 19:16:05', '2015-05-18 02:29:34', '3b34e137-7d6f-4ef1-8b60-560b55dc0c60');
INSERT INTO `elements` (`id`, `type`, `enabled`, `archived`, `dateCreated`, `dateUpdated`, `uid`) VALUES ('85', 'Asset', '1', '0', '2015-05-17 23:01:16', '2015-05-17 23:01:29', 'da84a080-d190-4aba-bcac-5266628910e0');
INSERT INTO `elements` (`id`, `type`, `enabled`, `archived`, `dateCreated`, `dateUpdated`, `uid`) VALUES ('86', 'Asset', '1', '0', '2015-05-17 23:29:06', '2015-05-17 23:29:16', 'a67b4070-d7d7-48e2-b938-8aa952a1a7ae');



DROP TABLE IF EXISTS `elements_i18n`;


--
-- Schema for table `elements_i18n`
--
CREATE TABLE `elements_i18n` (
  `id` int(11) NOT NULL AUTO_INCREMENT,
  `elementId` int(11) NOT NULL,
  `locale` char(12) COLLATE utf8_unicode_ci NOT NULL,
  `slug` varchar(255) COLLATE utf8_unicode_ci DEFAULT NULL,
  `uri` varchar(255) COLLATE utf8_unicode_ci DEFAULT NULL,
  `enabled` tinyint(1) unsigned NOT NULL DEFAULT '1',
  `dateCreated` datetime NOT NULL,
  `dateUpdated` datetime NOT NULL,
  `uid` char(36) COLLATE utf8_unicode_ci NOT NULL DEFAULT '0',
  PRIMARY KEY (`id`),
  UNIQUE KEY `elements_i18n_elementId_locale_unq_idx` (`elementId`,`locale`),
  UNIQUE KEY `elements_i18n_uri_locale_unq_idx` (`uri`,`locale`),
  KEY `elements_i18n_slug_locale_idx` (`slug`,`locale`),
  KEY `elements_i18n_enabled_idx` (`enabled`),
  KEY `elements_i18n_locale_fk` (`locale`)
) ENGINE=InnoDB AUTO_INCREMENT=89 DEFAULT CHARSET=utf8 COLLATE=utf8_unicode_ci;

--
-- Data for table `elements_i18n`
--

INSERT INTO `elements_i18n` (`id`, `elementId`, `locale`, `slug`, `uri`, `enabled`, `dateCreated`, `dateUpdated`, `uid`) VALUES ('1', '1', 'en_us', '', NULL, '1', '2015-04-26 20:07:23', '2015-04-26 20:07:23', 'e1a0c10c-bb44-4698-8c58-820618be7388');
INSERT INTO `elements_i18n` (`id`, `elementId`, `locale`, `slug`, `uri`, `enabled`, `dateCreated`, `dateUpdated`, `uid`) VALUES ('2', '2', 'en_us', 'home', '__home__', '1', '2015-04-26 20:07:25', '2015-05-10 18:15:58', '425cf5d8-670f-4319-a519-fafeda199d14');
INSERT INTO `elements_i18n` (`id`, `elementId`, `locale`, `slug`, `uri`, `enabled`, `dateCreated`, `dateUpdated`, `uid`) VALUES ('3', '3', 'en_us', 'we-just-installed-craft', 'news/2015/we-just-installed-craft', '1', '2015-04-26 20:07:25', '2015-04-26 20:07:25', 'f75850a5-33e9-4cbb-afae-6be20e194aa6');
INSERT INTO `elements_i18n` (`id`, `elementId`, `locale`, `slug`, `uri`, `enabled`, `dateCreated`, `dateUpdated`, `uid`) VALUES ('4', '4', 'en_us', '', NULL, '1', '2015-04-26 20:37:35', '2015-04-26 20:37:35', '7d32ed72-4c62-43f4-890b-e42755c31639');
INSERT INTO `elements_i18n` (`id`, `elementId`, `locale`, `slug`, `uri`, `enabled`, `dateCreated`, `dateUpdated`, `uid`) VALUES ('5', '5', 'en_us', 'about', 'about', '1', '2015-04-29 01:58:37', '2015-04-29 01:58:37', '738a6763-ba6f-4c94-8509-b69f62bcba19');
INSERT INTO `elements_i18n` (`id`, `elementId`, `locale`, `slug`, `uri`, `enabled`, `dateCreated`, `dateUpdated`, `uid`) VALUES ('6', '6', 'en_us', 'real-time-fengshui', 'projects/real-time-fengshui', '1', '2015-04-29 04:17:46', '2015-05-17 23:29:44', 'af5480f1-d945-42ec-882a-64ec7ed6bc0b');
INSERT INTO `elements_i18n` (`id`, `elementId`, `locale`, `slug`, `uri`, `enabled`, `dateCreated`, `dateUpdated`, `uid`) VALUES ('7', '7', 'en_us', 'projects', NULL, '1', '2015-04-29 14:57:45', '2015-05-10 18:14:28', 'fb939f3e-8d13-45cb-a3a3-f4cb0c24c56c');
INSERT INTO `elements_i18n` (`id`, `elementId`, `locale`, `slug`, `uri`, `enabled`, `dateCreated`, `dateUpdated`, `uid`) VALUES ('8', '8', 'en_us', 'labs', NULL, '1', '2015-04-29 14:57:50', '2015-05-10 18:14:28', '9b1a25c5-5e6d-47a1-a616-e2517a576a9c');
INSERT INTO `elements_i18n` (`id`, `elementId`, `locale`, `slug`, `uri`, `enabled`, `dateCreated`, `dateUpdated`, `uid`) VALUES ('9', '9', 'en_us', 'sleep-well', 'labs/sleep-well', '1', '2015-04-29 16:40:27', '2015-05-15 05:49:47', '7b21ea16-bab2-4c93-9d22-a46ff21c089c');
INSERT INTO `elements_i18n` (`id`, `elementId`, `locale`, `slug`, `uri`, `enabled`, `dateCreated`, `dateUpdated`, `uid`) VALUES ('10', '10', 'en_us', 'liveperson-website', 'projects/liveperson-website', '1', '2015-04-30 03:30:18', '2015-05-15 05:49:43', '78700f5e-0dba-411d-af86-488935507bfd');
INSERT INTO `elements_i18n` (`id`, `elementId`, `locale`, `slug`, `uri`, `enabled`, `dateCreated`, `dateUpdated`, `uid`) VALUES ('12', '12', 'en_us', 'hsin-lei', 'projects/hsin-lei', '1', '2015-05-06 02:06:58', '2015-05-15 06:24:40', '1b478171-4c09-48ae-aa6f-4bdf148392fa');
INSERT INTO `elements_i18n` (`id`, `elementId`, `locale`, `slug`, `uri`, `enabled`, `dateCreated`, `dateUpdated`, `uid`) VALUES ('13', '13', 'en_us', '', NULL, '1', '2015-05-06 02:06:59', '2015-05-15 06:24:40', '60cead69-d30e-4eb2-a289-ec08136824c1');
INSERT INTO `elements_i18n` (`id`, `elementId`, `locale`, `slug`, `uri`, `enabled`, `dateCreated`, `dateUpdated`, `uid`) VALUES ('14', '14', 'en_us', '600x600', NULL, '1', '2015-05-06 02:13:16', '2015-05-06 02:13:16', 'c4481d83-5981-4ab0-bb23-65babbac029a');
INSERT INTO `elements_i18n` (`id`, `elementId`, `locale`, `slug`, `uri`, `enabled`, `dateCreated`, `dateUpdated`, `uid`) VALUES ('15', '15', 'en_us', '640x480', NULL, '1', '2015-05-06 02:23:31', '2015-05-06 02:23:31', '42245f61-0e01-4226-a117-653848836fcf');
INSERT INTO `elements_i18n` (`id`, `elementId`, `locale`, `slug`, `uri`, `enabled`, `dateCreated`, `dateUpdated`, `uid`) VALUES ('16', '16', 'en_us', '1024x768', NULL, '1', '2015-05-06 02:26:23', '2015-05-06 02:26:23', '87065a25-a1bd-4f2c-a47e-a2b553e10c19');
INSERT INTO `elements_i18n` (`id`, `elementId`, `locale`, `slug`, `uri`, `enabled`, `dateCreated`, `dateUpdated`, `uid`) VALUES ('17', '17', 'en_us', '600x600', NULL, '1', '2015-05-06 02:26:47', '2015-05-06 02:26:47', 'd33e8621-819f-4838-b20e-8611a1ce81f7');
INSERT INTO `elements_i18n` (`id`, `elementId`, `locale`, `slug`, `uri`, `enabled`, `dateCreated`, `dateUpdated`, `uid`) VALUES ('18', '18', 'en_us', '400x200', NULL, '1', '2015-05-06 02:27:04', '2015-05-06 02:27:04', '2a461cb9-d9ea-43d0-9ce9-d852fa3d7029');
INSERT INTO `elements_i18n` (`id`, `elementId`, `locale`, `slug`, `uri`, `enabled`, `dateCreated`, `dateUpdated`, `uid`) VALUES ('19', '19', 'en_us', '', NULL, '1', '2015-05-06 02:29:06', '2015-05-15 05:49:43', '07b040ca-6204-4d3c-88db-e50e73eebe60');
INSERT INTO `elements_i18n` (`id`, `elementId`, `locale`, `slug`, `uri`, `enabled`, `dateCreated`, `dateUpdated`, `uid`) VALUES ('20', '20', 'en_us', '', NULL, '1', '2015-05-06 02:30:50', '2015-05-15 05:49:47', 'be4dbcc8-08f3-45fb-8c93-bba2e0bd57a8');
INSERT INTO `elements_i18n` (`id`, `elementId`, `locale`, `slug`, `uri`, `enabled`, `dateCreated`, `dateUpdated`, `uid`) VALUES ('21', '21', 'en_us', '', NULL, '1', '2015-05-06 02:31:29', '2015-05-17 23:29:44', 'd7b99ec4-4c63-4721-87a2-7ef8166c9e9e');
INSERT INTO `elements_i18n` (`id`, `elementId`, `locale`, `slug`, `uri`, `enabled`, `dateCreated`, `dateUpdated`, `uid`) VALUES ('22', '22', 'en_us', 'beverage-trail', 'labs/beverage-trail', '1', '2015-05-06 02:40:58', '2015-05-15 06:14:34', '06abae49-828f-47a9-9a80-bf4a454ccd60');
INSERT INTO `elements_i18n` (`id`, `elementId`, `locale`, `slug`, `uri`, `enabled`, `dateCreated`, `dateUpdated`, `uid`) VALUES ('23', '23', 'en_us', '', NULL, '1', '2015-05-06 02:40:58', '2015-05-15 06:14:34', '887f82bb-db7d-463e-9376-7779fba51c9d');
INSERT INTO `elements_i18n` (`id`, `elementId`, `locale`, `slug`, `uri`, `enabled`, `dateCreated`, `dateUpdated`, `uid`) VALUES ('24', '24', 'en_us', 'party-planner', 'projects/party-planner', '1', '2015-05-06 02:43:23', '2015-05-15 05:49:29', '722c07ab-01fc-4f6d-a8a5-4983da24f592');
INSERT INTO `elements_i18n` (`id`, `elementId`, `locale`, `slug`, `uri`, `enabled`, `dateCreated`, `dateUpdated`, `uid`) VALUES ('25', '25', 'en_us', '', NULL, '1', '2015-05-06 02:43:23', '2015-05-15 05:49:29', '01ff8d23-9e92-465f-b130-3f840804e12b');
INSERT INTO `elements_i18n` (`id`, `elementId`, `locale`, `slug`, `uri`, `enabled`, `dateCreated`, `dateUpdated`, `uid`) VALUES ('26', '26', 'en_us', 'kanjy-website', 'projects/kanjy-website', '1', '2015-05-06 02:50:43', '2015-05-15 06:50:44', '899c13bc-e0cb-46e3-8ea4-6ab7a43594b2');
INSERT INTO `elements_i18n` (`id`, `elementId`, `locale`, `slug`, `uri`, `enabled`, `dateCreated`, `dateUpdated`, `uid`) VALUES ('27', '27', 'en_us', '', NULL, '1', '2015-05-06 02:50:43', '2015-05-15 06:50:44', 'bd0b30f1-1e61-487b-9576-cf3a401d39e9');
INSERT INTO `elements_i18n` (`id`, `elementId`, `locale`, `slug`, `uri`, `enabled`, `dateCreated`, `dateUpdated`, `uid`) VALUES ('28', '28', 'en_us', 'falcon', 'projects/falcon', '1', '2015-05-06 03:14:49', '2015-05-15 06:31:39', '7c1ab695-b8bf-4fd0-9261-16e4b4cdef0a');
INSERT INTO `elements_i18n` (`id`, `elementId`, `locale`, `slug`, `uri`, `enabled`, `dateCreated`, `dateUpdated`, `uid`) VALUES ('29', '29', 'en_us', '', NULL, '1', '2015-05-06 03:14:49', '2015-05-15 06:31:39', '339d1c7a-699f-405e-b2ad-27971b2e9a8e');
INSERT INTO `elements_i18n` (`id`, `elementId`, `locale`, `slug`, `uri`, `enabled`, `dateCreated`, `dateUpdated`, `uid`) VALUES ('30', '30', 'en_us', 'dresssmart', 'projects/dresssmart', '1', '2015-05-06 03:16:59', '2015-05-15 06:40:28', '9ded9f98-1e2c-48fa-ac5f-4d7d206c9de5');
INSERT INTO `elements_i18n` (`id`, `elementId`, `locale`, `slug`, `uri`, `enabled`, `dateCreated`, `dateUpdated`, `uid`) VALUES ('31', '31', 'en_us', '', NULL, '1', '2015-05-06 03:16:59', '2015-05-15 06:40:28', '8cd643e7-daa4-4e3e-a510-9a25c66f375c');
INSERT INTO `elements_i18n` (`id`, `elementId`, `locale`, `slug`, `uri`, `enabled`, `dateCreated`, `dateUpdated`, `uid`) VALUES ('32', '32', 'en_us', 'sandata', 'projects/sandata', '1', '2015-05-06 03:19:41', '2015-05-15 05:49:10', 'a4f6185b-8b6a-469a-87f8-9acab787d245');
INSERT INTO `elements_i18n` (`id`, `elementId`, `locale`, `slug`, `uri`, `enabled`, `dateCreated`, `dateUpdated`, `uid`) VALUES ('33', '33', 'en_us', '', NULL, '1', '2015-05-06 03:19:41', '2015-05-15 05:49:10', '61d42545-82e4-4044-bb27-f5688b7d229d');
INSERT INTO `elements_i18n` (`id`, `elementId`, `locale`, `slug`, `uri`, `enabled`, `dateCreated`, `dateUpdated`, `uid`) VALUES ('34', '34', 'en_us', 'ideation-website', 'projects/ideation-website', '1', '2015-05-06 03:22:54', '2015-05-15 07:06:15', '58745bf0-1d04-4ff9-8716-b1d531bcfdb7');
INSERT INTO `elements_i18n` (`id`, `elementId`, `locale`, `slug`, `uri`, `enabled`, `dateCreated`, `dateUpdated`, `uid`) VALUES ('35', '35', 'en_us', '', NULL, '1', '2015-05-06 03:22:55', '2015-05-15 07:06:15', '5f9a6c52-1365-44bd-b12e-a052b1364fbe');
INSERT INTO `elements_i18n` (`id`, `elementId`, `locale`, `slug`, `uri`, `enabled`, `dateCreated`, `dateUpdated`, `uid`) VALUES ('36', '36', 'en_us', 'wedwu-redesign', 'labs/wedwu-redesign', '1', '2015-05-06 03:24:59', '2015-05-15 05:48:56', '1e3169c6-f70e-4954-8c06-a8590a2906d1');
INSERT INTO `elements_i18n` (`id`, `elementId`, `locale`, `slug`, `uri`, `enabled`, `dateCreated`, `dateUpdated`, `uid`) VALUES ('37', '37', 'en_us', '', NULL, '1', '2015-05-06 03:24:59', '2015-05-15 05:48:56', 'f03da2e5-ffdc-4e63-afad-b82230975221');
INSERT INTO `elements_i18n` (`id`, `elementId`, `locale`, `slug`, `uri`, `enabled`, `dateCreated`, `dateUpdated`, `uid`) VALUES ('38', '38', 'en_us', 'train-tracker-app', 'labs/train-tracker-app', '1', '2015-05-06 03:35:44', '2015-05-15 05:48:52', 'dfee7479-8547-451d-85c1-a9333727d64d');
INSERT INTO `elements_i18n` (`id`, `elementId`, `locale`, `slug`, `uri`, `enabled`, `dateCreated`, `dateUpdated`, `uid`) VALUES ('39', '39', 'en_us', '', NULL, '1', '2015-05-06 03:35:44', '2015-05-15 05:48:52', '0743049c-32e3-4669-956b-6561072928e6');
INSERT INTO `elements_i18n` (`id`, `elementId`, `locale`, `slug`, `uri`, `enabled`, `dateCreated`, `dateUpdated`, `uid`) VALUES ('40', '40', 'en_us', 'music-box', 'labs/music-box', '1', '2015-05-06 03:38:20', '2015-05-15 05:48:45', '0bc8844e-696f-4d3d-95c4-f36e9cfc5a8f');
INSERT INTO `elements_i18n` (`id`, `elementId`, `locale`, `slug`, `uri`, `enabled`, `dateCreated`, `dateUpdated`, `uid`) VALUES ('41', '41', 'en_us', '', NULL, '1', '2015-05-06 03:38:20', '2015-05-15 05:48:45', '494476ed-144c-4e48-806e-fb1ef5c66831');
INSERT INTO `elements_i18n` (`id`, `elementId`, `locale`, `slug`, `uri`, `enabled`, `dateCreated`, `dateUpdated`, `uid`) VALUES ('42', '42', 'en_us', 'innovative-presentation-for-verbalized', 'labs/innovative-presentation-for-verbalized', '1', '2015-05-06 03:41:09', '2015-05-15 07:31:16', 'e15e0b8e-433a-4088-a74d-d1b0f9b6fa03');
INSERT INTO `elements_i18n` (`id`, `elementId`, `locale`, `slug`, `uri`, `enabled`, `dateCreated`, `dateUpdated`, `uid`) VALUES ('43', '43', 'en_us', '', NULL, '1', '2015-05-06 03:41:09', '2015-05-15 07:31:16', '6b30c60e-00fe-49b4-821a-7c800b2398c2');
INSERT INTO `elements_i18n` (`id`, `elementId`, `locale`, `slug`, `uri`, `enabled`, `dateCreated`, `dateUpdated`, `uid`) VALUES ('44', '44', 'en_us', 'gym-research', 'labs/gym-research', '1', '2015-05-06 03:44:04', '2015-05-15 05:48:33', '75bb9a18-a568-4c41-9bc8-45564f216f66');
INSERT INTO `elements_i18n` (`id`, `elementId`, `locale`, `slug`, `uri`, `enabled`, `dateCreated`, `dateUpdated`, `uid`) VALUES ('45', '45', 'en_us', '', NULL, '1', '2015-05-06 03:44:04', '2015-05-15 05:48:34', '05dd7732-dba8-4d27-b4c0-c8f1dcd58995');
INSERT INTO `elements_i18n` (`id`, `elementId`, `locale`, `slug`, `uri`, `enabled`, `dateCreated`, `dateUpdated`, `uid`) VALUES ('46', '46', 'en_us', 'music-image-app-for-the-ipad', 'labs/music-image-app-for-the-ipad', '1', '2015-05-06 03:46:09', '2015-05-15 05:48:29', '0690959e-e08a-44be-be26-5be0b9836c07');
INSERT INTO `elements_i18n` (`id`, `elementId`, `locale`, `slug`, `uri`, `enabled`, `dateCreated`, `dateUpdated`, `uid`) VALUES ('47', '47', 'en_us', '', NULL, '1', '2015-05-06 03:46:09', '2015-05-15 05:48:29', '9f2ff340-bf37-41a6-8311-6fcfabe1cf51');
INSERT INTO `elements_i18n` (`id`, `elementId`, `locale`, `slug`, `uri`, `enabled`, `dateCreated`, `dateUpdated`, `uid`) VALUES ('48', '48', 'en_us', 'branding-designs', 'labs/branding-designs', '1', '2015-05-06 03:48:04', '2015-05-15 05:47:18', 'dd6fa389-cefd-44e6-96eb-62247b23a897');
INSERT INTO `elements_i18n` (`id`, `elementId`, `locale`, `slug`, `uri`, `enabled`, `dateCreated`, `dateUpdated`, `uid`) VALUES ('49', '49', 'en_us', '', NULL, '1', '2015-05-06 03:48:04', '2015-05-15 05:47:18', '2e6018ce-4844-4e56-8091-fdf5a82491e4');
INSERT INTO `elements_i18n` (`id`, `elementId`, `locale`, `slug`, `uri`, `enabled`, `dateCreated`, `dateUpdated`, `uid`) VALUES ('50', '50', 'en_us', '', NULL, '1', '2015-05-07 01:06:40', '2015-05-16 17:05:06', 'fe80bac3-3dfe-4ba5-8fd9-9d18a4f06976');
INSERT INTO `elements_i18n` (`id`, `elementId`, `locale`, `slug`, `uri`, `enabled`, `dateCreated`, `dateUpdated`, `uid`) VALUES ('51', '51', 'en_us', '', NULL, '1', '2015-05-08 06:02:43', '2015-05-08 06:07:36', '66c589e0-5051-40bb-95ea-f110376b6a07');
INSERT INTO `elements_i18n` (`id`, `elementId`, `locale`, `slug`, `uri`, `enabled`, `dateCreated`, `dateUpdated`, `uid`) VALUES ('52', '52', 'en_us', '', NULL, '1', '2015-05-10 17:10:44', '2015-05-10 17:18:23', '0cb10584-14da-47f3-b5cb-736f3936193c');
INSERT INTO `elements_i18n` (`id`, `elementId`, `locale`, `slug`, `uri`, `enabled`, `dateCreated`, `dateUpdated`, `uid`) VALUES ('55', '53', 'en_us', 'labs', 'labs', '1', '2015-05-10 18:20:30', '2015-05-10 19:08:32', '9a99bbc7-b30a-460b-8f05-6fb4ed0d4431');
INSERT INTO `elements_i18n` (`id`, `elementId`, `locale`, `slug`, `uri`, `enabled`, `dateCreated`, `dateUpdated`, `uid`) VALUES ('56', '54', 'en_us', '960x500', NULL, '1', '2015-05-12 00:58:03', '2015-05-12 00:58:03', '74caf0f4-ce92-4154-b9c4-12a7f0f53c09');
INSERT INTO `elements_i18n` (`id`, `elementId`, `locale`, `slug`, `uri`, `enabled`, `dateCreated`, `dateUpdated`, `uid`) VALUES ('57', '55', 'en_us', '', NULL, '1', '2015-05-12 00:58:31', '2015-05-17 23:29:44', '0ccb972e-f4c6-46b4-a7cd-5fd3061f76c0');
INSERT INTO `elements_i18n` (`id`, `elementId`, `locale`, `slug`, `uri`, `enabled`, `dateCreated`, `dateUpdated`, `uid`) VALUES ('58', '56', 'en_us', '', NULL, '1', '2015-05-12 00:58:31', '2015-05-17 23:29:44', '23cf151f-830f-4144-9a3b-7fada009d123');
INSERT INTO `elements_i18n` (`id`, `elementId`, `locale`, `slug`, `uri`, `enabled`, `dateCreated`, `dateUpdated`, `uid`) VALUES ('59', '57', 'en_us', '960x500-2x', NULL, '1', '2015-05-12 04:06:08', '2015-05-12 04:06:08', 'a26e9579-2ca6-4d3d-b98b-43a7625a8031');
INSERT INTO `elements_i18n` (`id`, `elementId`, `locale`, `slug`, `uri`, `enabled`, `dateCreated`, `dateUpdated`, `uid`) VALUES ('60', '58', 'en_us', '960x500', NULL, '1', '2015-05-13 01:52:35', '2015-05-13 01:52:35', '3e3ff6db-1195-49e2-a10e-b07232222bf5');
INSERT INTO `elements_i18n` (`id`, `elementId`, `locale`, `slug`, `uri`, `enabled`, `dateCreated`, `dateUpdated`, `uid`) VALUES ('61', '59', 'en_us', '640x480', NULL, '1', '2015-05-13 01:52:47', '2015-05-13 01:52:47', '292a0c5d-b3c7-462b-9ec7-f7766b7b3b42');
INSERT INTO `elements_i18n` (`id`, `elementId`, `locale`, `slug`, `uri`, `enabled`, `dateCreated`, `dateUpdated`, `uid`) VALUES ('62', '60', 'en_us', '', NULL, '1', '2015-05-13 01:53:28', '2015-05-17 23:29:44', '24652103-8a66-4d01-a6f0-1029dbe29f0b');
INSERT INTO `elements_i18n` (`id`, `elementId`, `locale`, `slug`, `uri`, `enabled`, `dateCreated`, `dateUpdated`, `uid`) VALUES ('63', '61', 'en_us', '', NULL, '1', '2015-05-13 04:29:48', '2015-05-17 23:29:44', 'b27336f6-047f-43d5-be5e-2b86529728e3');
INSERT INTO `elements_i18n` (`id`, `elementId`, `locale`, `slug`, `uri`, `enabled`, `dateCreated`, `dateUpdated`, `uid`) VALUES ('64', '62', 'en_us', '1024x600', NULL, '1', '2015-05-14 03:03:55', '2015-05-14 03:03:55', '54230355-8ccc-4b33-b25a-cf09c236e3c7');
INSERT INTO `elements_i18n` (`id`, `elementId`, `locale`, `slug`, `uri`, `enabled`, `dateCreated`, `dateUpdated`, `uid`) VALUES ('65', '63', 'en_us', '768x1024', NULL, '1', '2015-05-14 03:04:04', '2015-05-14 03:04:04', '9aeff69c-dc54-41b4-a434-e162f7193dd7');
INSERT INTO `elements_i18n` (`id`, `elementId`, `locale`, `slug`, `uri`, `enabled`, `dateCreated`, `dateUpdated`, `uid`) VALUES ('66', '64', 'en_us', '414x736', NULL, '1', '2015-05-14 03:04:12', '2015-05-14 03:04:12', '8e7b9e69-65fb-411b-bcb9-1f906deae154');
INSERT INTO `elements_i18n` (`id`, `elementId`, `locale`, `slug`, `uri`, `enabled`, `dateCreated`, `dateUpdated`, `uid`) VALUES ('67', '65', 'en_us', '', NULL, '1', '2015-05-14 03:04:19', '2015-05-15 05:49:43', '708360a4-14f4-4e85-8f9a-5377839f8157');
INSERT INTO `elements_i18n` (`id`, `elementId`, `locale`, `slug`, `uri`, `enabled`, `dateCreated`, `dateUpdated`, `uid`) VALUES ('68', '66', 'en_us', 'liveperson-jp', NULL, '1', '2015-05-14 04:39:08', '2015-05-14 04:39:08', '3a728f0d-384c-4fe0-b461-0dc7cb5f031b');
INSERT INTO `elements_i18n` (`id`, `elementId`, `locale`, `slug`, `uri`, `enabled`, `dateCreated`, `dateUpdated`, `uid`) VALUES ('69', '67', 'en_us', 'liveperson-desktop-screen', NULL, '1', '2015-05-14 05:12:06', '2015-05-14 05:12:06', 'eb0c6a48-9d71-4870-99e3-9e7c900901ac');
INSERT INTO `elements_i18n` (`id`, `elementId`, `locale`, `slug`, `uri`, `enabled`, `dateCreated`, `dateUpdated`, `uid`) VALUES ('70', '68', 'en_us', '', NULL, '1', '2015-05-15 01:51:35', '2015-05-17 23:29:44', 'e42fdb8e-5290-4e28-a8c8-02861f6b23a3');
INSERT INTO `elements_i18n` (`id`, `elementId`, `locale`, `slug`, `uri`, `enabled`, `dateCreated`, `dateUpdated`, `uid`) VALUES ('71', '69', 'en_us', 'cbt-branding', NULL, '1', '2015-05-15 06:14:30', '2015-05-15 06:14:30', 'dd789fe0-22b5-43bf-b0e9-e4d5fa5dfd98');
INSERT INTO `elements_i18n` (`id`, `elementId`, `locale`, `slug`, `uri`, `enabled`, `dateCreated`, `dateUpdated`, `uid`) VALUES ('72', '70', 'en_us', 'hsinlei-branding', NULL, '1', '2015-05-15 06:24:36', '2015-05-15 06:24:36', '7ea54b43-112b-4fc0-99b1-2c3a08c7432f');
INSERT INTO `elements_i18n` (`id`, `elementId`, `locale`, `slug`, `uri`, `enabled`, `dateCreated`, `dateUpdated`, `uid`) VALUES ('73', '71', 'en_us', 'falcon-branding', NULL, '1', '2015-05-15 06:31:34', '2015-05-15 06:31:34', '013385b2-e927-4d9b-856e-50e7430f6cb9');
INSERT INTO `elements_i18n` (`id`, `elementId`, `locale`, `slug`, `uri`, `enabled`, `dateCreated`, `dateUpdated`, `uid`) VALUES ('74', '72', 'en_us', 'dresssmart-branding', NULL, '1', '2015-05-15 06:35:58', '2015-05-15 06:40:24', 'e5e45fbd-dffa-42c5-bb16-0abed0890aa7');
INSERT INTO `elements_i18n` (`id`, `elementId`, `locale`, `slug`, `uri`, `enabled`, `dateCreated`, `dateUpdated`, `uid`) VALUES ('78', '76', 'en_us', 'kanjy-branding', NULL, '1', '2015-05-15 06:45:26', '2015-05-15 06:50:40', '56bd2517-94b7-41ec-b053-1fe93426638b');
INSERT INTO `elements_i18n` (`id`, `elementId`, `locale`, `slug`, `uri`, `enabled`, `dateCreated`, `dateUpdated`, `uid`) VALUES ('80', '78', 'en_us', 'ideation-branding', NULL, '1', '2015-05-15 06:57:06', '2015-05-15 07:06:12', 'ec6c6aa0-c8be-4803-b484-c9123ed12277');
INSERT INTO `elements_i18n` (`id`, `elementId`, `locale`, `slug`, `uri`, `enabled`, `dateCreated`, `dateUpdated`, `uid`) VALUES ('82', '80', 'en_us', 'fengshui-branding', NULL, '1', '2015-05-15 07:16:02', '2015-05-15 07:17:40', '230e623e-b95b-4e5b-87f6-959fc8dc88c1');
INSERT INTO `elements_i18n` (`id`, `elementId`, `locale`, `slug`, `uri`, `enabled`, `dateCreated`, `dateUpdated`, `uid`) VALUES ('84', '82', 'en_us', 'verbalizeit-branding', NULL, '1', '2015-05-15 07:31:13', '2015-05-15 07:31:13', '9a0a2ec7-b393-46ff-a565-69b74692e30b');
INSERT INTO `elements_i18n` (`id`, `elementId`, `locale`, `slug`, `uri`, `enabled`, `dateCreated`, `dateUpdated`, `uid`) VALUES ('85', '83', 'en_us', '', NULL, '1', '2015-05-16 17:02:24', '2015-05-17 01:01:24', '7f15eb9b-56f3-4d23-97da-54fb092b25ab');
INSERT INTO `elements_i18n` (`id`, `elementId`, `locale`, `slug`, `uri`, `enabled`, `dateCreated`, `dateUpdated`, `uid`) VALUES ('86', '84', 'en_us', 'fengshui-ipad-boysroom', NULL, '1', '2015-05-17 19:16:05', '2015-05-18 02:29:34', 'ea988e3b-8a66-45d8-8386-180912896ab1');
INSERT INTO `elements_i18n` (`id`, `elementId`, `locale`, `slug`, `uri`, `enabled`, `dateCreated`, `dateUpdated`, `uid`) VALUES ('87', '85', 'en_us', 'fengshui-top-view', NULL, '1', '2015-05-17 23:01:16', '2015-05-17 23:01:29', '6880d639-43ca-4da9-b590-d1a595af4958');
INSERT INTO `elements_i18n` (`id`, `elementId`, `locale`, `slug`, `uri`, `enabled`, `dateCreated`, `dateUpdated`, `uid`) VALUES ('88', '86', 'en_us', 'fengshui-goldfish', NULL, '1', '2015-05-17 23:29:06', '2015-05-17 23:29:16', 'b2c11bb2-0b09-448a-a2c5-94ff1d156a15');



DROP TABLE IF EXISTS `emailmessages`;


--
-- Schema for table `emailmessages`
--
CREATE TABLE `emailmessages` (
  `id` int(11) NOT NULL AUTO_INCREMENT,
  `key` char(150) COLLATE utf8_unicode_ci NOT NULL,
  `locale` char(12) COLLATE utf8_unicode_ci NOT NULL,
  `subject` varchar(1000) COLLATE utf8_unicode_ci NOT NULL,
  `body` text COLLATE utf8_unicode_ci NOT NULL,
  `dateCreated` datetime NOT NULL,
  `dateUpdated` datetime NOT NULL,
  `uid` char(36) COLLATE utf8_unicode_ci NOT NULL DEFAULT '0',
  PRIMARY KEY (`id`),
  UNIQUE KEY `emailmessages_key_locale_unq_idx` (`key`,`locale`),
  KEY `emailmessages_locale_fk` (`locale`)
) ENGINE=InnoDB DEFAULT CHARSET=utf8 COLLATE=utf8_unicode_ci;

DROP TABLE IF EXISTS `entries`;


--
-- Schema for table `entries`
--
CREATE TABLE `entries` (
  `id` int(11) NOT NULL,
  `sectionId` int(11) NOT NULL,
  `typeId` int(11) DEFAULT NULL,
  `authorId` int(11) DEFAULT NULL,
  `postDate` datetime DEFAULT NULL,
  `expiryDate` datetime DEFAULT NULL,
  `dateCreated` datetime NOT NULL,
  `dateUpdated` datetime NOT NULL,
  `uid` char(36) COLLATE utf8_unicode_ci NOT NULL DEFAULT '0',
  PRIMARY KEY (`id`),
  KEY `entries_sectionId_idx` (`sectionId`),
  KEY `entries_typeId_idx` (`typeId`),
  KEY `entries_postDate_idx` (`postDate`),
  KEY `entries_expiryDate_idx` (`expiryDate`),
  KEY `entries_authorId_fk` (`authorId`)
) ENGINE=InnoDB DEFAULT CHARSET=utf8 COLLATE=utf8_unicode_ci;

--
-- Data for table `entries`
--

INSERT INTO `entries` (`id`, `sectionId`, `typeId`, `authorId`, `postDate`, `expiryDate`, `dateCreated`, `dateUpdated`, `uid`) VALUES ('2', '1', '1', NULL, '2015-05-10 18:15:58', NULL, '2015-04-26 20:07:25', '2015-05-10 18:15:58', '51698b04-7b7a-4d11-ab22-dd23d5a63045');
INSERT INTO `entries` (`id`, `sectionId`, `typeId`, `authorId`, `postDate`, `expiryDate`, `dateCreated`, `dateUpdated`, `uid`) VALUES ('3', '2', '2', '1', '2015-04-26 20:07:25', NULL, '2015-04-26 20:07:25', '2015-04-26 20:07:25', 'bede34d6-fb01-41cf-938f-50c0c6292550');
INSERT INTO `entries` (`id`, `sectionId`, `typeId`, `authorId`, `postDate`, `expiryDate`, `dateCreated`, `dateUpdated`, `uid`) VALUES ('5', '5', '5', NULL, '2015-04-29 01:58:37', NULL, '2015-04-29 01:58:37', '2015-04-29 01:58:37', '21ca004d-1137-4947-add4-d82af47801f0');
INSERT INTO `entries` (`id`, `sectionId`, `typeId`, `authorId`, `postDate`, `expiryDate`, `dateCreated`, `dateUpdated`, `uid`) VALUES ('6', '3', '3', '1', '2015-04-29 04:17:00', NULL, '2015-04-29 04:17:46', '2015-05-17 23:29:44', '99902b9a-5408-44e6-98aa-68ebdc49fb95');
INSERT INTO `entries` (`id`, `sectionId`, `typeId`, `authorId`, `postDate`, `expiryDate`, `dateCreated`, `dateUpdated`, `uid`) VALUES ('9', '3', '3', '1', '2015-04-29 16:40:00', NULL, '2015-04-29 16:40:27', '2015-05-15 05:49:47', '32a6f039-2c63-4334-9c5d-e9f257c3e654');
INSERT INTO `entries` (`id`, `sectionId`, `typeId`, `authorId`, `postDate`, `expiryDate`, `dateCreated`, `dateUpdated`, `uid`) VALUES ('10', '3', '3', '1', '2015-04-30 03:30:00', NULL, '2015-04-30 03:30:18', '2015-05-15 05:49:43', '55ae942f-2361-44d9-b4e4-4069524bde16');
INSERT INTO `entries` (`id`, `sectionId`, `typeId`, `authorId`, `postDate`, `expiryDate`, `dateCreated`, `dateUpdated`, `uid`) VALUES ('12', '3', '3', '1', '2015-05-06 02:05:00', NULL, '2015-05-06 02:06:59', '2015-05-15 06:24:40', 'c8d26b6a-bae2-4144-bdeb-36a956c3b486');
INSERT INTO `entries` (`id`, `sectionId`, `typeId`, `authorId`, `postDate`, `expiryDate`, `dateCreated`, `dateUpdated`, `uid`) VALUES ('22', '3', '3', '1', '2015-05-06 02:40:00', NULL, '2015-05-06 02:40:58', '2015-05-15 06:14:34', '9de6be2b-169e-45b1-9b05-58b5afd4c613');
INSERT INTO `entries` (`id`, `sectionId`, `typeId`, `authorId`, `postDate`, `expiryDate`, `dateCreated`, `dateUpdated`, `uid`) VALUES ('24', '3', '3', '1', '2015-05-06 02:43:00', NULL, '2015-05-06 02:43:23', '2015-05-15 05:49:29', 'cb0b5e41-d93c-468b-8e7f-65beb48cdf72');
INSERT INTO `entries` (`id`, `sectionId`, `typeId`, `authorId`, `postDate`, `expiryDate`, `dateCreated`, `dateUpdated`, `uid`) VALUES ('26', '3', '3', '1', '2015-05-06 02:50:00', NULL, '2015-05-06 02:50:43', '2015-05-15 06:50:44', '2bd05cd6-5452-40a2-9f84-111ba8bc236f');
INSERT INTO `entries` (`id`, `sectionId`, `typeId`, `authorId`, `postDate`, `expiryDate`, `dateCreated`, `dateUpdated`, `uid`) VALUES ('28', '3', '3', '1', '2015-05-06 03:14:00', NULL, '2015-05-06 03:14:49', '2015-05-15 06:31:39', 'ea721196-8fc8-4528-8c27-cdf53d9d16d5');
INSERT INTO `entries` (`id`, `sectionId`, `typeId`, `authorId`, `postDate`, `expiryDate`, `dateCreated`, `dateUpdated`, `uid`) VALUES ('30', '3', '3', '1', '2015-05-06 03:16:00', NULL, '2015-05-06 03:16:59', '2015-05-15 06:40:28', 'b2d1c5fe-ee40-4fc5-b4fe-93b8856f478b');
INSERT INTO `entries` (`id`, `sectionId`, `typeId`, `authorId`, `postDate`, `expiryDate`, `dateCreated`, `dateUpdated`, `uid`) VALUES ('32', '3', '3', '1', '2015-05-06 03:19:00', NULL, '2015-05-06 03:19:41', '2015-05-15 05:49:10', 'b97b453e-2886-4684-b972-9ec8bd1be455');
INSERT INTO `entries` (`id`, `sectionId`, `typeId`, `authorId`, `postDate`, `expiryDate`, `dateCreated`, `dateUpdated`, `uid`) VALUES ('34', '3', '3', '1', '2015-05-06 03:22:00', NULL, '2015-05-06 03:22:55', '2015-05-15 07:06:15', '75b4f064-de9f-4edb-8b27-66eea6171889');
INSERT INTO `entries` (`id`, `sectionId`, `typeId`, `authorId`, `postDate`, `expiryDate`, `dateCreated`, `dateUpdated`, `uid`) VALUES ('36', '3', '3', '1', '2015-05-06 03:24:00', NULL, '2015-05-06 03:24:59', '2015-05-15 05:48:56', 'd6988a6c-39f7-4454-995c-cbe8e2971178');
INSERT INTO `entries` (`id`, `sectionId`, `typeId`, `authorId`, `postDate`, `expiryDate`, `dateCreated`, `dateUpdated`, `uid`) VALUES ('38', '3', '3', '1', '2015-05-06 03:35:00', NULL, '2015-05-06 03:35:44', '2015-05-15 05:48:52', '20763c4b-0656-456c-8920-f59062957acc');
INSERT INTO `entries` (`id`, `sectionId`, `typeId`, `authorId`, `postDate`, `expiryDate`, `dateCreated`, `dateUpdated`, `uid`) VALUES ('40', '3', '3', '1', '2015-05-06 03:38:00', NULL, '2015-05-06 03:38:20', '2015-05-15 05:48:45', 'c22b84ee-f667-4a6f-855a-dc7e340a55bd');
INSERT INTO `entries` (`id`, `sectionId`, `typeId`, `authorId`, `postDate`, `expiryDate`, `dateCreated`, `dateUpdated`, `uid`) VALUES ('42', '3', '3', '1', '2015-05-06 03:41:00', NULL, '2015-05-06 03:41:09', '2015-05-15 07:31:16', '385cb17f-8ceb-4e3c-afb5-a3bde413da60');
INSERT INTO `entries` (`id`, `sectionId`, `typeId`, `authorId`, `postDate`, `expiryDate`, `dateCreated`, `dateUpdated`, `uid`) VALUES ('44', '3', '3', '1', '2015-05-06 03:44:00', NULL, '2015-05-06 03:44:04', '2015-05-15 05:48:34', '82cbeaee-3690-45c5-aa5c-74b32236e88d');
INSERT INTO `entries` (`id`, `sectionId`, `typeId`, `authorId`, `postDate`, `expiryDate`, `dateCreated`, `dateUpdated`, `uid`) VALUES ('46', '3', '3', '1', '2015-05-06 03:46:00', NULL, '2015-05-06 03:46:09', '2015-05-15 05:48:29', 'e73fa562-e7bd-4490-b51b-9781ce6b0011');
INSERT INTO `entries` (`id`, `sectionId`, `typeId`, `authorId`, `postDate`, `expiryDate`, `dateCreated`, `dateUpdated`, `uid`) VALUES ('48', '3', '3', '1', '2015-05-06 03:48:00', NULL, '2015-05-06 03:48:04', '2015-05-15 05:47:18', '86508c62-03c5-42e7-b901-1d8288d42590');
INSERT INTO `entries` (`id`, `sectionId`, `typeId`, `authorId`, `postDate`, `expiryDate`, `dateCreated`, `dateUpdated`, `uid`) VALUES ('53', '6', '6', NULL, '2015-05-10 18:29:55', NULL, '2015-05-10 18:20:30', '2015-05-10 19:08:32', '351f339a-91ff-49ff-b114-d9f35f7f2c98');



DROP TABLE IF EXISTS `entrydrafts`;


--
-- Schema for table `entrydrafts`
--
CREATE TABLE `entrydrafts` (
  `id` int(11) NOT NULL AUTO_INCREMENT,
  `entryId` int(11) NOT NULL,
  `sectionId` int(11) NOT NULL,
  `creatorId` int(11) NOT NULL,
  `locale` char(12) COLLATE utf8_unicode_ci NOT NULL,
  `name` varchar(255) COLLATE utf8_unicode_ci NOT NULL,
  `notes` tinytext COLLATE utf8_unicode_ci,
  `data` mediumtext COLLATE utf8_unicode_ci NOT NULL,
  `dateCreated` datetime NOT NULL,
  `dateUpdated` datetime NOT NULL,
  `uid` char(36) COLLATE utf8_unicode_ci NOT NULL DEFAULT '0',
  PRIMARY KEY (`id`),
  KEY `entrydrafts_entryId_locale_idx` (`entryId`,`locale`),
  KEY `entrydrafts_sectionId_fk` (`sectionId`),
  KEY `entrydrafts_creatorId_fk` (`creatorId`),
  KEY `entrydrafts_locale_fk` (`locale`)
) ENGINE=InnoDB DEFAULT CHARSET=utf8 COLLATE=utf8_unicode_ci;

DROP TABLE IF EXISTS `entrytypes`;


--
-- Schema for table `entrytypes`
--
CREATE TABLE `entrytypes` (
  `id` int(11) NOT NULL AUTO_INCREMENT,
  `sectionId` int(11) NOT NULL,
  `fieldLayoutId` int(11) DEFAULT NULL,
  `name` varchar(255) COLLATE utf8_unicode_ci NOT NULL,
  `handle` varchar(255) COLLATE utf8_unicode_ci NOT NULL,
  `hasTitleField` tinyint(1) unsigned NOT NULL DEFAULT '1',
  `titleLabel` varchar(255) COLLATE utf8_unicode_ci DEFAULT 'Title',
  `titleFormat` varchar(255) COLLATE utf8_unicode_ci DEFAULT NULL,
  `sortOrder` tinyint(4) DEFAULT NULL,
  `dateCreated` datetime NOT NULL,
  `dateUpdated` datetime NOT NULL,
  `uid` char(36) COLLATE utf8_unicode_ci NOT NULL DEFAULT '0',
  PRIMARY KEY (`id`),
  UNIQUE KEY `entrytypes_name_sectionId_unq_idx` (`name`,`sectionId`),
  UNIQUE KEY `entrytypes_handle_sectionId_unq_idx` (`handle`,`sectionId`),
  KEY `entrytypes_sectionId_fk` (`sectionId`),
  KEY `entrytypes_fieldLayoutId_fk` (`fieldLayoutId`)
) ENGINE=InnoDB AUTO_INCREMENT=7 DEFAULT CHARSET=utf8 COLLATE=utf8_unicode_ci;

--
-- Data for table `entrytypes`
--

INSERT INTO `entrytypes` (`id`, `sectionId`, `fieldLayoutId`, `name`, `handle`, `hasTitleField`, `titleLabel`, `titleFormat`, `sortOrder`, `dateCreated`, `dateUpdated`, `uid`) VALUES ('1', '1', '3', 'Homepage', 'homepage', '1', 'Title', NULL, NULL, '2015-04-26 20:07:25', '2015-04-26 20:07:25', '370413d6-1355-4ebc-8555-71d914f1596d');
INSERT INTO `entrytypes` (`id`, `sectionId`, `fieldLayoutId`, `name`, `handle`, `hasTitleField`, `titleLabel`, `titleFormat`, `sortOrder`, `dateCreated`, `dateUpdated`, `uid`) VALUES ('2', '2', '5', 'News', 'news', '1', 'Title', NULL, NULL, '2015-04-26 20:07:25', '2015-04-26 20:07:25', '157cc014-d795-4054-a457-714c260b08a1');
INSERT INTO `entrytypes` (`id`, `sectionId`, `fieldLayoutId`, `name`, `handle`, `hasTitleField`, `titleLabel`, `titleFormat`, `sortOrder`, `dateCreated`, `dateUpdated`, `uid`) VALUES ('3', '3', '150', 'Main', 'main', '1', 'Title', NULL, NULL, '2015-04-29 01:57:30', '2015-05-15 05:47:10', '2b223ffa-af8b-431b-a5eb-2b7830e9943f');
INSERT INTO `entrytypes` (`id`, `sectionId`, `fieldLayoutId`, `name`, `handle`, `hasTitleField`, `titleLabel`, `titleFormat`, `sortOrder`, `dateCreated`, `dateUpdated`, `uid`) VALUES ('5', '5', '8', 'About', 'about', '0', NULL, '{section.name|raw}', NULL, '2015-04-29 01:58:37', '2015-04-29 01:58:37', '27f3246e-d7f0-4465-863e-a2264840b4f9');
INSERT INTO `entrytypes` (`id`, `sectionId`, `fieldLayoutId`, `name`, `handle`, `hasTitleField`, `titleLabel`, `titleFormat`, `sortOrder`, `dateCreated`, `dateUpdated`, `uid`) VALUES ('6', '6', '81', 'Labs', 'labs', '1', 'Title', NULL, NULL, '2015-05-10 18:18:32', '2015-05-10 19:07:41', '04133b25-b6d5-425e-a32c-235039863ef1');



DROP TABLE IF EXISTS `entryversions`;


--
-- Schema for table `entryversions`
--
CREATE TABLE `entryversions` (
  `id` int(11) NOT NULL AUTO_INCREMENT,
  `entryId` int(11) NOT NULL,
  `sectionId` int(11) NOT NULL,
  `creatorId` int(11) DEFAULT NULL,
  `locale` char(12) COLLATE utf8_unicode_ci NOT NULL,
  `num` smallint(6) unsigned NOT NULL,
  `notes` tinytext COLLATE utf8_unicode_ci,
  `data` mediumtext COLLATE utf8_unicode_ci NOT NULL,
  `dateCreated` datetime NOT NULL,
  `dateUpdated` datetime NOT NULL,
  `uid` char(36) COLLATE utf8_unicode_ci NOT NULL DEFAULT '0',
  PRIMARY KEY (`id`),
  KEY `entryversions_entryId_locale_idx` (`entryId`,`locale`),
  KEY `entryversions_sectionId_fk` (`sectionId`),
  KEY `entryversions_creatorId_fk` (`creatorId`),
  KEY `entryversions_locale_fk` (`locale`)
) ENGINE=InnoDB AUTO_INCREMENT=110 DEFAULT CHARSET=utf8 COLLATE=utf8_unicode_ci;

--
-- Data for table `entryversions`
--

INSERT INTO `entryversions` (`id`, `entryId`, `sectionId`, `creatorId`, `locale`, `num`, `notes`, `data`, `dateCreated`, `dateUpdated`, `uid`) VALUES ('1', '6', '3', '1', 'en_us', '1', '', '{\"typeId\":null,\"authorId\":\"1\",\"title\":\"Real-Time Fengshui\",\"slug\":\"real-time-fengshui\",\"postDate\":1430281066,\"expiryDate\":null,\"enabled\":1,\"fields\":{\"10\":\"\",\"11\":\"\",\"12\":\"UX, 2D & 3D Visual Design, Development\",\"3\":\"Fengshui, also known as Geomantic Omen, literally translated to \\u201dwind and water\\u201d in Chinese. Fengshui has some primary disciplines in terms of aesthetics, psychology, and environmental science.\",\"9\":[\"aftereffects\",\"flash\",\"photoshop\",\"blender\",\"css3\",\"html5\",\"javascript\"],\"4\":\"2014\"}}', '2015-04-29 04:17:46', '2015-04-29 04:17:46', '30c7e399-bd64-4721-98db-1e541147969a');
INSERT INTO `entryversions` (`id`, `entryId`, `sectionId`, `creatorId`, `locale`, `num`, `notes`, `data`, `dateCreated`, `dateUpdated`, `uid`) VALUES ('2', '6', '3', '1', 'en_us', '2', '', '{\"typeId\":\"3\",\"authorId\":\"1\",\"title\":\"Real-Time Fengshui\",\"slug\":\"real-time-fengshui\",\"postDate\":1430281020,\"expiryDate\":null,\"enabled\":1,\"fields\":{\"10\":\"\",\"11\":\"\",\"12\":\"UX, 2D & 3D Visual Design, Development\",\"3\":\"Fengshui, also known as Geomantic Omen, literally translated to \\u201dwind and water\\u201d in Chinese. Fengshui has some primary disciplines in terms of aesthetics, psychology, and environmental science.\",\"9\":[\"aftereffects\",\"flash\",\"photoshop\",\"blender\",\"css3\",\"html5\",\"javascript\",\"sketch\",\"webgl\"],\"4\":\"2014\"}}', '2015-04-29 04:18:57', '2015-04-29 04:18:57', 'e8068a81-321a-4297-a96e-b4c2ca1e3238');
INSERT INTO `entryversions` (`id`, `entryId`, `sectionId`, `creatorId`, `locale`, `num`, `notes`, `data`, `dateCreated`, `dateUpdated`, `uid`) VALUES ('3', '6', '3', '1', 'en_us', '3', '', '{\"typeId\":\"3\",\"authorId\":\"1\",\"title\":\"Real-Time Fengshui\",\"slug\":\"real-time-fengshui\",\"postDate\":1430281020,\"expiryDate\":null,\"enabled\":1,\"fields\":{\"10\":\"\",\"11\":\"\",\"13\":[\"7\"],\"12\":\"UX, 2D & 3D Visual Design, Development\",\"3\":\"Fengshui, also known as Geomantic Omen, literally translated to \\u201dwind and water\\u201d in Chinese. Fengshui has some primary disciplines in terms of aesthetics, psychology, and environmental science.\",\"9\":[\"aftereffects\",\"flash\",\"photoshop\",\"blender\",\"css3\",\"html5\",\"javascript\",\"sketch\",\"webgl\"],\"4\":\"2014\"}}', '2015-04-29 15:42:22', '2015-04-29 15:42:22', '7b15c903-c34f-457c-b901-28591bbe3019');
INSERT INTO `entryversions` (`id`, `entryId`, `sectionId`, `creatorId`, `locale`, `num`, `notes`, `data`, `dateCreated`, `dateUpdated`, `uid`) VALUES ('4', '6', '3', '1', 'en_us', '4', '', '{\"typeId\":\"3\",\"authorId\":\"1\",\"title\":\"Real-Time Fengshui\",\"slug\":\"real-time-fengshui\",\"postDate\":1430281020,\"expiryDate\":null,\"enabled\":1,\"fields\":{\"10\":\"\",\"11\":\"\",\"13\":[\"8\"],\"12\":\"UX, 2D & 3D Visual Design, Development\",\"3\":\"Fengshui, also known as Geomantic Omen, literally translated to \\u201dwind and water\\u201d in Chinese. Fengshui has some primary disciplines in terms of aesthetics, psychology, and environmental science.\",\"9\":[\"aftereffects\",\"flash\",\"photoshop\",\"blender\",\"css3\",\"html5\",\"javascript\",\"sketch\",\"webgl\"],\"4\":\"2014\"}}', '2015-04-29 15:42:51', '2015-04-29 15:42:51', '01a011a9-de5a-4e64-96c7-142acd7a863f');
INSERT INTO `entryversions` (`id`, `entryId`, `sectionId`, `creatorId`, `locale`, `num`, `notes`, `data`, `dateCreated`, `dateUpdated`, `uid`) VALUES ('5', '6', '3', '1', 'en_us', '5', '', '{\"typeId\":\"6\",\"authorId\":\"1\",\"title\":\"Summary\",\"slug\":\"real-time-fengshui\",\"postDate\":1430281020,\"expiryDate\":null,\"enabled\":1,\"fields\":[]}', '2015-04-29 15:53:08', '2015-04-29 15:53:08', 'e3b81bd7-7462-46ae-ad15-e346de9ecbba');
INSERT INTO `entryversions` (`id`, `entryId`, `sectionId`, `creatorId`, `locale`, `num`, `notes`, `data`, `dateCreated`, `dateUpdated`, `uid`) VALUES ('6', '6', '3', '1', 'en_us', '6', '', '{\"typeId\":\"3\",\"authorId\":\"1\",\"title\":\"Real-Time Fengshui\",\"slug\":\"real-time-fengshui\",\"postDate\":1430281020,\"expiryDate\":null,\"enabled\":1,\"fields\":{\"10\":\"\",\"11\":\"\",\"13\":[\"8\"],\"12\":\"UX, 2D & 3D Visual Design, Development\",\"3\":\"Fengshui, also known as Geomantic Omen, literally translated to \\u201dwind and water\\u201d in Chinese. Fengshui has some primary disciplines in terms of aesthetics, psychology, and environmental science.\",\"9\":[\"aftereffects\",\"flash\",\"photoshop\",\"blender\",\"css3\",\"html5\",\"javascript\",\"sketch\",\"webgl\"],\"4\":\"2014\"}}', '2015-04-29 15:53:30', '2015-04-29 15:53:30', '373250eb-f64d-4384-af7a-841fcfca7c26');
INSERT INTO `entryversions` (`id`, `entryId`, `sectionId`, `creatorId`, `locale`, `num`, `notes`, `data`, `dateCreated`, `dateUpdated`, `uid`) VALUES ('7', '9', '3', '1', 'en_us', '1', '', '{\"typeId\":null,\"authorId\":\"1\",\"title\":\"Sleep Well Concept\",\"slug\":\"sleep-well-concept\",\"postDate\":1430325627,\"expiryDate\":null,\"enabled\":1,\"fields\":{\"10\":\"\",\"11\":\"\",\"13\":[\"8\"],\"12\":\"UX, Wireframe, Visual Design\",\"3\":\"This is the project description.\",\"9\":[\"photoshop\",\"justinmind\",\"sketch\"],\"4\":\"2014\"}}', '2015-04-29 16:40:27', '2015-04-29 16:40:27', 'd902a7e2-386b-4e12-b394-f41f35cd2d8c');
INSERT INTO `entryversions` (`id`, `entryId`, `sectionId`, `creatorId`, `locale`, `num`, `notes`, `data`, `dateCreated`, `dateUpdated`, `uid`) VALUES ('8', '6', '3', '1', 'en_us', '7', '', '{\"typeId\":\"3\",\"authorId\":\"1\",\"title\":\"Real-Time Fengshui\",\"slug\":\"real-time-fengshui\",\"postDate\":1430281020,\"expiryDate\":null,\"enabled\":1,\"fields\":{\"10\":\"\",\"11\":\"\",\"13\":[\"7\"],\"12\":\"UX, 2D & 3D Visual Design, Development\",\"3\":\"Fengshui, also known as Geomantic Omen, literally translated to \\u201dwind and water\\u201d in Chinese. Fengshui has some primary disciplines in terms of aesthetics, psychology, and environmental science.\",\"9\":[\"aftereffects\",\"flash\",\"photoshop\",\"blender\",\"css3\",\"html5\",\"javascript\",\"sketch\",\"webgl\"],\"4\":\"2014\"}}', '2015-04-29 16:41:09', '2015-04-29 16:41:09', '59185b97-98c2-4c15-ae21-5c944b4f7ae4');
INSERT INTO `entryversions` (`id`, `entryId`, `sectionId`, `creatorId`, `locale`, `num`, `notes`, `data`, `dateCreated`, `dateUpdated`, `uid`) VALUES ('9', '10', '3', '1', 'en_us', '1', '', '{\"typeId\":null,\"authorId\":\"1\",\"title\":\"LivePerson Official Site\",\"slug\":\"liveperson-official-site\",\"postDate\":1430364618,\"expiryDate\":null,\"enabled\":1,\"fields\":{\"10\":\"LivePerson\",\"11\":\"http:\\/\\/www.liveperson.com\\/\",\"13\":[\"7\"],\"12\":\"Visual Design\",\"3\":\"The official website design for LivePerson.\",\"9\":[\"photoshop\"],\"4\":\"2015\"}}', '2015-04-30 03:30:18', '2015-04-30 03:30:18', 'a0c9430a-5994-4c29-a587-1a32f88c68db');
INSERT INTO `entryversions` (`id`, `entryId`, `sectionId`, `creatorId`, `locale`, `num`, `notes`, `data`, `dateCreated`, `dateUpdated`, `uid`) VALUES ('10', '6', '3', '1', 'en_us', '8', '', '{\"typeId\":\"3\",\"authorId\":\"1\",\"title\":\"Real-Time Fengshui\",\"slug\":\"real-time-fengshui\",\"postDate\":1430281020,\"expiryDate\":null,\"enabled\":1,\"fields\":{\"10\":\"\",\"11\":\"\",\"17\":\"\",\"18\":\"\",\"16\":\"\",\"13\":[\"7\"],\"12\":\"UX, 2D & 3D Visual Design, Development\",\"3\":\"Fengshui, also known as Geomantic Omen, literally translated to \\u201dwind and water\\u201d in Chinese. Fengshui has some primary disciplines in terms of aesthetics, psychology, and environmental science.\",\"9\":[\"aftereffects\",\"flash\",\"photoshop\",\"blender\",\"css3\",\"html5\",\"javascript\",\"sketch\",\"webgl\"],\"4\":\"2014\"}}', '2015-04-30 03:49:35', '2015-04-30 03:49:35', '9038e929-2d99-419f-a63a-c6d87bcd4c81');
INSERT INTO `entryversions` (`id`, `entryId`, `sectionId`, `creatorId`, `locale`, `num`, `notes`, `data`, `dateCreated`, `dateUpdated`, `uid`) VALUES ('11', '10', '3', '1', 'en_us', '2', '', '{\"typeId\":\"3\",\"authorId\":\"1\",\"title\":\"LivePerson Official Site\",\"slug\":\"liveperson-official-site\",\"postDate\":1430364600,\"expiryDate\":null,\"enabled\":1,\"fields\":{\"20\":\"<p>This is a cool website.<\\/p>\",\"19\":\"Project Brief\",\"10\":\"LivePerson\",\"11\":\"http:\\/\\/www.liveperson.com\\/\",\"22\":\"<p>I\'ve learned a lot.<\\/p>\",\"21\":\"What I\'ve Learned\",\"17\":\"\",\"18\":\"\",\"16\":\"\",\"13\":[\"7\"],\"12\":\"Visual Design\",\"3\":\"The official website design for LivePerson.\",\"9\":[\"photoshop\"],\"4\":\"2015\"}}', '2015-04-30 04:55:01', '2015-04-30 04:55:01', '13fe07e7-26ba-4021-8e7c-e06f455e2267');
INSERT INTO `entryversions` (`id`, `entryId`, `sectionId`, `creatorId`, `locale`, `num`, `notes`, `data`, `dateCreated`, `dateUpdated`, `uid`) VALUES ('12', '9', '3', '1', 'en_us', '2', '', '{\"typeId\":\"3\",\"authorId\":\"1\",\"title\":\"Sleep Well Concept\",\"slug\":\"sleep-well-concept\",\"postDate\":1430325600,\"expiryDate\":null,\"enabled\":1,\"fields\":{\"20\":\"<p>This is a cool project.<\\/p>\",\"19\":\"Project Brief\",\"10\":\"\",\"11\":\"\",\"22\":\"<p>I\'ve learned a lot.<\\/p>\",\"21\":\"What I\'ve Learned\",\"17\":\"\",\"18\":\"\",\"16\":\"\",\"13\":[\"8\"],\"12\":\"UX, Wireframe, Visual Design\",\"3\":\"This is the project description.\",\"9\":[\"photoshop\",\"justinmind\",\"sketch\"],\"4\":\"2014\"}}', '2015-04-30 04:55:33', '2015-04-30 04:55:33', 'f3db1cff-c1c1-41fe-b8c5-a93486ddd64d');
INSERT INTO `entryversions` (`id`, `entryId`, `sectionId`, `creatorId`, `locale`, `num`, `notes`, `data`, `dateCreated`, `dateUpdated`, `uid`) VALUES ('13', '6', '3', '1', 'en_us', '9', '', '{\"typeId\":\"3\",\"authorId\":\"1\",\"title\":\"Real-Time Fengshui\",\"slug\":\"real-time-fengshui\",\"postDate\":1430281020,\"expiryDate\":null,\"enabled\":1,\"fields\":{\"20\":\"<p>This is a cool project.<\\/p>\",\"19\":\"Project Brief\",\"10\":\"\",\"11\":\"\",\"22\":\"<p>I\'ve learned a lot.<\\/p>\",\"21\":\"What I\'ve Learned\",\"17\":\"\",\"18\":\"\",\"16\":\"\",\"13\":[\"7\"],\"12\":\"UX, 2D & 3D Visual Design, Development\",\"3\":\"Fengshui, also known as Geomantic Omen, literally translated to \\u201dwind and water\\u201d in Chinese. Fengshui has some primary disciplines in terms of aesthetics, psychology, and environmental science.\",\"9\":[\"aftereffects\",\"flash\",\"photoshop\",\"blender\",\"css3\",\"html5\",\"javascript\",\"sketch\",\"webgl\"],\"4\":\"2014\"}}', '2015-04-30 04:56:07', '2015-04-30 04:56:07', '1668b39c-f9c3-42ab-912f-0d1da9f76564');
INSERT INTO `entryversions` (`id`, `entryId`, `sectionId`, `creatorId`, `locale`, `num`, `notes`, `data`, `dateCreated`, `dateUpdated`, `uid`) VALUES ('14', '12', '3', '1', 'en_us', '1', '', '{\"typeId\":null,\"authorId\":\"1\",\"title\":\"Composer Hsin-Lei Chen Portfolio\",\"slug\":\"hsin-lei\",\"postDate\":1430877900,\"expiryDate\":null,\"enabled\":1,\"fields\":{\"24\":\"<p>This is the project analysis text.<\\/p>\",\"39\":\"\",\"23\":\"Project Analysis\",\"20\":\"<p>This is the project brief text.<\\/p>\",\"19\":\"Project Brief\",\"10\":\"Hsin-Lei Chen\",\"11\":\"http:\\/\\/hsinlei.com\",\"25\":{\"new1\":{\"type\":\"mediaFeature\",\"enabled\":\"1\",\"fields\":{\"heading\":\"This is Feature 1\",\"body\":\"<p>This is feature 1 text.<\\/p>\",\"media\":[\"11\"],\"layout\":\"fluid\"}}},\"22\":\"<p>I have learned a lot of things.<\\/p>\",\"21\":\"What I\'ve Learned\",\"43\":\"\",\"17\":\"This is the OG description.\",\"18\":\"\",\"16\":\"Composer Hsin-Lei Chen Portfolio\",\"13\":[\"7\"],\"42\":\"\",\"44\":\"\",\"12\":\"Visual Design\",\"3\":\"The portfolio website of composer Hsin-Lei Chen.\",\"9\":[\"flash\",\"css3\",\"html5\",\"javascript\",\"sketch\",\"webgl\"],\"4\":\"2015\"}}', '2015-05-06 02:06:59', '2015-05-06 02:06:59', 'f01b9bc5-513e-42f0-b791-3a4d3b38bf48');
INSERT INTO `entryversions` (`id`, `entryId`, `sectionId`, `creatorId`, `locale`, `num`, `notes`, `data`, `dateCreated`, `dateUpdated`, `uid`) VALUES ('15', '12', '3', '1', 'en_us', '2', '', '{\"typeId\":\"3\",\"authorId\":\"1\",\"title\":\"Composer Hsin-Lei Chen Portfolio\",\"slug\":\"hsin-lei\",\"postDate\":1430877900,\"expiryDate\":null,\"enabled\":1,\"fields\":{\"24\":\"<p>This is the project analysis text.<\\/p>\",\"39\":\"\",\"23\":\"Project Analysis\",\"20\":\"<p>This is the project brief text.<\\/p>\",\"19\":\"Project Brief\",\"10\":\"Hsin-Lei Chen\",\"11\":\"http:\\/\\/hsinlei.com\",\"25\":{\"13\":{\"type\":\"mediaFeature\",\"enabled\":\"1\",\"fields\":{\"heading\":\"This is Feature 1\",\"body\":\"<p>This is feature 1 text.<\\/p>\",\"media\":[\"15\"],\"layout\":\"fluid\"}}},\"22\":\"<p>I have learned a lot of things.<\\/p>\",\"21\":\"What I\'ve Learned\",\"43\":[\"18\"],\"17\":\"This is the OG description.\",\"18\":\"\",\"16\":\"Composer Hsin-Lei Chen Portfolio\",\"13\":[\"7\"],\"42\":[\"17\"],\"44\":[\"16\"],\"12\":\"Visual Design\",\"3\":\"The portfolio website of composer Hsin-Lei Chen.\",\"9\":[\"flash\",\"css3\",\"html5\",\"javascript\",\"sketch\",\"webgl\"],\"4\":\"2015\"}}', '2015-05-06 02:27:39', '2015-05-06 02:27:39', '57ab5822-46c9-4d9d-a9a6-3e39449ea949');
INSERT INTO `entryversions` (`id`, `entryId`, `sectionId`, `creatorId`, `locale`, `num`, `notes`, `data`, `dateCreated`, `dateUpdated`, `uid`) VALUES ('16', '10', '3', '1', 'en_us', '3', '', '{\"typeId\":\"3\",\"authorId\":\"1\",\"title\":\"LivePerson Official Site\",\"slug\":\"liveperson-official-site\",\"postDate\":1430364600,\"expiryDate\":null,\"enabled\":1,\"fields\":{\"24\":\"\",\"39\":\"\",\"23\":\"\",\"20\":\"<p>This is a cool website.<\\/p>\",\"19\":\"Project Brief\",\"10\":\"LivePerson\",\"11\":\"http:\\/\\/www.liveperson.com\\/\",\"25\":{\"new1\":{\"type\":\"mediaFeature\",\"enabled\":\"1\",\"fields\":{\"heading\":\"Feature 1\",\"body\":\"<p>This is the feature texts.<\\/p>\",\"media\":[\"15\"],\"layout\":\"fluid\"}}},\"22\":\"<p>I\'ve learned a lot.<\\/p>\",\"21\":\"What I\'ve Learned\",\"43\":[\"18\"],\"17\":\"\",\"18\":\"\",\"16\":\"\",\"13\":[\"7\"],\"42\":[\"17\"],\"44\":[\"16\"],\"12\":\"Visual Design\",\"3\":\"The official website design for LivePerson.\",\"9\":[\"photoshop\"],\"4\":\"2015\"}}', '2015-05-06 02:29:06', '2015-05-06 02:29:06', '6eb7967c-3c08-40a7-8964-23d54850b8e5');
INSERT INTO `entryversions` (`id`, `entryId`, `sectionId`, `creatorId`, `locale`, `num`, `notes`, `data`, `dateCreated`, `dateUpdated`, `uid`) VALUES ('17', '9', '3', '1', 'en_us', '3', '', '{\"typeId\":\"3\",\"authorId\":\"1\",\"title\":\"Sleep Well Concept\",\"slug\":\"sleep-well-concept\",\"postDate\":1430325600,\"expiryDate\":null,\"enabled\":1,\"fields\":{\"24\":\"\",\"39\":\"\",\"23\":\"\",\"20\":\"<p>This is a cool project.<\\/p>\",\"19\":\"Project Brief\",\"10\":\"\",\"11\":\"\",\"25\":{\"new1\":{\"type\":\"mediaFeature\",\"enabled\":\"1\",\"fields\":{\"heading\":\"Feature1\",\"body\":\"<p>This is feature1 texts.<\\/p>\",\"media\":[\"15\"],\"layout\":\"fluid\"}}},\"22\":\"<p>I\'ve learned a lot.<\\/p>\",\"21\":\"What I\'ve Learned\",\"43\":[\"18\"],\"17\":\"\",\"18\":\"\",\"16\":\"\",\"13\":[\"8\"],\"42\":[\"17\"],\"44\":[\"16\"],\"12\":\"UX, Wireframe, Visual Design\",\"3\":\"This is the project description.\",\"9\":[\"photoshop\",\"justinmind\",\"sketch\"],\"4\":\"2014\"}}', '2015-05-06 02:30:50', '2015-05-06 02:30:50', 'dee54ffd-2bc6-466a-a873-bcf2b41ac2a7');
INSERT INTO `entryversions` (`id`, `entryId`, `sectionId`, `creatorId`, `locale`, `num`, `notes`, `data`, `dateCreated`, `dateUpdated`, `uid`) VALUES ('18', '6', '3', '1', 'en_us', '10', '', '{\"typeId\":\"3\",\"authorId\":\"1\",\"title\":\"Real-Time Fengshui\",\"slug\":\"real-time-fengshui\",\"postDate\":1430281020,\"expiryDate\":null,\"enabled\":1,\"fields\":{\"24\":\"\",\"39\":\"\",\"23\":\"\",\"20\":\"<p>This is a cool project.<\\/p>\",\"19\":\"Project Brief\",\"10\":\"\",\"11\":\"\",\"25\":{\"new1\":{\"type\":\"mediaFeature\",\"enabled\":\"1\",\"fields\":{\"heading\":\"Feature 1\",\"body\":\"<p><span><\\/span>This is feature 1 texts.<\\/p>\",\"media\":[\"15\"],\"layout\":\"fluid\"}}},\"22\":\"<p>I\'ve learned a lot.<\\/p>\",\"21\":\"What I\'ve Learned\",\"43\":[\"18\"],\"17\":\"\",\"18\":\"\",\"16\":\"\",\"13\":[\"7\"],\"42\":[\"17\"],\"44\":[\"16\"],\"12\":\"UX, 2D & 3D Visual Design, Development\",\"3\":\"Fengshui, also known as Geomantic Omen, literally translated to \\u201dwind and water\\u201d in Chinese. Fengshui has some primary disciplines in terms of aesthetics, psychology, and environmental science.\",\"9\":[\"aftereffects\",\"flash\",\"photoshop\",\"blender\",\"css3\",\"html5\",\"javascript\",\"sketch\",\"webgl\"],\"4\":\"2014\"}}', '2015-05-06 02:31:29', '2015-05-06 02:31:29', '1fa0bcce-306b-427e-84b9-27b4f1decffc');
INSERT INTO `entryversions` (`id`, `entryId`, `sectionId`, `creatorId`, `locale`, `num`, `notes`, `data`, `dateCreated`, `dateUpdated`, `uid`) VALUES ('19', '10', '3', '1', 'en_us', '4', '', '{\"typeId\":\"3\",\"authorId\":\"1\",\"title\":\"LivePerson Official Site\",\"slug\":\"liveperson-website\",\"postDate\":1430364600,\"expiryDate\":null,\"enabled\":1,\"fields\":{\"24\":\"\",\"39\":\"\",\"23\":\"\",\"20\":\"<p>This is a cool website.<\\/p>\",\"19\":\"Project Brief\",\"10\":\"LivePerson\",\"11\":\"http:\\/\\/www.liveperson.com\\/\",\"25\":{\"19\":{\"type\":\"mediaFeature\",\"enabled\":\"1\",\"fields\":{\"heading\":\"Feature 1\",\"body\":\"<p>This is the feature texts.<\\/p>\",\"media\":[\"15\"],\"layout\":\"fluid\"}}},\"22\":\"<p>I\'ve learned a lot.<\\/p>\",\"21\":\"What I\'ve Learned\",\"43\":[\"18\"],\"17\":\"\",\"18\":\"\",\"16\":\"\",\"13\":[\"7\"],\"42\":[\"17\"],\"44\":[\"16\"],\"12\":\"Visual Design\",\"3\":\"The official website design for LivePerson.\",\"9\":[\"photoshop\"],\"4\":\"2015\"}}', '2015-05-06 02:31:55', '2015-05-06 02:31:55', '7f9ef10f-a3cd-4a65-b796-bf84abae3837');
INSERT INTO `entryversions` (`id`, `entryId`, `sectionId`, `creatorId`, `locale`, `num`, `notes`, `data`, `dateCreated`, `dateUpdated`, `uid`) VALUES ('20', '9', '3', '1', 'en_us', '4', '', '{\"typeId\":\"3\",\"authorId\":\"1\",\"title\":\"Sleep Well Concept\",\"slug\":\"sleep-well\",\"postDate\":1430325600,\"expiryDate\":null,\"enabled\":1,\"fields\":{\"24\":\"\",\"39\":\"\",\"23\":\"\",\"20\":\"<p>This is a cool project.<\\/p>\",\"19\":\"Project Brief\",\"10\":\"\",\"11\":\"\",\"25\":{\"20\":{\"type\":\"mediaFeature\",\"enabled\":\"1\",\"fields\":{\"heading\":\"Feature1\",\"body\":\"<p>This is feature1 texts.<\\/p>\",\"media\":[\"15\"],\"layout\":\"fluid\"}}},\"22\":\"<p>I\'ve learned a lot.<\\/p>\",\"21\":\"What I\'ve Learned\",\"43\":[\"18\"],\"17\":\"\",\"18\":\"\",\"16\":\"\",\"13\":[\"8\"],\"42\":[\"17\"],\"44\":[\"16\"],\"12\":\"UX, Wireframe, Visual Design\",\"3\":\"This is the project description.\",\"9\":[\"photoshop\",\"justinmind\",\"sketch\"],\"4\":\"2014\"}}', '2015-05-06 02:32:04', '2015-05-06 02:32:04', '465b0a22-a11a-4ca0-8458-1c47f957be2a');
INSERT INTO `entryversions` (`id`, `entryId`, `sectionId`, `creatorId`, `locale`, `num`, `notes`, `data`, `dateCreated`, `dateUpdated`, `uid`) VALUES ('21', '22', '3', '1', 'en_us', '1', '', '{\"typeId\":null,\"authorId\":\"1\",\"title\":\"Beverage Trail\",\"slug\":\"beverage-trail\",\"postDate\":1430880000,\"expiryDate\":null,\"enabled\":1,\"fields\":{\"24\":\"<p>This is the analysis texts.<\\/p>\",\"39\":\"\",\"23\":\"Project Analysis\",\"20\":\"<p>This is the project brief texts.<\\/p>\",\"19\":\"Project Brief\",\"10\":\"Beverage Trail\",\"11\":\"\",\"25\":{\"new1\":{\"type\":\"mediaFeature\",\"enabled\":\"1\",\"fields\":{\"heading\":\"Feature 1\",\"body\":\"<p>This is feature 1 texts.<\\/p>\",\"media\":[\"15\"],\"layout\":\"fluid\"}}},\"22\":\"<p>This is what I\'ve learned.<\\/p>\",\"21\":\"What I\'ve Learned\",\"43\":[\"18\"],\"17\":\"\",\"18\":\"\",\"16\":\"\",\"13\":[\"8\"],\"42\":[\"17\"],\"44\":[\"16\"],\"12\":\"UX Design, Visual Design, Development\",\"3\":\"This is the project description.\",\"9\":[\"photoshop\",\"css3\",\"html5\",\"javascript\"],\"4\":\"2013\"}}', '2015-05-06 02:40:58', '2015-05-06 02:40:58', '521f8d7e-2f0c-431b-b4c6-585230df2529');
INSERT INTO `entryversions` (`id`, `entryId`, `sectionId`, `creatorId`, `locale`, `num`, `notes`, `data`, `dateCreated`, `dateUpdated`, `uid`) VALUES ('22', '24', '3', '1', 'en_us', '1', '', '{\"typeId\":null,\"authorId\":\"1\",\"title\":\"Party Planner\",\"slug\":\"party-planner\",\"postDate\":1430880203,\"expiryDate\":null,\"enabled\":1,\"fields\":{\"24\":\"<p>This is the project analysis texts.<\\/p>\",\"39\":\"\",\"23\":\"Project Analysis\",\"20\":\"<p>This is the project brief texts.<\\/p>\",\"19\":\"Project Brief\",\"10\":\"\",\"11\":\"\",\"25\":{\"new1\":{\"type\":\"mediaFeature\",\"enabled\":\"1\",\"fields\":{\"heading\":\"Feature 1\",\"body\":\"<p>This is feature 1 texts.<\\/p>\",\"media\":[\"15\"],\"layout\":\"fluid\"}}},\"22\":\"<p>This is what I\'ve learned.<\\/p>\",\"21\":\"What I\'ve Learned\",\"43\":[\"18\"],\"17\":\"\",\"18\":\"\",\"16\":\"\",\"13\":[\"7\"],\"42\":[\"17\"],\"44\":[\"16\"],\"12\":\"UX Design, Wireframe\",\"3\":\"This is the project description.\",\"9\":[\"justinmind\"],\"4\":\"2014\"}}', '2015-05-06 02:43:23', '2015-05-06 02:43:23', '159513a9-5d96-4ac6-866b-82bee4b71121');
INSERT INTO `entryversions` (`id`, `entryId`, `sectionId`, `creatorId`, `locale`, `num`, `notes`, `data`, `dateCreated`, `dateUpdated`, `uid`) VALUES ('23', '26', '3', '1', 'en_us', '1', '', '{\"typeId\":null,\"authorId\":\"1\",\"title\":\"Kanjy Website\",\"slug\":\"kanjy-website\",\"postDate\":1430880600,\"expiryDate\":null,\"enabled\":1,\"fields\":{\"24\":\"<p>This is the project analysis texts.<\\/p>\",\"39\":\"\",\"23\":\"Project Analysis\",\"20\":\"<p>This is the project brief texts.<\\/p>\",\"19\":\"Project Brief\",\"10\":\"Kanjy\",\"11\":\"\",\"25\":{\"new1\":{\"type\":\"mediaFeature\",\"enabled\":\"1\",\"fields\":{\"heading\":\"Feature 1\",\"body\":\"<p>This is feature 1 texts.<\\/p>\",\"media\":[\"15\"],\"layout\":\"fluid\"}}},\"22\":\"<p>This is what I\'ve learned.<\\/p>\",\"21\":\"What I\'ve Learned\",\"43\":[\"18\"],\"17\":\"\",\"18\":\"\",\"16\":\"\",\"13\":[\"7\"],\"42\":[\"17\"],\"44\":[\"16\"],\"12\":\"UX Design, Wireframe, Prototype\",\"3\":\"This is the project description.\",\"9\":[\"Adobe InDesign\",\"photoshop\",\"justinmind\"],\"4\":\"2013\"}}', '2015-05-06 02:50:43', '2015-05-06 02:50:43', 'ea51f350-1920-479f-b0b8-61867f2521ac');
INSERT INTO `entryversions` (`id`, `entryId`, `sectionId`, `creatorId`, `locale`, `num`, `notes`, `data`, `dateCreated`, `dateUpdated`, `uid`) VALUES ('24', '28', '3', '1', 'en_us', '1', '', '{\"typeId\":null,\"authorId\":\"1\",\"title\":\"Falcon\",\"slug\":\"falcon\",\"postDate\":1430882089,\"expiryDate\":null,\"enabled\":1,\"fields\":{\"24\":\"<p>This is the project analysis texts.<\\/p>\",\"39\":\"\",\"23\":\"Project Analysis\",\"20\":\"<p>This is the project brief texts.<\\/p>\",\"19\":\"Project Brief\",\"10\":\"Falcon\",\"11\":\"\",\"25\":{\"new1\":{\"type\":\"mediaFeature\",\"enabled\":\"1\",\"fields\":{\"heading\":\"Feature 1\",\"body\":\"<p>This is project feature 1 texts.<\\/p>\",\"media\":[\"15\"],\"layout\":\"fluid\"}}},\"22\":\"<p>This is what I\'ve learned.<\\/p>\",\"21\":\"What I\'ve Learned\",\"43\":[\"18\"],\"17\":\"\",\"18\":\"\",\"16\":\"\",\"13\":[\"7\"],\"42\":[\"17\"],\"44\":[\"16\"],\"12\":\"Visual Design\",\"3\":\"This is the project description.\",\"9\":[\"photoshop\"],\"4\":\"2012\"}}', '2015-05-06 03:14:49', '2015-05-06 03:14:49', 'ef586b8c-36e5-48b1-98e0-683b6dccdf1f');
INSERT INTO `entryversions` (`id`, `entryId`, `sectionId`, `creatorId`, `locale`, `num`, `notes`, `data`, `dateCreated`, `dateUpdated`, `uid`) VALUES ('25', '30', '3', '1', 'en_us', '1', '', '{\"typeId\":null,\"authorId\":\"1\",\"title\":\"DressSmart\",\"slug\":\"dresssmart\",\"postDate\":1430882219,\"expiryDate\":null,\"enabled\":1,\"fields\":{\"24\":\"<p>This is the project analysis texts.<\\/p>\",\"39\":\"\",\"23\":\"Project Analysis\",\"20\":\"<p>This is the project brief texts.<\\/p>\",\"19\":\"Project Brief\",\"10\":\"\",\"11\":\"\",\"25\":{\"new1\":{\"type\":\"mediaFeature\",\"enabled\":\"1\",\"fields\":{\"heading\":\"Feature 1\",\"body\":\"<p>This is feature 1 texts.<\\/p>\",\"media\":[\"15\"],\"layout\":\"fluid\"}}},\"22\":\"<p>This is what I\'ve learned.<\\/p>\",\"21\":\"What I\'ve Learned\",\"43\":[\"18\"],\"17\":\"\",\"18\":\"\",\"16\":\"\",\"13\":[\"7\"],\"42\":[\"17\"],\"44\":[\"16\"],\"12\":\"UX Design, Visual Design, Prototype\",\"3\":\"This is the project description.\",\"9\":[\"Adobe InDesign\",\"justinmind\"],\"4\":\"2011\"}}', '2015-05-06 03:16:59', '2015-05-06 03:16:59', '032ae020-d897-434f-951e-160604fb1fb3');
INSERT INTO `entryversions` (`id`, `entryId`, `sectionId`, `creatorId`, `locale`, `num`, `notes`, `data`, `dateCreated`, `dateUpdated`, `uid`) VALUES ('26', '10', '3', '1', 'en_us', '5', '', '{\"typeId\":\"3\",\"authorId\":\"1\",\"title\":\"LivePerson.com\",\"slug\":\"liveperson-website\",\"postDate\":1430364600,\"expiryDate\":null,\"enabled\":1,\"fields\":{\"24\":\"\",\"39\":\"\",\"23\":\"\",\"20\":\"<p>This is a cool website.<\\/p>\",\"19\":\"Project Brief\",\"10\":\"LivePerson\",\"11\":\"http:\\/\\/www.liveperson.com\\/\",\"25\":{\"19\":{\"type\":\"mediaFeature\",\"enabled\":\"1\",\"fields\":{\"heading\":\"Feature 1\",\"body\":\"<p>This is the feature texts.<\\/p>\",\"media\":[\"15\"],\"layout\":\"fluid\"}}},\"22\":\"<p>I\'ve learned a lot.<\\/p>\",\"21\":\"What I\'ve Learned\",\"43\":[\"18\"],\"17\":\"\",\"18\":\"\",\"16\":\"\",\"13\":[\"7\"],\"42\":[\"17\"],\"44\":[\"16\"],\"12\":\"Visual Design\",\"3\":\"The official website design for LivePerson.\",\"9\":[\"photoshop\"],\"4\":\"2015\"}}', '2015-05-06 03:17:27', '2015-05-06 03:17:27', '4e4eb1aa-f836-48a0-b99f-0f4d44f54169');
INSERT INTO `entryversions` (`id`, `entryId`, `sectionId`, `creatorId`, `locale`, `num`, `notes`, `data`, `dateCreated`, `dateUpdated`, `uid`) VALUES ('27', '10', '3', '1', 'en_us', '6', '', '{\"typeId\":\"3\",\"authorId\":\"1\",\"title\":\"LivePerson Website\",\"slug\":\"liveperson-website\",\"postDate\":1430364600,\"expiryDate\":null,\"enabled\":1,\"fields\":{\"24\":\"\",\"39\":\"\",\"23\":\"\",\"20\":\"<p>This is a cool website.<\\/p>\",\"19\":\"Project Brief\",\"10\":\"LivePerson\",\"11\":\"http:\\/\\/www.liveperson.com\\/\",\"25\":{\"19\":{\"type\":\"mediaFeature\",\"enabled\":\"1\",\"fields\":{\"heading\":\"Feature 1\",\"body\":\"<p>This is the feature texts.<\\/p>\",\"media\":[\"15\"],\"layout\":\"fluid\"}}},\"22\":\"<p>I\'ve learned a lot.<\\/p>\",\"21\":\"What I\'ve Learned\",\"43\":[\"18\"],\"17\":\"\",\"18\":\"\",\"16\":\"\",\"13\":[\"7\"],\"42\":[\"17\"],\"44\":[\"16\"],\"12\":\"Visual Design\",\"3\":\"The official website design for LivePerson.\",\"9\":[\"photoshop\"],\"4\":\"2015\"}}', '2015-05-06 03:17:43', '2015-05-06 03:17:43', '2c180704-cd6f-4104-84a5-272c55ae6995');
INSERT INTO `entryversions` (`id`, `entryId`, `sectionId`, `creatorId`, `locale`, `num`, `notes`, `data`, `dateCreated`, `dateUpdated`, `uid`) VALUES ('28', '32', '3', '1', 'en_us', '1', '', '{\"typeId\":null,\"authorId\":\"1\",\"title\":\"Sandata\",\"slug\":\"sandata\",\"postDate\":1430882381,\"expiryDate\":null,\"enabled\":1,\"fields\":{\"24\":\"<p>This is the analysis texts.<\\/p>\",\"39\":\"\",\"23\":\"Project Analysis\",\"20\":\"<p>This is the project brief texts.<\\/p>\",\"19\":\"Project Brief\",\"10\":\"Sandata\",\"11\":\"\",\"25\":{\"new1\":{\"type\":\"mediaFeature\",\"enabled\":\"1\",\"fields\":{\"heading\":\"Feature 1\",\"body\":\"<p>This is feature1 texts.<\\/p>\",\"media\":[\"15\"],\"layout\":\"fluid\"}}},\"22\":\"<p>This is what I\'ve learned.<\\/p>\",\"21\":\"What I\'ve Learned\",\"43\":[\"18\"],\"17\":\"\",\"18\":\"\",\"16\":\"\",\"13\":[\"7\"],\"42\":[\"17\"],\"44\":[\"16\"],\"12\":\"Visual Design\",\"3\":\"This is the project description.\",\"9\":[\"photoshop\"],\"4\":\"2015\"}}', '2015-05-06 03:19:41', '2015-05-06 03:19:41', 'e21ff269-dc4c-4dde-9222-dbb89117d762');
INSERT INTO `entryversions` (`id`, `entryId`, `sectionId`, `creatorId`, `locale`, `num`, `notes`, `data`, `dateCreated`, `dateUpdated`, `uid`) VALUES ('29', '34', '3', '1', 'en_us', '1', '', '{\"typeId\":null,\"authorId\":\"1\",\"title\":\"Ideation Website\",\"slug\":\"ideation-website\",\"postDate\":1430882574,\"expiryDate\":null,\"enabled\":1,\"fields\":{\"24\":\"<p>This is project analysis texts.<\\/p>\",\"39\":\"\",\"23\":\"Project Analysis\",\"20\":\"<p>This is the project brief texts.<\\/p>\",\"19\":\"Project Brief\",\"10\":\"Ideation LLC\",\"11\":\"http:\\/\\/www.ideationnyc.com\\/\",\"25\":{\"new1\":{\"type\":\"mediaFeature\",\"enabled\":\"1\",\"fields\":{\"heading\":\"Feature 1\",\"body\":\"<p>This is feature 1 texts.<\\/p>\",\"media\":[\"15\"],\"layout\":\"fluid\"}}},\"22\":\"<p>This is what I\'ve learned.<\\/p>\",\"21\":\"What I\'ve Learned\",\"43\":[\"18\"],\"17\":\"\",\"18\":\"\",\"16\":\"\",\"13\":[\"7\"],\"42\":[\"17\"],\"44\":[\"16\"],\"12\":\"UX Design, Visual Design\",\"3\":\"This is the project description.\",\"9\":[\"photoshop\"],\"4\":\"2013\"}}', '2015-05-06 03:22:55', '2015-05-06 03:22:55', '674bc54a-ae90-4513-ad93-bdedcf8d0348');
INSERT INTO `entryversions` (`id`, `entryId`, `sectionId`, `creatorId`, `locale`, `num`, `notes`, `data`, `dateCreated`, `dateUpdated`, `uid`) VALUES ('30', '36', '3', '1', 'en_us', '1', '', '{\"typeId\":null,\"authorId\":\"1\",\"title\":\"Wedwu Redesign\",\"slug\":\"wedwu-redesign\",\"postDate\":1430882699,\"expiryDate\":null,\"enabled\":1,\"fields\":{\"24\":\"<p>This is project analysis texts.<\\/p>\",\"39\":\"\",\"23\":\"Project Analysis\",\"20\":\"<p>This is the project brief texts.<\\/p>\",\"19\":\"Project Brief\",\"10\":\"Wedwu\",\"11\":\"\",\"25\":{\"new1\":{\"type\":\"mediaFeature\",\"enabled\":\"1\",\"fields\":{\"heading\":\"Feature 1\",\"body\":\"<p>This is feature 1 texts.<\\/p>\",\"media\":[\"15\"],\"layout\":\"fluid\"}}},\"22\":\"<p>This is what I\'ve learned.<\\/p>\",\"21\":\"What I\'ve Learned\",\"43\":[\"18\"],\"17\":\"\",\"18\":\"\",\"16\":\"\",\"13\":[\"8\"],\"42\":[\"17\"],\"44\":[\"16\"],\"12\":\"UX Design\",\"3\":\"This is the project description.\",\"9\":[\"axure\"],\"4\":\"2011\"}}', '2015-05-06 03:24:59', '2015-05-06 03:24:59', '51ff6de4-a679-4c49-a481-50349c65547b');
INSERT INTO `entryversions` (`id`, `entryId`, `sectionId`, `creatorId`, `locale`, `num`, `notes`, `data`, `dateCreated`, `dateUpdated`, `uid`) VALUES ('31', '38', '3', '1', 'en_us', '1', '', '{\"typeId\":null,\"authorId\":\"1\",\"title\":\"Train Tracker App\",\"slug\":\"train-tracker-app\",\"postDate\":1430883300,\"expiryDate\":null,\"enabled\":1,\"fields\":{\"24\":\"<p>This is the project analysis texts.<\\/p>\",\"39\":\"\",\"23\":\"Project Analysis\",\"20\":\"<p>This is the project brief texts.<\\/p>\",\"19\":\"This is the project brief.\",\"10\":\"\",\"11\":\"\",\"25\":{\"new1\":{\"type\":\"mediaFeature\",\"enabled\":\"1\",\"fields\":{\"heading\":\"Feature 1\",\"body\":\"<p>This is project feature 1 texts.<\\/p>\",\"media\":[\"15\"],\"layout\":\"fluid\"}}},\"22\":\"<p>This is what I\'ve learned.<\\/p>\",\"21\":\"What I\'ve Learned\",\"43\":[\"18\"],\"17\":\"\",\"18\":\"\",\"16\":\"\",\"13\":[\"8\"],\"42\":[\"17\"],\"44\":[\"16\"],\"12\":\"UX Design, Wireframe, Visual Design\",\"3\":\"This is the project description.\",\"9\":[\"invision\",\"sketch\"],\"4\":\"2015\"}}', '2015-05-06 03:35:44', '2015-05-06 03:35:44', '6c53ae90-91ef-4aa8-8f23-ce4d8cc7248b');
INSERT INTO `entryversions` (`id`, `entryId`, `sectionId`, `creatorId`, `locale`, `num`, `notes`, `data`, `dateCreated`, `dateUpdated`, `uid`) VALUES ('32', '40', '3', '1', 'en_us', '1', '', '{\"typeId\":null,\"authorId\":\"1\",\"title\":\"Music Box\",\"slug\":\"music-box\",\"postDate\":1430883500,\"expiryDate\":null,\"enabled\":1,\"fields\":{\"24\":\"<p>This is the project analysis texts.<\\/p>\",\"39\":\"\",\"23\":\"Project Analysis\",\"20\":\"<p>This is the project brief texts.<\\/p>\",\"19\":\"Project Brief\",\"10\":\"Joe Zhou\",\"11\":\"http:\\/\\/www.joeonmars.com\\/\",\"25\":{\"new1\":{\"type\":\"mediaFeature\",\"enabled\":\"1\",\"fields\":{\"heading\":\"Feature 1\",\"body\":\"<p>This is feature 1 texts.<\\/p>\",\"media\":[\"15\"],\"layout\":\"fluid\"}}},\"22\":\"<p>This is what I\'ve learned.<\\/p>\",\"21\":\"What I\'ve Learned\",\"43\":[\"18\"],\"17\":\"\",\"18\":\"\",\"16\":\"\",\"13\":[\"8\"],\"42\":[\"17\"],\"44\":[\"16\"],\"12\":\"Created this amazing piece\",\"3\":\"This is the project description.\",\"9\":[\"photoshop\"],\"4\":\"2012\"}}', '2015-05-06 03:38:20', '2015-05-06 03:38:20', '5cffd157-6f27-465a-b0f0-6404a505f11e');
INSERT INTO `entryversions` (`id`, `entryId`, `sectionId`, `creatorId`, `locale`, `num`, `notes`, `data`, `dateCreated`, `dateUpdated`, `uid`) VALUES ('33', '42', '3', '1', 'en_us', '1', '', '{\"typeId\":null,\"authorId\":\"1\",\"title\":\"Innovative Presentation For Verbalized\",\"slug\":\"innovative-presentation-for-verbalized\",\"postDate\":1430883669,\"expiryDate\":null,\"enabled\":1,\"fields\":{\"24\":\"<p>This is the project analysis texts.<\\/p>\",\"39\":\"\",\"23\":\"Project Analysis\",\"20\":\"<p>This is the project brief texts.<\\/p>\",\"19\":\"Project Brief\",\"10\":\"Verbalized\",\"11\":\"http:\\/\\/www.verbalizeit.com\\/\",\"25\":{\"new1\":{\"type\":\"mediaFeature\",\"enabled\":\"1\",\"fields\":{\"heading\":\"Feature 1\",\"body\":\"<p>This is feature 1 texts.<\\/p>\",\"media\":[\"15\"],\"layout\":\"fluid\"}}},\"22\":\"<p>This is what I\'ve learned.<\\/p>\",\"21\":\"What I\'ve Learned\",\"43\":[\"18\"],\"17\":\"\",\"18\":\"\",\"16\":\"\",\"13\":[\"8\"],\"42\":[\"17\"],\"44\":[\"16\"],\"12\":\"Presentation Design\",\"3\":\"This is the project description.\",\"9\":[\"sketch\"],\"4\":\"2014\"}}', '2015-05-06 03:41:09', '2015-05-06 03:41:09', 'b0aa5427-1331-4a46-8362-27d223be5e59');
INSERT INTO `entryversions` (`id`, `entryId`, `sectionId`, `creatorId`, `locale`, `num`, `notes`, `data`, `dateCreated`, `dateUpdated`, `uid`) VALUES ('34', '44', '3', '1', 'en_us', '1', '', '{\"typeId\":null,\"authorId\":\"1\",\"title\":\"Gym Research\",\"slug\":\"gym-research\",\"postDate\":1430883843,\"expiryDate\":null,\"enabled\":1,\"fields\":{\"24\":\"<p>This is analysis texts.<\\/p>\",\"39\":\"\",\"23\":\"Project Analysis\",\"20\":\"<p>This is the project brief texts.<\\/p>\",\"19\":\"Project Brief\",\"10\":\"\",\"11\":\"\",\"25\":{\"new1\":{\"type\":\"mediaFeature\",\"enabled\":\"1\",\"fields\":{\"heading\":\"Feature 1\",\"body\":\"<p>This is feature 1 texts.<\\/p>\",\"media\":[\"15\"],\"layout\":\"fluid\"}}},\"22\":\"<p>This is what I\'ve learned.<\\/p>\",\"21\":\"What I\'ve Learned\",\"43\":[\"18\"],\"17\":\"\",\"18\":\"\",\"16\":\"\",\"13\":[\"8\"],\"42\":[\"17\"],\"44\":[\"16\"],\"12\":\"UX Design\",\"3\":\"This is the project description.\",\"9\":[\"photoshop\"],\"4\":\"2012\"}}', '2015-05-06 03:44:04', '2015-05-06 03:44:04', '34fb3228-1230-4c1e-8a67-83f8873a5796');
INSERT INTO `entryversions` (`id`, `entryId`, `sectionId`, `creatorId`, `locale`, `num`, `notes`, `data`, `dateCreated`, `dateUpdated`, `uid`) VALUES ('35', '46', '3', '1', 'en_us', '1', '', '{\"typeId\":null,\"authorId\":\"1\",\"title\":\"Music Image App for the iPad\",\"slug\":\"music-image-app-for-the-ipad\",\"postDate\":1430883969,\"expiryDate\":null,\"enabled\":1,\"fields\":{\"24\":\"<p>This is the project analysis texts.<\\/p>\",\"39\":\"\",\"23\":\"Project Analysis\",\"20\":\"<p>This is the project brief texts.<\\/p>\",\"19\":\"Project Brief\",\"10\":\"\",\"11\":\"\",\"25\":{\"new1\":{\"type\":\"mediaFeature\",\"enabled\":\"1\",\"fields\":{\"heading\":\"Feature 1\",\"body\":\"<p>This is feature 1 texts.<\\/p>\",\"media\":[\"15\"],\"layout\":\"fluid\"}}},\"22\":\"<p>This is what I\'ve learned.<\\/p>\",\"21\":\"What I\'ve Learned\",\"43\":[\"18\"],\"17\":\"\",\"18\":\"\",\"16\":\"\",\"13\":[\"8\"],\"42\":[\"17\"],\"44\":[\"16\"],\"12\":\"Visual Design, Wireframe\",\"3\":\"This is the project description.\",\"9\":[\"photoshop\",\"axure\"],\"4\":\"2013\"}}', '2015-05-06 03:46:09', '2015-05-06 03:46:09', 'c90f26c2-a0ee-47d8-b918-bf8bb9632841');
INSERT INTO `entryversions` (`id`, `entryId`, `sectionId`, `creatorId`, `locale`, `num`, `notes`, `data`, `dateCreated`, `dateUpdated`, `uid`) VALUES ('36', '48', '3', '1', 'en_us', '1', '', '{\"typeId\":null,\"authorId\":\"1\",\"title\":\"Branding Designs\",\"slug\":\"branding-designs\",\"postDate\":1430884084,\"expiryDate\":null,\"enabled\":1,\"fields\":{\"24\":\"<p>This is the project analysis texts.<\\/p>\",\"39\":\"\",\"23\":\"Project Analysis\",\"20\":\"<p>This is the project brief texts.<\\/p>\",\"19\":\"Project Brief\",\"10\":\"\",\"11\":\"\",\"25\":{\"new1\":{\"type\":\"mediaFeature\",\"enabled\":\"1\",\"fields\":{\"heading\":\"Feature 1\",\"body\":\"<p>This is the feature 1 texts.<\\/p>\",\"media\":[\"15\"],\"layout\":\"fluid\"}}},\"22\":\"<p>This is what I\'ve learned.<\\/p>\",\"21\":\"What I\'ve Learned\",\"43\":[\"18\"],\"17\":\"\",\"18\":\"\",\"16\":\"\",\"13\":[\"8\"],\"42\":[\"17\"],\"44\":[\"16\"],\"12\":\"Visual Design\",\"3\":\"This is the project description.\",\"9\":[\"aftereffects\",\"Adobe InDesign\",\"photoshop\"],\"4\":\"2012\"}}', '2015-05-06 03:48:04', '2015-05-06 03:48:04', '902181f8-ca66-41a8-acfb-14463523fe94');
INSERT INTO `entryversions` (`id`, `entryId`, `sectionId`, `creatorId`, `locale`, `num`, `notes`, `data`, `dateCreated`, `dateUpdated`, `uid`) VALUES ('37', '53', '6', '1', 'en_us', '1', '', '{\"typeId\":\"6\",\"authorId\":null,\"title\":\"Labs\",\"slug\":\"labs\",\"postDate\":1431282595,\"expiryDate\":null,\"enabled\":1,\"fields\":{\"1\":\"<p>Lorem ipsum dolor sit amet, consectetur adipiscing elit. Aliquam ultricies quam ac quam euismod tincidunt. Vivamus sit amet justo scelerisque, bibendum diam vel, varius diam. Vestibulum ultrices fringilla vestibulum. Curabitur ante tortor, vehicula vitae metus et, vulputate vestibulum nibh.<\\/p>\",\"14\":\"Something new always comes out of labs first.\"}}', '2015-05-10 18:45:31', '2015-05-10 18:45:31', '35ca9457-0419-4a71-a6f2-6ae3b30a4524');
INSERT INTO `entryversions` (`id`, `entryId`, `sectionId`, `creatorId`, `locale`, `num`, `notes`, `data`, `dateCreated`, `dateUpdated`, `uid`) VALUES ('38', '53', '6', '1', 'en_us', '2', '', '{\"typeId\":\"6\",\"authorId\":null,\"title\":\"Labs\",\"slug\":\"labs\",\"postDate\":1431282595,\"expiryDate\":null,\"enabled\":1,\"fields\":{\"1\":\"<p>Lorem ipsum dolor sit amet, consectetur adipiscing elit. Aliquam ultricies quam ac quam euismod tincidunt. Vivamus sit amet justo scelerisque, bibendum diam vel, varius diam. Vestibulum ultrices fringilla vestibulum. Curabitur ante tortor, vehicula vitae metus et, vulputate vestibulum nibh.<\\/p>\",\"48\":[\"38\"],\"14\":\"Something new always comes out of labs first.\"}}', '2015-05-10 19:08:32', '2015-05-10 19:08:32', '31f68a34-1466-4ba9-a5c0-abacef9055f9');
INSERT INTO `entryversions` (`id`, `entryId`, `sectionId`, `creatorId`, `locale`, `num`, `notes`, `data`, `dateCreated`, `dateUpdated`, `uid`) VALUES ('39', '6', '3', '1', 'en_us', '11', '', '{\"typeId\":\"3\",\"authorId\":\"1\",\"title\":\"Real-Time Fengshui\",\"slug\":\"real-time-fengshui\",\"postDate\":1430281020,\"expiryDate\":null,\"enabled\":1,\"fields\":{\"24\":\"\",\"39\":\"\",\"23\":\"\",\"20\":\"<p>This is a cool project.<\\/p>\",\"19\":\"Project Brief\",\"10\":\"\",\"11\":\"\",\"25\":{\"21\":{\"type\":\"mediaFeature\",\"enabled\":\"1\",\"fields\":{\"heading\":\"Feature 1\",\"body\":\"<p>This is feature 1 texts.<\\/p>\",\"media\":[\"15\"],\"layout\":\"fluid\"}}},\"22\":\"<p>I\'ve learned a lot.<\\/p>\",\"21\":\"What I\'ve Learned\",\"43\":[\"18\"],\"17\":\"\",\"18\":\"\",\"16\":\"\",\"13\":[\"7\"],\"42\":[\"17\"],\"44\":[\"16\"],\"12\":\"UX, 2D & 3D Visual Design, Development\",\"3\":\"Fengshui, also known as Geomantic Omen, literally translated to \\u201dwind and water\\u201d in Chinese. Fengshui has some primary disciplines in terms of aesthetics, psychology, and environmental science.\",\"9\":[\"aftereffects\",\"flash\",\"photoshop\",\"blender\",\"css3\",\"html5\",\"javascript\",\"sketch\",\"webgl\"],\"49\":\"Interactive Experience\",\"4\":\"2014\"}}', '2015-05-10 20:48:36', '2015-05-10 20:48:36', 'b3393722-2795-4af2-85ca-6db18cfd5ee1');
INSERT INTO `entryversions` (`id`, `entryId`, `sectionId`, `creatorId`, `locale`, `num`, `notes`, `data`, `dateCreated`, `dateUpdated`, `uid`) VALUES ('40', '28', '3', '1', 'en_us', '2', '', '{\"typeId\":\"3\",\"authorId\":\"1\",\"title\":\"Falcon\",\"slug\":\"falcon\",\"postDate\":1430882040,\"expiryDate\":null,\"enabled\":1,\"fields\":{\"24\":\"<p>This is the project analysis texts.<\\/p>\",\"39\":\"\",\"23\":\"Project Analysis\",\"20\":\"<p>This is the project brief texts.<\\/p>\",\"19\":\"Project Brief\",\"10\":\"Falcon\",\"11\":\"\",\"25\":{\"29\":{\"type\":\"mediaFeature\",\"enabled\":\"1\",\"fields\":{\"heading\":\"Feature 1\",\"body\":\"<p>This is project feature 1 texts.<\\/p>\",\"media\":[\"15\"],\"layout\":\"fluid\"}}},\"22\":\"<p>This is what I\'ve learned.<\\/p>\",\"21\":\"What I\'ve Learned\",\"43\":[\"18\"],\"17\":\"\",\"18\":\"\",\"16\":\"\",\"13\":[\"7\"],\"42\":[\"17\"],\"44\":[\"16\"],\"12\":\"Visual Design\",\"3\":\"This is the project description.\",\"9\":[\"photoshop\"],\"49\":\"Mobile Application Design\",\"4\":\"2012\"}}', '2015-05-10 20:49:35', '2015-05-10 20:49:35', 'e73b08ec-559d-4f77-a542-3eba626b92ad');
INSERT INTO `entryversions` (`id`, `entryId`, `sectionId`, `creatorId`, `locale`, `num`, `notes`, `data`, `dateCreated`, `dateUpdated`, `uid`) VALUES ('41', '42', '3', '1', 'en_us', '2', '', '{\"typeId\":\"3\",\"authorId\":\"1\",\"title\":\"Innovative Presentation For Verbalized\",\"slug\":\"innovative-presentation-for-verbalized\",\"postDate\":1430883660,\"expiryDate\":null,\"enabled\":1,\"fields\":{\"24\":\"<p>This is the project analysis texts.<\\/p>\",\"39\":\"\",\"23\":\"Project Analysis\",\"20\":\"<p>This is the project brief texts.<\\/p>\",\"19\":\"Project Brief\",\"10\":\"Verbalized\",\"11\":\"http:\\/\\/www.verbalizeit.com\\/\",\"25\":{\"43\":{\"type\":\"mediaFeature\",\"enabled\":\"1\",\"fields\":{\"heading\":\"Feature 1\",\"body\":\"<p>This is feature 1 texts.<\\/p>\",\"media\":[\"15\"],\"layout\":\"fluid\"}}},\"22\":\"<p>This is what I\'ve learned.<\\/p>\",\"21\":\"What I\'ve Learned\",\"43\":[\"18\"],\"17\":\"\",\"18\":\"\",\"16\":\"\",\"13\":[\"8\"],\"42\":[\"17\"],\"44\":[\"16\"],\"12\":\"Presentation Design\",\"3\":\"This is the project description.\",\"9\":[\"sketch\"],\"49\":\"Presentation Design\",\"4\":\"2014\"}}', '2015-05-10 20:49:50', '2015-05-10 20:49:50', '5b43788a-bd9c-44a5-91af-79d288c6202e');
INSERT INTO `entryversions` (`id`, `entryId`, `sectionId`, `creatorId`, `locale`, `num`, `notes`, `data`, `dateCreated`, `dateUpdated`, `uid`) VALUES ('42', '40', '3', '1', 'en_us', '2', '', '{\"typeId\":\"3\",\"authorId\":\"1\",\"title\":\"Music Box\",\"slug\":\"music-box\",\"postDate\":1430883480,\"expiryDate\":null,\"enabled\":1,\"fields\":{\"24\":\"<p>This is the project analysis texts.<\\/p>\",\"39\":\"\",\"23\":\"Project Analysis\",\"20\":\"<p>This is the project brief texts.<\\/p>\",\"19\":\"Project Brief\",\"10\":\"Joe Zhou\",\"11\":\"http:\\/\\/www.joeonmars.com\\/\",\"25\":{\"41\":{\"type\":\"mediaFeature\",\"enabled\":\"1\",\"fields\":{\"heading\":\"Feature 1\",\"body\":\"<p>This is feature 1 texts.<\\/p>\",\"media\":[\"15\"],\"layout\":\"fluid\"}}},\"22\":\"<p>This is what I\'ve learned.<\\/p>\",\"21\":\"What I\'ve Learned\",\"43\":[\"18\"],\"17\":\"\",\"18\":\"\",\"16\":\"\",\"13\":[\"8\"],\"42\":[\"17\"],\"44\":[\"16\"],\"12\":\"Created this amazing piece\",\"3\":\"This is the project description.\",\"9\":[\"photoshop\"],\"49\":\"Physical Computing\",\"4\":\"2012\"}}', '2015-05-10 20:49:57', '2015-05-10 20:49:57', 'f344f638-8eb3-40d7-82c3-86fd399f92f5');
INSERT INTO `entryversions` (`id`, `entryId`, `sectionId`, `creatorId`, `locale`, `num`, `notes`, `data`, `dateCreated`, `dateUpdated`, `uid`) VALUES ('43', '38', '3', '1', 'en_us', '2', '', '{\"typeId\":\"3\",\"authorId\":\"1\",\"title\":\"Train Tracker App\",\"slug\":\"train-tracker-app\",\"postDate\":1430883300,\"expiryDate\":null,\"enabled\":1,\"fields\":{\"24\":\"<p>This is the project analysis texts.<\\/p>\",\"39\":\"\",\"23\":\"Project Analysis\",\"20\":\"<p>This is the project brief texts.<\\/p>\",\"19\":\"This is the project brief.\",\"10\":\"\",\"11\":\"\",\"25\":{\"39\":{\"type\":\"mediaFeature\",\"enabled\":\"1\",\"fields\":{\"heading\":\"Feature 1\",\"body\":\"<p>This is project feature 1 texts.<\\/p>\",\"media\":[\"15\"],\"layout\":\"fluid\"}}},\"22\":\"<p>This is what I\'ve learned.<\\/p>\",\"21\":\"What I\'ve Learned\",\"43\":[\"18\"],\"17\":\"\",\"18\":\"\",\"16\":\"\",\"13\":[\"8\"],\"42\":[\"17\"],\"44\":[\"16\"],\"12\":\"UX Design, Wireframe, Visual Design\",\"3\":\"This is the project description.\",\"9\":[\"invision\",\"sketch\"],\"49\":\"Mobile Application Design\",\"4\":\"2015\"}}', '2015-05-10 20:50:06', '2015-05-10 20:50:06', '7df997d9-0654-4150-b920-14398fc0e189');
INSERT INTO `entryversions` (`id`, `entryId`, `sectionId`, `creatorId`, `locale`, `num`, `notes`, `data`, `dateCreated`, `dateUpdated`, `uid`) VALUES ('44', '30', '3', '1', 'en_us', '2', '', '{\"typeId\":\"3\",\"authorId\":\"1\",\"title\":\"DressSmart\",\"slug\":\"dresssmart\",\"postDate\":1430882160,\"expiryDate\":null,\"enabled\":1,\"fields\":{\"24\":\"<p>This is the project analysis texts.<\\/p>\",\"39\":\"\",\"23\":\"Project Analysis\",\"20\":\"<p>This is the project brief texts.<\\/p>\",\"19\":\"Project Brief\",\"10\":\"\",\"11\":\"\",\"25\":{\"31\":{\"type\":\"mediaFeature\",\"enabled\":\"1\",\"fields\":{\"heading\":\"Feature 1\",\"body\":\"<p>This is feature 1 texts.<\\/p>\",\"media\":[\"15\"],\"layout\":\"fluid\"}}},\"22\":\"<p>This is what I\'ve learned.<\\/p>\",\"21\":\"What I\'ve Learned\",\"43\":[\"18\"],\"17\":\"\",\"18\":\"\",\"16\":\"\",\"13\":[\"7\"],\"42\":[\"17\"],\"44\":[\"16\"],\"12\":\"UX Design, Visual Design, Prototype\",\"3\":\"This is the project description.\",\"9\":[\"Adobe InDesign\",\"justinmind\"],\"49\":\"Mobile Application Design\",\"4\":\"2011\"}}', '2015-05-10 20:50:16', '2015-05-10 20:50:16', '4768846f-f1dc-4e37-8127-371a5686f8da');
INSERT INTO `entryversions` (`id`, `entryId`, `sectionId`, `creatorId`, `locale`, `num`, `notes`, `data`, `dateCreated`, `dateUpdated`, `uid`) VALUES ('45', '22', '3', '1', 'en_us', '2', '', '{\"typeId\":\"3\",\"authorId\":\"1\",\"title\":\"Beverage Trail\",\"slug\":\"beverage-trail\",\"postDate\":1430880000,\"expiryDate\":null,\"enabled\":1,\"fields\":{\"24\":\"<p>This is the analysis texts.<\\/p>\",\"39\":\"\",\"23\":\"Project Analysis\",\"20\":\"<p>This is the project brief texts.<\\/p>\",\"19\":\"Project Brief\",\"10\":\"Beverage Trail\",\"11\":\"\",\"25\":{\"23\":{\"type\":\"mediaFeature\",\"enabled\":\"1\",\"fields\":{\"heading\":\"Feature 1\",\"body\":\"<p>This is feature 1 texts.<\\/p>\",\"media\":[\"15\"],\"layout\":\"fluid\"}}},\"22\":\"<p>This is what I\'ve learned.<\\/p>\",\"21\":\"What I\'ve Learned\",\"43\":[\"18\"],\"17\":\"\",\"18\":\"\",\"16\":\"\",\"13\":[\"8\"],\"42\":[\"17\"],\"44\":[\"16\"],\"12\":\"UX Design, Visual Design, Development\",\"3\":\"This is the project description.\",\"9\":[\"photoshop\",\"css3\",\"html5\",\"javascript\"],\"49\":\"Website\",\"4\":\"2013\"}}', '2015-05-10 20:50:27', '2015-05-10 20:50:27', 'a2bd52f3-a838-4527-87ac-8ca83acc7df6');
INSERT INTO `entryversions` (`id`, `entryId`, `sectionId`, `creatorId`, `locale`, `num`, `notes`, `data`, `dateCreated`, `dateUpdated`, `uid`) VALUES ('46', '26', '3', '1', 'en_us', '2', '', '{\"typeId\":\"3\",\"authorId\":\"1\",\"title\":\"Kanjy Website\",\"slug\":\"kanjy-website\",\"postDate\":1430880600,\"expiryDate\":null,\"enabled\":1,\"fields\":{\"24\":\"<p>This is the project analysis texts.<\\/p>\",\"39\":\"\",\"23\":\"Project Analysis\",\"20\":\"<p>This is the project brief texts.<\\/p>\",\"19\":\"Project Brief\",\"10\":\"Kanjy\",\"11\":\"\",\"25\":{\"27\":{\"type\":\"mediaFeature\",\"enabled\":\"1\",\"fields\":{\"heading\":\"Feature 1\",\"body\":\"<p>This is feature 1 texts.<\\/p>\",\"media\":[\"15\"],\"layout\":\"fluid\"}}},\"22\":\"<p>This is what I\'ve learned.<\\/p>\",\"21\":\"What I\'ve Learned\",\"43\":[\"18\"],\"17\":\"\",\"18\":\"\",\"16\":\"\",\"13\":[\"7\"],\"42\":[\"17\"],\"44\":[\"16\"],\"12\":\"UX Design, Wireframe, Prototype\",\"3\":\"This is the project description.\",\"9\":[\"Adobe InDesign\",\"photoshop\",\"justinmind\"],\"49\":\"Responsive Web Design\",\"4\":\"2013\"}}', '2015-05-10 20:50:35', '2015-05-10 20:50:35', 'f368ae18-b8c1-4957-bef1-2f04500b86e1');
INSERT INTO `entryversions` (`id`, `entryId`, `sectionId`, `creatorId`, `locale`, `num`, `notes`, `data`, `dateCreated`, `dateUpdated`, `uid`) VALUES ('47', '48', '3', '1', 'en_us', '2', '', '{\"typeId\":\"3\",\"authorId\":\"1\",\"title\":\"Branding Designs\",\"slug\":\"branding-designs\",\"postDate\":1430884080,\"expiryDate\":null,\"enabled\":1,\"fields\":{\"24\":\"<p>This is the project analysis texts.<\\/p>\",\"39\":\"\",\"23\":\"Project Analysis\",\"20\":\"<p>This is the project brief texts.<\\/p>\",\"19\":\"Project Brief\",\"10\":\"\",\"11\":\"\",\"25\":{\"49\":{\"type\":\"mediaFeature\",\"enabled\":\"1\",\"fields\":{\"heading\":\"Feature 1\",\"body\":\"<p>This is the feature 1 texts.<\\/p>\",\"media\":[\"15\"],\"layout\":\"fluid\"}}},\"49\":\"Graphic Design\",\"22\":\"<p>This is what I\'ve learned.<\\/p>\",\"21\":\"What I\'ve Learned\",\"43\":[\"18\"],\"17\":\"\",\"18\":\"\",\"16\":\"\",\"13\":[\"8\"],\"42\":[\"17\"],\"44\":[\"16\"],\"12\":\"Visual Design\",\"3\":\"This is the project description.\",\"9\":[\"aftereffects\",\"Adobe InDesign\",\"photoshop\"],\"4\":\"2012\"}}', '2015-05-10 20:53:28', '2015-05-10 20:53:28', 'b8dd8781-e5ca-4d31-b581-bdfe82bf7625');
INSERT INTO `entryversions` (`id`, `entryId`, `sectionId`, `creatorId`, `locale`, `num`, `notes`, `data`, `dateCreated`, `dateUpdated`, `uid`) VALUES ('48', '46', '3', '1', 'en_us', '2', '', '{\"typeId\":\"3\",\"authorId\":\"1\",\"title\":\"Music Image App for the iPad\",\"slug\":\"music-image-app-for-the-ipad\",\"postDate\":1430883960,\"expiryDate\":null,\"enabled\":1,\"fields\":{\"24\":\"<p>This is the project analysis texts.<\\/p>\",\"39\":\"\",\"23\":\"Project Analysis\",\"20\":\"<p>This is the project brief texts.<\\/p>\",\"19\":\"Project Brief\",\"10\":\"\",\"11\":\"\",\"25\":{\"47\":{\"type\":\"mediaFeature\",\"enabled\":\"1\",\"fields\":{\"heading\":\"Feature 1\",\"body\":\"<p>This is feature 1 texts.<\\/p>\",\"media\":[\"15\"],\"layout\":\"fluid\"}}},\"49\":\"Mobile Application Design\",\"22\":\"<p>This is what I\'ve learned.<\\/p>\",\"21\":\"What I\'ve Learned\",\"43\":[\"18\"],\"17\":\"\",\"18\":\"\",\"16\":\"\",\"13\":[\"8\"],\"42\":[\"17\"],\"44\":[\"16\"],\"12\":\"Visual Design, Wireframe\",\"3\":\"This is the project description.\",\"9\":[\"photoshop\",\"axure\"],\"4\":\"2013\"}}', '2015-05-10 20:53:39', '2015-05-10 20:53:39', 'da7561e3-7f1d-4c93-82c7-7ca9f2751e08');
INSERT INTO `entryversions` (`id`, `entryId`, `sectionId`, `creatorId`, `locale`, `num`, `notes`, `data`, `dateCreated`, `dateUpdated`, `uid`) VALUES ('49', '44', '3', '1', 'en_us', '2', '', '{\"typeId\":\"3\",\"authorId\":\"1\",\"title\":\"Gym Research\",\"slug\":\"gym-research\",\"postDate\":1430883840,\"expiryDate\":null,\"enabled\":1,\"fields\":{\"24\":\"<p>This is analysis texts.<\\/p>\",\"39\":\"\",\"23\":\"Project Analysis\",\"20\":\"<p>This is the project brief texts.<\\/p>\",\"19\":\"Project Brief\",\"10\":\"\",\"11\":\"\",\"25\":{\"45\":{\"type\":\"mediaFeature\",\"enabled\":\"1\",\"fields\":{\"heading\":\"Feature 1\",\"body\":\"<p>This is feature 1 texts.<\\/p>\",\"media\":[\"15\"],\"layout\":\"fluid\"}}},\"49\":\"Graphic Design\",\"22\":\"<p>This is what I\'ve learned.<\\/p>\",\"21\":\"What I\'ve Learned\",\"43\":[\"18\"],\"17\":\"\",\"18\":\"\",\"16\":\"\",\"13\":[\"8\"],\"42\":[\"17\"],\"44\":[\"16\"],\"12\":\"UX Design\",\"3\":\"This is the project description.\",\"9\":[\"photoshop\"],\"4\":\"2012\"}}', '2015-05-10 20:53:45', '2015-05-10 20:53:45', 'cbbafcb7-5091-46db-ab43-8c48ba7fd61b');
INSERT INTO `entryversions` (`id`, `entryId`, `sectionId`, `creatorId`, `locale`, `num`, `notes`, `data`, `dateCreated`, `dateUpdated`, `uid`) VALUES ('50', '36', '3', '1', 'en_us', '2', '', '{\"typeId\":\"3\",\"authorId\":\"1\",\"title\":\"Wedwu Redesign\",\"slug\":\"wedwu-redesign\",\"postDate\":1430882640,\"expiryDate\":null,\"enabled\":1,\"fields\":{\"24\":\"<p>This is project analysis texts.<\\/p>\",\"39\":\"\",\"23\":\"Project Analysis\",\"20\":\"<p>This is the project brief texts.<\\/p>\",\"19\":\"Project Brief\",\"10\":\"Wedwu\",\"11\":\"\",\"25\":{\"37\":{\"type\":\"mediaFeature\",\"enabled\":\"1\",\"fields\":{\"heading\":\"Feature 1\",\"body\":\"<p>This is feature 1 texts.<\\/p>\",\"media\":[\"15\"],\"layout\":\"fluid\"}}},\"49\":\"Web Design\",\"22\":\"<p>This is what I\'ve learned.<\\/p>\",\"21\":\"What I\'ve Learned\",\"43\":[\"18\"],\"17\":\"\",\"18\":\"\",\"16\":\"\",\"13\":[\"8\"],\"42\":[\"17\"],\"44\":[\"16\"],\"12\":\"UX Design\",\"3\":\"This is the project description.\",\"9\":[\"axure\"],\"4\":\"2011\"}}', '2015-05-10 20:53:57', '2015-05-10 20:53:57', '8ce6b4a1-ea84-491b-a3af-1c9b68658a56');
INSERT INTO `entryversions` (`id`, `entryId`, `sectionId`, `creatorId`, `locale`, `num`, `notes`, `data`, `dateCreated`, `dateUpdated`, `uid`) VALUES ('51', '36', '3', '1', 'en_us', '3', '', '{\"typeId\":\"3\",\"authorId\":\"1\",\"title\":\"Wedwu Redesign\",\"slug\":\"wedwu-redesign\",\"postDate\":1430882640,\"expiryDate\":null,\"enabled\":1,\"fields\":{\"24\":\"<p>This is project analysis texts.<\\/p>\",\"39\":\"\",\"23\":\"Project Analysis\",\"20\":\"<p>This is the project brief texts.<\\/p>\",\"19\":\"Project Brief\",\"10\":\"Wedwu\",\"11\":\"\",\"25\":{\"37\":{\"type\":\"mediaFeature\",\"enabled\":\"1\",\"fields\":{\"heading\":\"Feature 1\",\"body\":\"<p>This is feature 1 texts.<\\/p>\",\"media\":[\"15\"],\"layout\":\"fluid\"}}},\"49\":\"Mobile Application Design\",\"22\":\"<p>This is what I\'ve learned.<\\/p>\",\"21\":\"What I\'ve Learned\",\"43\":[\"18\"],\"17\":\"\",\"18\":\"\",\"16\":\"\",\"13\":[\"8\"],\"42\":[\"17\"],\"44\":[\"16\"],\"12\":\"UX Design\",\"3\":\"This is the project description.\",\"9\":[\"axure\"],\"4\":\"2011\"}}', '2015-05-10 20:54:03', '2015-05-10 20:54:03', 'ff2a3281-db8d-4f6b-9868-c6a0db03492a');
INSERT INTO `entryversions` (`id`, `entryId`, `sectionId`, `creatorId`, `locale`, `num`, `notes`, `data`, `dateCreated`, `dateUpdated`, `uid`) VALUES ('52', '34', '3', '1', 'en_us', '2', '', '{\"typeId\":\"3\",\"authorId\":\"1\",\"title\":\"Ideation Website\",\"slug\":\"ideation-website\",\"postDate\":1430882520,\"expiryDate\":null,\"enabled\":1,\"fields\":{\"24\":\"<p>This is project analysis texts.<\\/p>\",\"39\":\"\",\"23\":\"Project Analysis\",\"20\":\"<p>This is the project brief texts.<\\/p>\",\"19\":\"Project Brief\",\"10\":\"Ideation LLC\",\"11\":\"http:\\/\\/www.ideationnyc.com\\/\",\"25\":{\"35\":{\"type\":\"mediaFeature\",\"enabled\":\"1\",\"fields\":{\"heading\":\"Feature 1\",\"body\":\"<p>This is feature 1 texts.<\\/p>\",\"media\":[\"15\"],\"layout\":\"fluid\"}}},\"49\":\"Responsive Web Design\",\"22\":\"<p>This is what I\'ve learned.<\\/p>\",\"21\":\"What I\'ve Learned\",\"43\":[\"18\"],\"17\":\"\",\"18\":\"\",\"16\":\"\",\"13\":[\"7\"],\"42\":[\"17\"],\"44\":[\"16\"],\"12\":\"UX Design, Visual Design\",\"3\":\"This is the project description.\",\"9\":[\"photoshop\"],\"4\":\"2013\"}}', '2015-05-10 20:54:10', '2015-05-10 20:54:10', '9e4eebfe-76a6-4d90-b404-b7b8917df157');
INSERT INTO `entryversions` (`id`, `entryId`, `sectionId`, `creatorId`, `locale`, `num`, `notes`, `data`, `dateCreated`, `dateUpdated`, `uid`) VALUES ('53', '32', '3', '1', 'en_us', '2', '', '{\"typeId\":\"3\",\"authorId\":\"1\",\"title\":\"Sandata\",\"slug\":\"sandata\",\"postDate\":1430882340,\"expiryDate\":null,\"enabled\":1,\"fields\":{\"24\":\"<p>This is the analysis texts.<\\/p>\",\"39\":\"\",\"23\":\"Project Analysis\",\"20\":\"<p>This is the project brief texts.<\\/p>\",\"19\":\"Project Brief\",\"10\":\"Sandata\",\"11\":\"\",\"25\":{\"33\":{\"type\":\"mediaFeature\",\"enabled\":\"1\",\"fields\":{\"heading\":\"Feature 1\",\"body\":\"<p>This is feature1 texts.<\\/p>\",\"media\":[\"15\"],\"layout\":\"fluid\"}}},\"49\":\"Web Design\",\"22\":\"<p>This is what I\'ve learned.<\\/p>\",\"21\":\"What I\'ve Learned\",\"43\":[\"18\"],\"17\":\"\",\"18\":\"\",\"16\":\"\",\"13\":[\"7\"],\"42\":[\"17\"],\"44\":[\"16\"],\"12\":\"Visual Design\",\"3\":\"This is the project description.\",\"9\":[\"photoshop\"],\"4\":\"2015\"}}', '2015-05-10 20:54:27', '2015-05-10 20:54:27', '857ec6b6-f51d-4ca7-948e-683c891ca614');
INSERT INTO `entryversions` (`id`, `entryId`, `sectionId`, `creatorId`, `locale`, `num`, `notes`, `data`, `dateCreated`, `dateUpdated`, `uid`) VALUES ('54', '24', '3', '1', 'en_us', '2', '', '{\"typeId\":\"3\",\"authorId\":\"1\",\"title\":\"Party Planner\",\"slug\":\"party-planner\",\"postDate\":1430880180,\"expiryDate\":null,\"enabled\":1,\"fields\":{\"24\":\"<p>This is the project analysis texts.<\\/p>\",\"39\":\"\",\"23\":\"Project Analysis\",\"20\":\"<p>This is the project brief texts.<\\/p>\",\"19\":\"Project Brief\",\"10\":\"\",\"11\":\"\",\"25\":{\"25\":{\"type\":\"mediaFeature\",\"enabled\":\"1\",\"fields\":{\"heading\":\"Feature 1\",\"body\":\"<p>This is feature 1 texts.<\\/p>\",\"media\":[\"15\"],\"layout\":\"fluid\"}}},\"49\":\"Web Application Design\",\"22\":\"<p>This is what I\'ve learned.<\\/p>\",\"21\":\"What I\'ve Learned\",\"43\":[\"18\"],\"17\":\"\",\"18\":\"\",\"16\":\"\",\"13\":[\"7\"],\"42\":[\"17\"],\"44\":[\"16\"],\"12\":\"UX Design, Wireframe\",\"3\":\"This is the project description.\",\"9\":[\"justinmind\"],\"4\":\"2014\"}}', '2015-05-10 20:54:54', '2015-05-10 20:54:54', 'f1c088f4-9817-4ffc-9aaf-53e76273f95e');
INSERT INTO `entryversions` (`id`, `entryId`, `sectionId`, `creatorId`, `locale`, `num`, `notes`, `data`, `dateCreated`, `dateUpdated`, `uid`) VALUES ('55', '12', '3', '1', 'en_us', '3', '', '{\"typeId\":\"3\",\"authorId\":\"1\",\"title\":\"Composer Hsin-Lei Chen Portfolio\",\"slug\":\"hsin-lei\",\"postDate\":1430877900,\"expiryDate\":null,\"enabled\":1,\"fields\":{\"24\":\"<p>This is the project analysis text.<\\/p>\",\"39\":\"\",\"23\":\"Project Analysis\",\"20\":\"<p>This is the project brief text.<\\/p>\",\"19\":\"Project Brief\",\"10\":\"Hsin-Lei Chen\",\"11\":\"http:\\/\\/hsinlei.com\",\"25\":{\"13\":{\"type\":\"mediaFeature\",\"enabled\":\"1\",\"fields\":{\"heading\":\"This is Feature 1\",\"body\":\"<p>This is feature 1 text.<\\/p>\",\"media\":[\"15\"],\"layout\":\"fluid\"}}},\"49\":\"Web Application\",\"22\":\"<p>I have learned a lot of things.<\\/p>\",\"21\":\"What I\'ve Learned\",\"43\":[\"18\"],\"17\":\"This is the OG description.\",\"18\":\"\",\"16\":\"Composer Hsin-Lei Chen Portfolio\",\"13\":[\"7\"],\"42\":[\"17\"],\"44\":[\"16\"],\"12\":\"Visual Design\",\"3\":\"The portfolio website of composer Hsin-Lei Chen.\",\"9\":[\"flash\",\"css3\",\"html5\",\"javascript\",\"sketch\",\"webgl\"],\"4\":\"2015\"}}', '2015-05-10 20:55:05', '2015-05-10 20:55:05', 'cd6f2468-4167-4b8c-988e-fb33e23e5ba5');
INSERT INTO `entryversions` (`id`, `entryId`, `sectionId`, `creatorId`, `locale`, `num`, `notes`, `data`, `dateCreated`, `dateUpdated`, `uid`) VALUES ('56', '10', '3', '1', 'en_us', '7', '', '{\"typeId\":\"3\",\"authorId\":\"1\",\"title\":\"LivePerson Website\",\"slug\":\"liveperson-website\",\"postDate\":1430364600,\"expiryDate\":null,\"enabled\":1,\"fields\":{\"24\":\"\",\"39\":\"\",\"23\":\"\",\"20\":\"<p>This is a cool website.<\\/p>\",\"19\":\"Project Brief\",\"10\":\"LivePerson\",\"11\":\"http:\\/\\/www.liveperson.com\\/\",\"25\":{\"19\":{\"type\":\"mediaFeature\",\"enabled\":\"1\",\"fields\":{\"heading\":\"Feature 1\",\"body\":\"<p>This is the feature texts.<\\/p>\",\"media\":[\"15\"],\"layout\":\"fluid\"}}},\"49\":\"Web Design\",\"22\":\"<p>I\'ve learned a lot.<\\/p>\",\"21\":\"What I\'ve Learned\",\"43\":[\"18\"],\"17\":\"\",\"18\":\"\",\"16\":\"\",\"13\":[\"7\"],\"42\":[\"17\"],\"44\":[\"16\"],\"12\":\"Visual Design\",\"3\":\"The official website design for LivePerson.\",\"9\":[\"photoshop\"],\"4\":\"2015\"}}', '2015-05-10 20:55:14', '2015-05-10 20:55:14', '5b11962c-3bee-4f6b-82ba-9adb6379afc8');
INSERT INTO `entryversions` (`id`, `entryId`, `sectionId`, `creatorId`, `locale`, `num`, `notes`, `data`, `dateCreated`, `dateUpdated`, `uid`) VALUES ('57', '9', '3', '1', 'en_us', '5', '', '{\"typeId\":\"3\",\"authorId\":\"1\",\"title\":\"Sleep Well Concept\",\"slug\":\"sleep-well\",\"postDate\":1430325600,\"expiryDate\":null,\"enabled\":1,\"fields\":{\"24\":\"\",\"39\":\"\",\"23\":\"\",\"20\":\"<p>This is a cool project.<\\/p>\",\"19\":\"Project Brief\",\"10\":\"\",\"11\":\"\",\"25\":{\"20\":{\"type\":\"mediaFeature\",\"enabled\":\"1\",\"fields\":{\"heading\":\"Feature1\",\"body\":\"<p>This is feature1 texts.<\\/p>\",\"media\":[\"15\"],\"layout\":\"fluid\"}}},\"49\":\"Mobile Application Design\",\"22\":\"<p>I\'ve learned a lot.<\\/p>\",\"21\":\"What I\'ve Learned\",\"43\":[\"18\"],\"17\":\"\",\"18\":\"\",\"16\":\"\",\"13\":[\"8\"],\"42\":[\"17\"],\"44\":[\"16\"],\"12\":\"UX, Wireframe, Visual Design\",\"3\":\"This is the project description.\",\"9\":[\"photoshop\",\"justinmind\",\"sketch\"],\"4\":\"2014\"}}', '2015-05-10 20:55:20', '2015-05-10 20:55:20', '48411f5a-83d6-4485-aea2-6a700db36523');
INSERT INTO `entryversions` (`id`, `entryId`, `sectionId`, `creatorId`, `locale`, `num`, `notes`, `data`, `dateCreated`, `dateUpdated`, `uid`) VALUES ('58', '6', '3', '1', 'en_us', '12', '', '{\"typeId\":\"3\",\"authorId\":\"1\",\"title\":\"Real-Time Fengshui\",\"slug\":\"real-time-fengshui\",\"postDate\":1430281020,\"expiryDate\":null,\"enabled\":1,\"fields\":{\"24\":\"\",\"39\":\"\",\"23\":\"\",\"20\":\"<p>This is a cool project.<\\/p>\",\"19\":\"Project Brief\",\"10\":\"\",\"11\":\"\",\"25\":{\"21\":{\"type\":\"mediaFeature\",\"enabled\":\"1\",\"fields\":{\"heading\":\"Feature 1\",\"body\":\"<p>This is feature 1 texts.<\\/p>\",\"media\":[\"15\"],\"layout\":\"fluid\"}}},\"49\":\"Interactive Experience\",\"22\":\"<p>I\'ve learned a lot.<\\/p>\",\"21\":\"What I\'ve Learned\",\"43\":[\"18\"],\"17\":\"\",\"18\":\"\",\"16\":\"\",\"13\":[\"7\"],\"42\":[\"17\"],\"50\":\"http:\\/\\/fengshuirealtime.com\\/\",\"44\":[\"16\"],\"12\":\"UX, 2D & 3D Visual Design, Development\",\"3\":\"Fengshui, also known as Geomantic Omen, literally translated to \\u201dwind and water\\u201d in Chinese. Fengshui has some primary disciplines in terms of aesthetics, psychology, and environmental science.\",\"9\":[\"aftereffects\",\"flash\",\"photoshop\",\"blender\",\"css3\",\"html5\",\"javascript\",\"sketch\",\"webgl\"],\"4\":\"2014\"}}', '2015-05-11 02:52:41', '2015-05-11 02:52:41', '5a25be54-1948-4e9c-ae3a-ca97374dc96f');
INSERT INTO `entryversions` (`id`, `entryId`, `sectionId`, `creatorId`, `locale`, `num`, `notes`, `data`, `dateCreated`, `dateUpdated`, `uid`) VALUES ('59', '6', '3', '1', 'en_us', '13', '', '{\"typeId\":\"3\",\"authorId\":\"1\",\"title\":\"Real-Time Fengshui\",\"slug\":\"real-time-fengshui\",\"postDate\":1430281020,\"expiryDate\":null,\"enabled\":1,\"fields\":{\"24\":\"\",\"39\":{\"new1\":{\"type\":\"step\",\"enabled\":\"1\",\"fields\":{\"image\":[\"54\"],\"caption\":\"This is analysis flow 1 caption.\"}},\"new2\":{\"type\":\"step\",\"enabled\":\"1\",\"fields\":{\"image\":[\"54\"],\"caption\":\"This is analysis flow 2 caption.\"}}},\"23\":\"\",\"20\":\"<p>This is a cool project.<\\/p>\",\"19\":\"Project Brief\",\"10\":\"\",\"11\":\"\",\"25\":{\"21\":{\"type\":\"mediaFeature\",\"enabled\":\"1\",\"fields\":{\"heading\":\"Feature 1\",\"body\":\"<p>This is feature 1 texts.<\\/p>\",\"media\":[\"15\"],\"layout\":\"fluid\"}}},\"49\":\"Interactive Experience\",\"22\":\"<p>I\'ve learned a lot.<\\/p>\",\"21\":\"What I\'ve Learned\",\"43\":[\"18\"],\"17\":\"\",\"18\":\"\",\"16\":\"\",\"13\":[\"7\"],\"42\":[\"17\"],\"50\":\"http:\\/\\/fengshuirealtime.com\\/\",\"44\":[\"16\"],\"12\":\"UX, 2D & 3D Visual Design, Development\",\"3\":\"Fengshui, also known as Geomantic Omen, literally translated to \\u201dwind and water\\u201d in Chinese. Fengshui has some primary disciplines in terms of aesthetics, psychology, and environmental science.\",\"9\":[\"aftereffects\",\"flash\",\"photoshop\",\"blender\",\"css3\",\"html5\",\"javascript\",\"sketch\",\"webgl\"],\"4\":\"2014\"}}', '2015-05-12 00:58:31', '2015-05-12 00:58:31', '029f9479-7d3e-4d9a-b351-e20594d089de');
INSERT INTO `entryversions` (`id`, `entryId`, `sectionId`, `creatorId`, `locale`, `num`, `notes`, `data`, `dateCreated`, `dateUpdated`, `uid`) VALUES ('60', '6', '3', '1', 'en_us', '14', '', '{\"typeId\":\"3\",\"authorId\":\"1\",\"title\":\"Real-Time Fengshui\",\"slug\":\"real-time-fengshui\",\"postDate\":1430281020,\"expiryDate\":null,\"enabled\":1,\"fields\":{\"24\":\"<p>The related cultural symbols and patterns tend to be abused, and with a page full of incomprehensible theories, it appears to be pseudoscience. Ultimately, they all contribute to an obscure reading experience that one can feel difficult to learn from. With my project, Fengshui Real-time, I want to introduce this theory through storytelling and teach its principals through real-time problem solving, as well as give the user down-to-earth tips.<\\/p>\",\"39\":{\"55\":{\"type\":\"step\",\"enabled\":\"1\",\"fields\":{\"image\":[\"54\"],\"caption\":\"This is analysis flow 1 caption.\"}},\"56\":{\"type\":\"step\",\"enabled\":\"1\",\"fields\":{\"image\":[\"54\"],\"caption\":\"This is analysis flow 2 caption.\"}}},\"23\":\"Subject Research & Analysis\",\"20\":\"<p>This is a cool project.<\\/p>\",\"19\":\"Project Brief\",\"10\":\"\",\"11\":\"\",\"25\":{\"21\":{\"type\":\"mediaFeature\",\"enabled\":\"1\",\"fields\":{\"heading\":\"Feature 1\",\"body\":\"<p>This is feature 1 texts.<\\/p>\",\"media\":[\"15\"],\"layout\":\"fluid\"}}},\"49\":\"Interactive Experience\",\"22\":\"<p>I\'ve learned a lot.<\\/p>\",\"21\":\"What I\'ve Learned\",\"43\":[\"18\"],\"17\":\"\",\"18\":\"\",\"16\":\"\",\"13\":[\"7\"],\"42\":[\"17\"],\"50\":\"http:\\/\\/fengshuirealtime.com\\/\",\"44\":[\"16\"],\"12\":\"UX, 2D & 3D Visual Design, Development\",\"3\":\"Fengshui, also known as Geomantic Omen, literally translated to \\u201dwind and water\\u201d in Chinese. Fengshui has some primary disciplines in terms of aesthetics, psychology, and environmental science.\",\"9\":[\"aftereffects\",\"flash\",\"photoshop\",\"blender\",\"css3\",\"html5\",\"javascript\",\"sketch\",\"webgl\"],\"4\":\"2014\"}}', '2015-05-12 01:33:50', '2015-05-12 01:33:50', '2cfcac01-e0a7-43da-ba79-68a2b2c31c1f');
INSERT INTO `entryversions` (`id`, `entryId`, `sectionId`, `creatorId`, `locale`, `num`, `notes`, `data`, `dateCreated`, `dateUpdated`, `uid`) VALUES ('61', '6', '3', '1', 'en_us', '15', '', '{\"typeId\":\"3\",\"authorId\":\"1\",\"title\":\"Real-Time Fengshui\",\"slug\":\"real-time-fengshui\",\"postDate\":1430281020,\"expiryDate\":null,\"enabled\":1,\"fields\":{\"24\":\"<p>The related cultural symbols and patterns tend to be abused, and with a page full of incomprehensible theories, it appears to be pseudoscience. Ultimately, they all contribute to an obscure reading experience that one can feel difficult to learn from. With my project, Fengshui Real-time, I want to introduce this theory through storytelling and teach its principals through real-time problem solving, as well as give the user down-to-earth tips.<\\/p>\",\"39\":{\"55\":{\"type\":\"step\",\"enabled\":\"1\",\"fields\":{\"image\":[\"57\"],\"caption\":\"This is analysis flow 1 caption.\"}},\"56\":{\"type\":\"step\",\"enabled\":\"1\",\"fields\":{\"image\":[\"54\"],\"caption\":\"This is analysis flow 2 caption.\"}}},\"23\":\"Subject Research & Analysis\",\"20\":\"<p>This is a cool project.<\\/p>\",\"19\":\"Project Brief\",\"10\":\"\",\"11\":\"\",\"25\":{\"21\":{\"type\":\"mediaFeature\",\"enabled\":\"1\",\"fields\":{\"heading\":\"Feature 1\",\"body\":\"<p>This is feature 1 texts.<\\/p>\",\"media\":[\"15\"],\"layout\":\"fluid\"}}},\"49\":\"Interactive Experience\",\"22\":\"<p>I\'ve learned a lot.<\\/p>\",\"21\":\"What I\'ve Learned\",\"43\":[\"18\"],\"17\":\"\",\"18\":\"\",\"16\":\"\",\"13\":[\"7\"],\"42\":[\"17\"],\"50\":\"http:\\/\\/fengshuirealtime.com\\/\",\"44\":[\"16\"],\"12\":\"UX, 2D & 3D Visual Design, Development\",\"3\":\"Fengshui, also known as Geomantic Omen, literally translated to \\u201dwind and water\\u201d in Chinese. Fengshui has some primary disciplines in terms of aesthetics, psychology, and environmental science.\",\"9\":[\"aftereffects\",\"flash\",\"photoshop\",\"blender\",\"css3\",\"html5\",\"javascript\",\"sketch\",\"webgl\"],\"4\":\"2014\"}}', '2015-05-12 04:06:13', '2015-05-12 04:06:13', '0a7fece4-f64b-48d0-bc20-52d55baac54a');
INSERT INTO `entryversions` (`id`, `entryId`, `sectionId`, `creatorId`, `locale`, `num`, `notes`, `data`, `dateCreated`, `dateUpdated`, `uid`) VALUES ('62', '6', '3', '1', 'en_us', '16', '', '{\"typeId\":\"3\",\"authorId\":\"1\",\"title\":\"Real-Time Fengshui\",\"slug\":\"real-time-fengshui\",\"postDate\":1430281020,\"expiryDate\":null,\"enabled\":1,\"fields\":{\"24\":\"<p>The related cultural symbols and patterns tend to be abused, and with a page full of incomprehensible theories, it appears to be pseudoscience. Ultimately, they all contribute to an obscure reading experience that one can feel difficult to learn from. With my project, Fengshui Real-time, I want to introduce this theory through storytelling and teach its principals through real-time problem solving, as well as give the user down-to-earth tips.<\\/p>\",\"39\":{\"55\":{\"type\":\"step\",\"enabled\":\"1\",\"fields\":{\"image\":[\"57\"],\"caption\":\"This is analysis flow 1 caption.\"}},\"56\":{\"type\":\"step\",\"enabled\":\"1\",\"fields\":{\"image\":[\"54\"],\"caption\":\"This is analysis flow 2 caption.\"}}},\"23\":\"Subject Research & Analysis\",\"20\":\"<p>This is a cool project.<\\/p>\",\"19\":\"Project Brief\",\"10\":\"\",\"11\":\"\",\"25\":{\"21\":{\"type\":\"mediaFeature\",\"enabled\":\"1\",\"fields\":{\"heading\":\"Feature 1\",\"body\":\"<p>This is feature 1 texts.<\\/p>\",\"media\":[\"15\"],\"layout\":\"fluid\"}},\"new1\":{\"type\":\"comparisonFeature\",\"enabled\":\"1\",\"fields\":{\"heading\":\"This is a comparison\",\"body\":\"<p>This is the comparison text.<\\/p>\",\"images\":[\"58\",\"59\"]}}},\"49\":\"Interactive Experience\",\"22\":\"<p>I\'ve learned a lot.<\\/p>\",\"21\":\"What I\'ve Learned\",\"43\":[\"18\"],\"17\":\"\",\"18\":\"\",\"16\":\"\",\"13\":[\"7\"],\"42\":[\"17\"],\"50\":\"http:\\/\\/fengshuirealtime.com\\/\",\"44\":[\"16\"],\"12\":\"UX, 2D & 3D Visual Design, Development\",\"3\":\"Fengshui, also known as Geomantic Omen, literally translated to \\u201dwind and water\\u201d in Chinese. Fengshui has some primary disciplines in terms of aesthetics, psychology, and environmental science.\",\"9\":[\"aftereffects\",\"flash\",\"photoshop\",\"blender\",\"css3\",\"html5\",\"javascript\",\"sketch\",\"webgl\"],\"4\":\"2014\"}}', '2015-05-13 01:53:28', '2015-05-13 01:53:28', 'de17ea40-5bde-44c0-821c-b5e693fc92ff');
INSERT INTO `entryversions` (`id`, `entryId`, `sectionId`, `creatorId`, `locale`, `num`, `notes`, `data`, `dateCreated`, `dateUpdated`, `uid`) VALUES ('63', '6', '3', '1', 'en_us', '17', '', '{\"typeId\":\"3\",\"authorId\":\"1\",\"title\":\"Real-Time Fengshui\",\"slug\":\"real-time-fengshui\",\"postDate\":1430281020,\"expiryDate\":null,\"enabled\":1,\"fields\":{\"24\":\"<p>The related cultural symbols and patterns tend to be abused, and with a page full of incomprehensible theories, it appears to be pseudoscience. Ultimately, they all contribute to an obscure reading experience that one can feel difficult to learn from. With my project, Fengshui Real-time, I want to introduce this theory through storytelling and teach its principals through real-time problem solving, as well as give the user down-to-earth tips.<\\/p>\",\"39\":{\"55\":{\"type\":\"step\",\"enabled\":\"1\",\"fields\":{\"image\":[\"57\"],\"caption\":\"This is analysis flow 1 caption.\"}},\"56\":{\"type\":\"step\",\"enabled\":\"1\",\"fields\":{\"image\":[\"54\"],\"caption\":\"This is analysis flow 2 caption.\"}}},\"23\":\"Subject Research & Analysis\",\"20\":\"<p>This is a cool project.<\\/p>\",\"19\":\"Project Brief\",\"10\":\"\",\"11\":\"\",\"25\":{\"21\":{\"type\":\"mediaFeature\",\"enabled\":\"1\",\"fields\":{\"heading\":\"Feature 1\",\"body\":\"<p>This is feature 1 texts.<\\/p>\",\"media\":[\"15\"],\"layout\":\"fluid\"}},\"60\":{\"type\":\"comparisonFeature\",\"enabled\":\"1\",\"fields\":{\"heading\":\"This is a comparison\",\"body\":\"<p>This is the comparison text.<\\/p>\",\"images\":[\"58\",\"59\"],\"firstCaption\":\"Before\",\"secondCaption\":\"After\"}}},\"49\":\"Interactive Experience\",\"22\":\"<p>I\'ve learned a lot.<\\/p>\",\"21\":\"What I\'ve Learned\",\"43\":[\"18\"],\"17\":\"\",\"18\":\"\",\"16\":\"\",\"13\":[\"7\"],\"42\":[\"17\"],\"50\":\"http:\\/\\/fengshuirealtime.com\\/\",\"44\":[\"16\"],\"12\":\"UX, 2D & 3D Visual Design, Development\",\"3\":\"Fengshui, also known as Geomantic Omen, literally translated to \\u201dwind and water\\u201d in Chinese. Fengshui has some primary disciplines in terms of aesthetics, psychology, and environmental science.\",\"9\":[\"aftereffects\",\"flash\",\"photoshop\",\"blender\",\"css3\",\"html5\",\"javascript\",\"sketch\",\"webgl\"],\"4\":\"2014\"}}', '2015-05-13 01:56:26', '2015-05-13 01:56:26', '1a767f03-40bb-49b4-b065-2f1c8147d05f');
INSERT INTO `entryversions` (`id`, `entryId`, `sectionId`, `creatorId`, `locale`, `num`, `notes`, `data`, `dateCreated`, `dateUpdated`, `uid`) VALUES ('64', '6', '3', '1', 'en_us', '18', '', '{\"typeId\":\"3\",\"authorId\":\"1\",\"title\":\"Real-Time Fengshui\",\"slug\":\"real-time-fengshui\",\"postDate\":1430281020,\"expiryDate\":null,\"enabled\":1,\"fields\":{\"24\":\"<p>The related cultural symbols and patterns tend to be abused, and with a page full of incomprehensible theories, it appears to be pseudoscience. Ultimately, they all contribute to an obscure reading experience that one can feel difficult to learn from. With my project, Fengshui Real-time, I want to introduce this theory through storytelling and teach its principals through real-time problem solving, as well as give the user down-to-earth tips.<\\/p>\",\"39\":{\"55\":{\"type\":\"step\",\"enabled\":\"1\",\"fields\":{\"image\":[\"57\"],\"caption\":\"This is analysis flow 1 caption.\"}},\"56\":{\"type\":\"step\",\"enabled\":\"1\",\"fields\":{\"image\":[\"54\"],\"caption\":\"This is analysis flow 2 caption.\"}}},\"23\":\"Subject Research & Analysis\",\"20\":\"<p>This is a cool project.<\\/p>\",\"19\":\"Project Brief\",\"10\":\"\",\"11\":\"\",\"25\":{\"21\":{\"type\":\"mediaFeature\",\"enabled\":\"1\",\"fields\":{\"heading\":\"Feature 1\",\"body\":\"<p>This is feature 1 texts.<\\/p>\",\"media\":[\"15\"],\"layout\":\"fluid\"}},\"new1\":{\"type\":\"mediaFeature\",\"enabled\":\"1\",\"fields\":{\"heading\":\"This is feature 2\",\"body\":\"<p>This is feature 2 text.<\\/p>\",\"media\":[\"14\",\"15\"],\"layout\":\"fluid\"}},\"60\":{\"type\":\"comparisonFeature\",\"enabled\":\"1\",\"fields\":{\"heading\":\"This is a comparison\",\"body\":\"<p>This is the comparison text.<\\/p>\",\"images\":[\"58\",\"59\"],\"firstCaption\":\"Before\",\"secondCaption\":\"After\"}}},\"49\":\"Interactive Experience\",\"22\":\"<p>I\'ve learned a lot.<\\/p>\",\"21\":\"What I\'ve Learned\",\"43\":[\"18\"],\"17\":\"\",\"18\":\"\",\"16\":\"\",\"13\":[\"7\"],\"42\":[\"17\"],\"50\":\"http:\\/\\/fengshuirealtime.com\\/\",\"44\":[\"16\"],\"12\":\"UX, 2D & 3D Visual Design, Development\",\"3\":\"Fengshui, also known as Geomantic Omen, literally translated to \\u201dwind and water\\u201d in Chinese. Fengshui has some primary disciplines in terms of aesthetics, psychology, and environmental science.\",\"9\":[\"aftereffects\",\"flash\",\"photoshop\",\"blender\",\"css3\",\"html5\",\"javascript\",\"sketch\",\"webgl\"],\"4\":\"2014\"}}', '2015-05-13 04:29:48', '2015-05-13 04:29:48', '99594c69-ca4b-4ad3-8ae3-f97d912eb304');
INSERT INTO `entryversions` (`id`, `entryId`, `sectionId`, `creatorId`, `locale`, `num`, `notes`, `data`, `dateCreated`, `dateUpdated`, `uid`) VALUES ('65', '10', '3', '1', 'en_us', '8', '', '{\"typeId\":\"3\",\"authorId\":\"1\",\"title\":\"LivePerson Website\",\"slug\":\"liveperson-website\",\"postDate\":1430364600,\"expiryDate\":null,\"enabled\":1,\"fields\":{\"24\":\"\",\"39\":\"\",\"23\":\"\",\"20\":\"<p>This is a cool website.<\\/p>\",\"19\":\"Project Brief\",\"10\":\"LivePerson\",\"11\":\"http:\\/\\/www.liveperson.com\\/\",\"25\":{\"19\":{\"type\":\"mediaFeature\",\"enabled\":\"1\",\"fields\":{\"heading\":\"Feature 1\",\"body\":\"<p>This is the feature texts.<\\/p>\",\"media\":[\"15\"],\"layout\":\"fluid\"}},\"new1\":{\"type\":\"responsiveFeature\",\"enabled\":\"1\",\"fields\":{\"heading\":\"Responsive Design\",\"body\":\"<p>This is the text content for responsive design feature.<\\/p>\",\"desktopScreen\":[\"62\"],\"tabletImage\":[\"63\"],\"mobileImage\":[\"64\"]}}},\"49\":\"Web Design\",\"22\":\"<p>I\'ve learned a lot.<\\/p>\",\"21\":\"What I\'ve Learned\",\"43\":[\"18\"],\"17\":\"\",\"18\":\"\",\"16\":\"\",\"13\":[\"7\"],\"42\":[\"17\"],\"50\":\"\",\"44\":[\"16\"],\"12\":\"Visual Design\",\"3\":\"The official website design for LivePerson.\",\"9\":[\"photoshop\"],\"4\":\"2015\"}}', '2015-05-14 03:04:19', '2015-05-14 03:04:19', '61a55577-5740-485b-b2b6-ff17d0982a68');
INSERT INTO `entryversions` (`id`, `entryId`, `sectionId`, `creatorId`, `locale`, `num`, `notes`, `data`, `dateCreated`, `dateUpdated`, `uid`) VALUES ('66', '10', '3', '1', 'en_us', '9', '', '{\"typeId\":\"3\",\"authorId\":\"1\",\"title\":\"LivePerson Website\",\"slug\":\"liveperson-website\",\"postDate\":1430364600,\"expiryDate\":null,\"enabled\":1,\"fields\":{\"24\":\"\",\"39\":\"\",\"23\":\"\",\"20\":\"<p>This is a cool website.<\\/p>\",\"19\":\"Project Brief\",\"10\":\"LivePerson\",\"11\":\"http:\\/\\/www.liveperson.com\\/\",\"25\":{\"19\":{\"type\":\"mediaFeature\",\"enabled\":\"1\",\"fields\":{\"heading\":\"Feature 1\",\"body\":\"<p>This is the feature texts.<\\/p>\",\"media\":[\"15\"],\"layout\":\"fluid\"}},\"65\":{\"type\":\"responsiveFeature\",\"enabled\":\"1\",\"fields\":{\"heading\":\"Responsive Design\",\"body\":\"<p>This is the text content for responsive design feature.<\\/p>\",\"desktopScreen\":[\"62\"],\"tabletScreen\":[\"66\"],\"mobileScreen\":[\"64\"]}}},\"49\":\"Web Design\",\"22\":\"<p>I\'ve learned a lot.<\\/p>\",\"21\":\"What I\'ve Learned\",\"43\":[\"18\"],\"17\":\"\",\"18\":\"\",\"16\":\"\",\"13\":[\"7\"],\"42\":[\"17\"],\"50\":\"\",\"44\":[\"16\"],\"12\":\"Visual Design\",\"3\":\"The official website design for LivePerson.\",\"9\":[\"photoshop\"],\"4\":\"2015\"}}', '2015-05-14 04:39:13', '2015-05-14 04:39:13', '1ba23fbb-23d8-4592-9da3-800738954c38');
INSERT INTO `entryversions` (`id`, `entryId`, `sectionId`, `creatorId`, `locale`, `num`, `notes`, `data`, `dateCreated`, `dateUpdated`, `uid`) VALUES ('67', '10', '3', '1', 'en_us', '10', '', '{\"typeId\":\"3\",\"authorId\":\"1\",\"title\":\"LivePerson Website\",\"slug\":\"liveperson-website\",\"postDate\":1430364600,\"expiryDate\":null,\"enabled\":1,\"fields\":{\"24\":\"\",\"39\":\"\",\"23\":\"\",\"20\":\"<p>This is a cool website.<\\/p>\",\"19\":\"Project Brief\",\"10\":\"LivePerson\",\"11\":\"http:\\/\\/www.liveperson.com\\/\",\"25\":{\"19\":{\"type\":\"mediaFeature\",\"enabled\":\"1\",\"fields\":{\"heading\":\"Feature 1\",\"body\":\"<p>This is the feature texts.<\\/p>\",\"media\":[\"15\"],\"layout\":\"fluid\"}},\"65\":{\"type\":\"responsiveFeature\",\"enabled\":\"1\",\"fields\":{\"heading\":\"Responsive Design\",\"body\":\"<p>This is the text content for responsive design feature. This is the text content for responsive design feature. This is the text content for responsive design feature. This is the text content for responsive design feature.<\\/p>\",\"desktopScreen\":[\"62\"],\"tabletScreen\":[\"66\"],\"mobileScreen\":[\"64\"]}}},\"49\":\"Web Design\",\"22\":\"<p>I\'ve learned a lot.<\\/p>\",\"21\":\"What I\'ve Learned\",\"43\":[\"18\"],\"17\":\"\",\"18\":\"\",\"16\":\"\",\"13\":[\"7\"],\"42\":[\"17\"],\"50\":\"\",\"44\":[\"16\"],\"12\":\"Visual Design\",\"3\":\"The official website design for LivePerson.\",\"9\":[\"photoshop\"],\"4\":\"2015\"}}', '2015-05-14 04:42:28', '2015-05-14 04:42:28', 'b6e2ed06-92fb-405f-b24e-4735e618676a');
INSERT INTO `entryversions` (`id`, `entryId`, `sectionId`, `creatorId`, `locale`, `num`, `notes`, `data`, `dateCreated`, `dateUpdated`, `uid`) VALUES ('68', '10', '3', '1', 'en_us', '11', '', '{\"typeId\":\"3\",\"authorId\":\"1\",\"title\":\"LivePerson Website\",\"slug\":\"liveperson-website\",\"postDate\":1430364600,\"expiryDate\":null,\"enabled\":1,\"fields\":{\"24\":\"\",\"39\":\"\",\"23\":\"\",\"20\":\"<p>This is a cool website.<\\/p>\",\"19\":\"Project Brief\",\"10\":\"LivePerson\",\"11\":\"http:\\/\\/www.liveperson.com\\/\",\"25\":{\"19\":{\"type\":\"mediaFeature\",\"enabled\":\"1\",\"fields\":{\"heading\":\"Feature 1\",\"body\":\"<p>This is the feature texts.<\\/p>\",\"media\":[\"15\"],\"layout\":\"fluid\"}},\"65\":{\"type\":\"responsiveFeature\",\"enabled\":\"1\",\"fields\":{\"heading\":\"Responsive Design\",\"body\":\"<p>This is the text content for responsive design feature. This is the text content for responsive design feature. This is the text content for responsive design feature. This is the text content for responsive design feature.<\\/p>\",\"desktopScreen\":[\"67\"],\"tabletScreen\":[\"66\"],\"mobileScreen\":[\"64\"]}}},\"49\":\"Web Design\",\"22\":\"<p>I\'ve learned a lot.<\\/p>\",\"21\":\"What I\'ve Learned\",\"43\":[\"18\"],\"17\":\"\",\"18\":\"\",\"16\":\"\",\"13\":[\"7\"],\"42\":[\"17\"],\"50\":\"\",\"44\":[\"16\"],\"12\":\"Visual Design\",\"3\":\"The official website design for LivePerson.\",\"9\":[\"photoshop\"],\"4\":\"2015\"}}', '2015-05-14 05:12:11', '2015-05-14 05:12:11', '98c82c97-d71d-48ba-9692-5bce87ed6bb9');
INSERT INTO `entryversions` (`id`, `entryId`, `sectionId`, `creatorId`, `locale`, `num`, `notes`, `data`, `dateCreated`, `dateUpdated`, `uid`) VALUES ('69', '6', '3', '1', 'en_us', '19', '', '{\"typeId\":\"3\",\"authorId\":\"1\",\"title\":\"Real-Time Fengshui\",\"slug\":\"real-time-fengshui\",\"postDate\":1430281020,\"expiryDate\":null,\"enabled\":1,\"fields\":{\"24\":\"<p>The related cultural symbols and patterns tend to be abused, and with a page full of incomprehensible theories, it appears to be pseudoscience. Ultimately, they all contribute to an obscure reading experience that one can feel difficult to learn from. With my project, Fengshui Real-time, I want to introduce this theory through storytelling and teach its principals through real-time problem solving, as well as give the user down-to-earth tips.<\\/p>\",\"39\":{\"55\":{\"type\":\"step\",\"enabled\":\"1\",\"fields\":{\"image\":[\"57\"],\"caption\":\"This is analysis flow 1 caption.\"}},\"56\":{\"type\":\"step\",\"enabled\":\"1\",\"fields\":{\"image\":[\"54\"],\"caption\":\"This is analysis flow 2 caption.\"}}},\"23\":\"Subject Research & Analysis\",\"20\":\"<p>This is a cool project.<\\/p>\",\"19\":\"Project Brief\",\"10\":\"\",\"11\":\"\",\"25\":{\"21\":{\"type\":\"mediaFeature\",\"enabled\":\"1\",\"fields\":{\"heading\":\"Feature 1\",\"body\":\"<p>This is feature 1 texts.<\\/p>\",\"media\":[\"15\"],\"layout\":\"fluid\"}},\"61\":{\"type\":\"mediaFeature\",\"enabled\":\"1\",\"fields\":{\"heading\":\"Feature 2\",\"body\":\"<p>This is feature 2 text.<\\/p>\",\"media\":[\"14\",\"15\"],\"layout\":\"fluid\"}},\"new1\":{\"type\":\"mediaFeature\",\"enabled\":\"1\",\"fields\":{\"heading\":\"Feature 3\",\"body\":\"<p>This is feature 3 text.<\\/p>\",\"media\":[\"15\"],\"layout\":\"fluid\"},\"collapsed\":\"1\"},\"60\":{\"type\":\"comparisonFeature\",\"enabled\":\"1\",\"fields\":{\"heading\":\"This is a comparison\",\"body\":\"<p>This is the comparison text.<\\/p>\",\"images\":[\"58\",\"59\"],\"firstCaption\":\"Before\",\"secondCaption\":\"After\"}}},\"49\":\"Interactive Experience\",\"22\":\"<p>I\'ve learned a lot.<\\/p>\",\"21\":\"What I\'ve Learned\",\"43\":[\"18\"],\"17\":\"\",\"18\":\"\",\"16\":\"\",\"13\":[\"7\"],\"42\":[\"17\"],\"50\":\"http:\\/\\/fengshuirealtime.com\\/\",\"44\":[\"16\"],\"12\":\"UX, 2D & 3D Visual Design, Development\",\"3\":\"Fengshui, also known as Geomantic Omen, literally translated to \\u201dwind and water\\u201d in Chinese. Fengshui has some primary disciplines in terms of aesthetics, psychology, and environmental science.\",\"9\":[\"aftereffects\",\"flash\",\"photoshop\",\"blender\",\"css3\",\"html5\",\"javascript\",\"sketch\",\"webgl\"],\"4\":\"2014\"}}', '2015-05-15 01:51:35', '2015-05-15 01:51:35', 'c0515a53-c8d4-4a33-bdb5-f94ac4b753b9');
INSERT INTO `entryversions` (`id`, `entryId`, `sectionId`, `creatorId`, `locale`, `num`, `notes`, `data`, `dateCreated`, `dateUpdated`, `uid`) VALUES ('70', '6', '3', '1', 'en_us', '20', '', '{\"typeId\":\"3\",\"authorId\":\"1\",\"title\":\"Real-Time Fengshui\",\"slug\":\"real-time-fengshui\",\"postDate\":1430281020,\"expiryDate\":null,\"enabled\":1,\"fields\":{\"24\":\"<p>The related cultural symbols and patterns tend to be abused, and with a page full of incomprehensible theories, it appears to be pseudoscience. Ultimately, they all contribute to an obscure reading experience that one can feel difficult to learn from. With my project, Fengshui Real-time, I want to introduce this theory through storytelling and teach its principals through real-time problem solving, as well as give the user down-to-earth tips.<\\/p>\",\"39\":{\"55\":{\"type\":\"step\",\"enabled\":\"1\",\"fields\":{\"image\":[\"57\"],\"caption\":\"This is analysis flow 1 caption.\"}},\"56\":{\"type\":\"step\",\"enabled\":\"1\",\"fields\":{\"image\":[\"54\"],\"caption\":\"This is analysis flow 2 caption.\"}}},\"23\":\"Subject Research & Analysis\",\"20\":\"<p>This is a cool project.<\\/p>\",\"19\":\"Project Brief\",\"10\":\"\",\"11\":\"\",\"25\":{\"21\":{\"type\":\"mediaFeature\",\"enabled\":\"1\",\"fields\":{\"heading\":\"Feature 1\",\"body\":\"<p>This is feature 1 texts.<\\/p>\",\"media\":[\"15\"],\"layout\":\"fluid\"}},\"61\":{\"type\":\"mediaFeature\",\"enabled\":\"1\",\"fields\":{\"heading\":\"Feature 2\\r\\nis very amazing\",\"body\":\"<p>This is feature 2 text.<\\/p>\",\"media\":[\"14\",\"15\"],\"layout\":\"fluid\"}},\"68\":{\"type\":\"mediaFeature\",\"enabled\":\"1\",\"fields\":{\"heading\":\"Feature 3\",\"body\":\"<p>This is feature 3 text.<\\/p>\",\"media\":[\"15\"],\"layout\":\"fluid\"}},\"60\":{\"type\":\"comparisonFeature\",\"enabled\":\"1\",\"fields\":{\"heading\":\"This is a comparison\",\"body\":\"<p>This is the comparison text.<\\/p>\",\"images\":[\"58\",\"59\"],\"firstCaption\":\"Before\",\"secondCaption\":\"After\"}}},\"49\":\"Interactive Experience\",\"22\":\"<p>I\'ve learned a lot.<\\/p>\",\"21\":\"What I\'ve Learned\",\"43\":[\"18\"],\"17\":\"\",\"18\":\"\",\"16\":\"\",\"13\":[\"7\"],\"42\":[\"17\"],\"50\":\"http:\\/\\/fengshuirealtime.com\\/\",\"44\":[\"16\"],\"12\":\"UX, 2D & 3D Visual Design, Development\",\"3\":\"Fengshui, also known as Geomantic Omen, literally translated to \\u201dwind and water\\u201d in Chinese. Fengshui has some primary disciplines in terms of aesthetics, psychology, and environmental science.\",\"9\":[\"aftereffects\",\"flash\",\"photoshop\",\"blender\",\"css3\",\"html5\",\"javascript\",\"sketch\",\"webgl\"],\"4\":\"2014\"}}', '2015-05-15 02:35:18', '2015-05-15 02:35:18', '8bfbe4f0-03b9-452a-a029-91efc92d0857');
INSERT INTO `entryversions` (`id`, `entryId`, `sectionId`, `creatorId`, `locale`, `num`, `notes`, `data`, `dateCreated`, `dateUpdated`, `uid`) VALUES ('71', '10', '3', '1', 'en_us', '12', '', '{\"typeId\":\"3\",\"authorId\":\"1\",\"title\":\"LivePerson Website\",\"slug\":\"liveperson-website\",\"postDate\":1430364600,\"expiryDate\":null,\"enabled\":1,\"fields\":{\"24\":\"\",\"39\":\"\",\"23\":\"\",\"20\":\"<p>This is a cool website.<\\/p>\",\"19\":\"Project Brief\",\"10\":\"LivePerson\",\"11\":\"http:\\/\\/www.liveperson.com\\/\",\"58\":\"yellow\",\"25\":{\"19\":{\"type\":\"mediaFeature\",\"enabled\":\"1\",\"fields\":{\"heading\":\"Feature 1\",\"body\":\"<p>This is the feature texts.<\\/p>\",\"media\":[\"15\"],\"layout\":\"fluid\"}},\"65\":{\"type\":\"responsiveFeature\",\"enabled\":\"1\",\"fields\":{\"heading\":\"Responsive Design\",\"body\":\"<p>This is the text content for responsive design feature. This is the text content for responsive design feature. This is the text content for responsive design feature. This is the text content for responsive design feature.<\\/p>\",\"desktopScreen\":[\"67\"],\"tabletScreen\":[\"66\"],\"mobileScreen\":[\"64\"]}}},\"49\":\"Web Design\",\"22\":\"<p>I\'ve learned a lot.<\\/p>\",\"21\":\"What I\'ve Learned\",\"43\":[\"18\"],\"17\":\"\",\"18\":\"\",\"16\":\"\",\"13\":[\"7\"],\"42\":[\"17\"],\"50\":\"\",\"44\":[\"16\"],\"12\":\"Visual Design\",\"3\":\"The official website design for LivePerson.\",\"9\":[\"photoshop\"],\"4\":\"2015\"}}', '2015-05-15 05:17:00', '2015-05-15 05:17:00', '6ef3f49e-5417-40e2-a190-b3cc5529c038');
INSERT INTO `entryversions` (`id`, `entryId`, `sectionId`, `creatorId`, `locale`, `num`, `notes`, `data`, `dateCreated`, `dateUpdated`, `uid`) VALUES ('72', '6', '3', '1', 'en_us', '21', '', '{\"typeId\":\"3\",\"authorId\":\"1\",\"title\":\"Real-Time Fengshui\",\"slug\":\"real-time-fengshui\",\"postDate\":1430281020,\"expiryDate\":null,\"enabled\":1,\"fields\":{\"24\":\"<p>The related cultural symbols and patterns tend to be abused, and with a page full of incomprehensible theories, it appears to be pseudoscience. Ultimately, they all contribute to an obscure reading experience that one can feel difficult to learn from. With my project, Fengshui Real-time, I want to introduce this theory through storytelling and teach its principals through real-time problem solving, as well as give the user down-to-earth tips.<\\/p>\",\"39\":{\"55\":{\"type\":\"step\",\"enabled\":\"1\",\"fields\":{\"image\":[\"57\"],\"caption\":\"This is analysis flow 1 caption.\"}},\"56\":{\"type\":\"step\",\"enabled\":\"1\",\"fields\":{\"image\":[\"54\"],\"caption\":\"This is analysis flow 2 caption.\"}}},\"23\":\"Subject Research & Analysis\",\"20\":\"<p>This is a cool project.<\\/p>\",\"19\":\"Project Brief\",\"10\":\"\",\"11\":\"\",\"58\":\"blue\",\"25\":{\"21\":{\"type\":\"mediaFeature\",\"enabled\":\"1\",\"fields\":{\"heading\":\"Feature 1\",\"body\":\"<p>This is feature 1 texts.<\\/p>\",\"media\":[\"15\"],\"layout\":\"fluid\"}},\"61\":{\"type\":\"mediaFeature\",\"enabled\":\"1\",\"fields\":{\"heading\":\"Feature 2\\r\\nis very amazing\",\"body\":\"<p>This is feature 2 text.<\\/p>\",\"media\":[\"14\",\"15\"],\"layout\":\"fluid\"}},\"68\":{\"type\":\"mediaFeature\",\"enabled\":\"1\",\"fields\":{\"heading\":\"Feature 3\",\"body\":\"<p>This is feature 3 text.<\\/p>\",\"media\":[\"15\"],\"layout\":\"fluid\"}},\"60\":{\"type\":\"comparisonFeature\",\"enabled\":\"1\",\"fields\":{\"heading\":\"This is a comparison\",\"body\":\"<p>This is the comparison text.<\\/p>\",\"images\":[\"58\",\"59\"],\"firstCaption\":\"Before\",\"secondCaption\":\"After\"}}},\"49\":\"Interactive Experience\",\"22\":\"<p>I\'ve learned a lot.<\\/p>\",\"21\":\"What I\'ve Learned\",\"43\":[\"18\"],\"17\":\"\",\"18\":\"\",\"16\":\"\",\"13\":[\"7\"],\"42\":[\"17\"],\"50\":\"http:\\/\\/fengshuirealtime.com\\/\",\"44\":[\"16\"],\"12\":\"UX, 2D & 3D Visual Design, Development\",\"3\":\"Fengshui, also known as Geomantic Omen, literally translated to \\u201dwind and water\\u201d in Chinese. Fengshui has some primary disciplines in terms of aesthetics, psychology, and environmental science.\",\"9\":[\"aftereffects\",\"flash\",\"photoshop\",\"blender\",\"css3\",\"html5\",\"javascript\",\"sketch\",\"webgl\"],\"4\":\"2014\"}}', '2015-05-15 05:42:50', '2015-05-15 05:42:50', '83a9a7c8-8d13-4ec3-b2b9-b3adefb7c257');
INSERT INTO `entryversions` (`id`, `entryId`, `sectionId`, `creatorId`, `locale`, `num`, `notes`, `data`, `dateCreated`, `dateUpdated`, `uid`) VALUES ('73', '48', '3', '1', 'en_us', '3', '', '{\"typeId\":\"3\",\"authorId\":\"1\",\"title\":\"Branding Designs\",\"slug\":\"branding-designs\",\"postDate\":1430884080,\"expiryDate\":null,\"enabled\":1,\"fields\":{\"24\":\"<p>This is the project analysis texts.<\\/p>\",\"39\":\"\",\"23\":\"Project Analysis\",\"20\":\"<p>This is the project brief texts.<\\/p>\",\"19\":\"Project Brief\",\"10\":\"\",\"11\":\"\",\"58\":\"blue\",\"25\":{\"49\":{\"type\":\"mediaFeature\",\"enabled\":\"1\",\"fields\":{\"heading\":\"Feature 1\",\"body\":\"<p>This is the feature 1 texts.<\\/p>\",\"media\":[\"15\"],\"layout\":\"fluid\"}}},\"49\":\"Graphic Design\",\"22\":\"<p>This is what I\'ve learned.<\\/p>\",\"21\":\"What I\'ve Learned\",\"43\":[\"18\"],\"17\":\"\",\"18\":\"\",\"16\":\"\",\"13\":[\"8\"],\"42\":[\"17\"],\"50\":\"\",\"44\":[\"16\"],\"12\":\"Visual Design\",\"3\":\"This is the project description.\",\"9\":[\"aftereffects\",\"Adobe InDesign\",\"photoshop\"],\"4\":\"2012\"}}', '2015-05-15 05:47:18', '2015-05-15 05:47:18', '7e510b24-d86c-4b46-b7b8-6a50e191aedf');
INSERT INTO `entryversions` (`id`, `entryId`, `sectionId`, `creatorId`, `locale`, `num`, `notes`, `data`, `dateCreated`, `dateUpdated`, `uid`) VALUES ('74', '32', '3', '1', 'en_us', '3', '', '{\"typeId\":\"3\",\"authorId\":\"1\",\"title\":\"Sandata\",\"slug\":\"sandata\",\"postDate\":1430882340,\"expiryDate\":null,\"enabled\":1,\"fields\":{\"24\":\"<p>This is the analysis texts.<\\/p>\",\"39\":\"\",\"23\":\"Project Analysis\",\"20\":\"<p>This is the project brief texts.<\\/p>\",\"19\":\"Project Brief\",\"10\":\"Sandata\",\"11\":\"\",\"58\":\"blue\",\"25\":{\"33\":{\"type\":\"mediaFeature\",\"enabled\":\"1\",\"fields\":{\"heading\":\"Feature 1\",\"body\":\"<p>This is feature1 texts.<\\/p>\",\"media\":[\"15\"],\"layout\":\"fluid\"}}},\"49\":\"Web Design\",\"22\":\"<p>This is what I\'ve learned.<\\/p>\",\"21\":\"What I\'ve Learned\",\"43\":[\"18\"],\"17\":\"\",\"18\":\"\",\"16\":\"\",\"13\":[\"7\"],\"42\":[\"17\"],\"50\":\"\",\"44\":[\"16\"],\"12\":\"Visual Design\",\"3\":\"This is the project description.\",\"9\":[\"photoshop\"],\"4\":\"2015\"}}', '2015-05-15 05:47:33', '2015-05-15 05:47:33', 'bc22ef5f-f30e-48a7-9c4a-917165e61a9f');
INSERT INTO `entryversions` (`id`, `entryId`, `sectionId`, `creatorId`, `locale`, `num`, `notes`, `data`, `dateCreated`, `dateUpdated`, `uid`) VALUES ('75', '30', '3', '1', 'en_us', '3', '', '{\"typeId\":\"3\",\"authorId\":\"1\",\"title\":\"DressSmart\",\"slug\":\"dresssmart\",\"postDate\":1430882160,\"expiryDate\":null,\"enabled\":1,\"fields\":{\"24\":\"<p>This is the project analysis texts.<\\/p>\",\"39\":\"\",\"23\":\"Project Analysis\",\"20\":\"<p>This is the project brief texts.<\\/p>\",\"19\":\"Project Brief\",\"10\":\"\",\"11\":\"\",\"58\":\"yellow\",\"25\":{\"31\":{\"type\":\"mediaFeature\",\"enabled\":\"1\",\"fields\":{\"heading\":\"Feature 1\",\"body\":\"<p>This is feature 1 texts.<\\/p>\",\"media\":[\"15\"],\"layout\":\"fluid\"}}},\"49\":\"Mobile Application Design\",\"22\":\"<p>This is what I\'ve learned.<\\/p>\",\"21\":\"What I\'ve Learned\",\"43\":[\"18\"],\"17\":\"\",\"18\":\"\",\"16\":\"\",\"13\":[\"7\"],\"42\":[\"17\"],\"50\":\"\",\"44\":[\"16\"],\"12\":\"UX Design, Visual Design, Prototype\",\"3\":\"This is the project description.\",\"9\":[\"Adobe InDesign\",\"justinmind\"],\"4\":\"2011\"}}', '2015-05-15 05:47:43', '2015-05-15 05:47:43', '21412bb0-2364-4ae6-8ca4-6410d114b5ef');
INSERT INTO `entryversions` (`id`, `entryId`, `sectionId`, `creatorId`, `locale`, `num`, `notes`, `data`, `dateCreated`, `dateUpdated`, `uid`) VALUES ('76', '26', '3', '1', 'en_us', '3', '', '{\"typeId\":\"3\",\"authorId\":\"1\",\"title\":\"Kanjy Website\",\"slug\":\"kanjy-website\",\"postDate\":1430880600,\"expiryDate\":null,\"enabled\":1,\"fields\":{\"24\":\"<p>This is the project analysis texts.<\\/p>\",\"39\":\"\",\"23\":\"Project Analysis\",\"20\":\"<p>This is the project brief texts.<\\/p>\",\"19\":\"Project Brief\",\"10\":\"Kanjy\",\"11\":\"\",\"58\":\"green\",\"25\":{\"27\":{\"type\":\"mediaFeature\",\"enabled\":\"1\",\"fields\":{\"heading\":\"Feature 1\",\"body\":\"<p>This is feature 1 texts.<\\/p>\",\"media\":[\"15\"],\"layout\":\"fluid\"}}},\"49\":\"Responsive Web Design\",\"22\":\"<p>This is what I\'ve learned.<\\/p>\",\"21\":\"What I\'ve Learned\",\"43\":[\"18\"],\"17\":\"\",\"18\":\"\",\"16\":\"\",\"13\":[\"7\"],\"42\":[\"17\"],\"50\":\"\",\"44\":[\"16\"],\"12\":\"UX Design, Wireframe, Prototype\",\"3\":\"This is the project description.\",\"9\":[\"Adobe InDesign\",\"photoshop\",\"justinmind\"],\"4\":\"2013\"}}', '2015-05-15 05:47:55', '2015-05-15 05:47:55', '8b820474-b210-4c0a-9629-712b6aa9cd63');
INSERT INTO `entryversions` (`id`, `entryId`, `sectionId`, `creatorId`, `locale`, `num`, `notes`, `data`, `dateCreated`, `dateUpdated`, `uid`) VALUES ('77', '12', '3', '1', 'en_us', '4', '', '{\"typeId\":\"3\",\"authorId\":\"1\",\"title\":\"Composer Hsin-Lei Chen Portfolio\",\"slug\":\"hsin-lei\",\"postDate\":1430877900,\"expiryDate\":null,\"enabled\":1,\"fields\":{\"24\":\"<p>This is the project analysis text.<\\/p>\",\"39\":\"\",\"23\":\"Project Analysis\",\"20\":\"<p>This is the project brief text.<\\/p>\",\"19\":\"Project Brief\",\"10\":\"Hsin-Lei Chen\",\"11\":\"http:\\/\\/hsinlei.com\",\"58\":\"blue\",\"25\":{\"13\":{\"type\":\"mediaFeature\",\"enabled\":\"1\",\"fields\":{\"heading\":\"This is Feature 1\",\"body\":\"<p>This is feature 1 text.<\\/p>\",\"media\":[\"15\"],\"layout\":\"fluid\"}}},\"49\":\"Web Application\",\"22\":\"<p>I have learned a lot of things.<\\/p>\",\"21\":\"What I\'ve Learned\",\"43\":[\"18\"],\"17\":\"This is the OG description.\",\"18\":\"\",\"16\":\"Composer Hsin-Lei Chen Portfolio\",\"13\":[\"7\"],\"42\":[\"17\"],\"50\":\"\",\"44\":[\"16\"],\"12\":\"Visual Design\",\"3\":\"The portfolio website of composer Hsin-Lei Chen.\",\"9\":[\"flash\",\"css3\",\"html5\",\"javascript\",\"sketch\",\"webgl\"],\"4\":\"2015\"}}', '2015-05-15 05:48:11', '2015-05-15 05:48:11', '4dc6f5b6-9019-47f8-aa36-42e082624068');
INSERT INTO `entryversions` (`id`, `entryId`, `sectionId`, `creatorId`, `locale`, `num`, `notes`, `data`, `dateCreated`, `dateUpdated`, `uid`) VALUES ('78', '46', '3', '1', 'en_us', '3', '', '{\"typeId\":\"3\",\"authorId\":\"1\",\"title\":\"Music Image App for the iPad\",\"slug\":\"music-image-app-for-the-ipad\",\"postDate\":1430883960,\"expiryDate\":null,\"enabled\":1,\"fields\":{\"24\":\"<p>This is the project analysis texts.<\\/p>\",\"39\":\"\",\"23\":\"Project Analysis\",\"20\":\"<p>This is the project brief texts.<\\/p>\",\"19\":\"Project Brief\",\"10\":\"\",\"11\":\"\",\"58\":\"blue\",\"25\":{\"47\":{\"type\":\"mediaFeature\",\"enabled\":\"1\",\"fields\":{\"heading\":\"Feature 1\",\"body\":\"<p>This is feature 1 texts.<\\/p>\",\"media\":[\"15\"],\"layout\":\"fluid\"}}},\"49\":\"Mobile Application Design\",\"22\":\"<p>This is what I\'ve learned.<\\/p>\",\"21\":\"What I\'ve Learned\",\"43\":[\"18\"],\"17\":\"\",\"18\":\"\",\"16\":\"\",\"13\":[\"8\"],\"42\":[\"17\"],\"50\":\"\",\"44\":[\"16\"],\"12\":\"Visual Design, Wireframe\",\"3\":\"This is the project description.\",\"9\":[\"photoshop\",\"axure\"],\"4\":\"2013\"}}', '2015-05-15 05:48:29', '2015-05-15 05:48:29', 'b0fa5d2b-485c-403c-a9e4-a261514a0154');
INSERT INTO `entryversions` (`id`, `entryId`, `sectionId`, `creatorId`, `locale`, `num`, `notes`, `data`, `dateCreated`, `dateUpdated`, `uid`) VALUES ('79', '44', '3', '1', 'en_us', '3', '', '{\"typeId\":\"3\",\"authorId\":\"1\",\"title\":\"Gym Research\",\"slug\":\"gym-research\",\"postDate\":1430883840,\"expiryDate\":null,\"enabled\":1,\"fields\":{\"24\":\"<p>This is analysis texts.<\\/p>\",\"39\":\"\",\"23\":\"Project Analysis\",\"20\":\"<p>This is the project brief texts.<\\/p>\",\"19\":\"Project Brief\",\"10\":\"\",\"11\":\"\",\"58\":\"blue\",\"25\":{\"45\":{\"type\":\"mediaFeature\",\"enabled\":\"1\",\"fields\":{\"heading\":\"Feature 1\",\"body\":\"<p>This is feature 1 texts.<\\/p>\",\"media\":[\"15\"],\"layout\":\"fluid\"}}},\"49\":\"Graphic Design\",\"22\":\"<p>This is what I\'ve learned.<\\/p>\",\"21\":\"What I\'ve Learned\",\"43\":[\"18\"],\"17\":\"\",\"18\":\"\",\"16\":\"\",\"13\":[\"8\"],\"42\":[\"17\"],\"50\":\"\",\"44\":[\"16\"],\"12\":\"UX Design\",\"3\":\"This is the project description.\",\"9\":[\"photoshop\"],\"4\":\"2012\"}}', '2015-05-15 05:48:34', '2015-05-15 05:48:34', 'c3941cef-1a16-4df6-9d00-f1cdcc2e9cbe');
INSERT INTO `entryversions` (`id`, `entryId`, `sectionId`, `creatorId`, `locale`, `num`, `notes`, `data`, `dateCreated`, `dateUpdated`, `uid`) VALUES ('80', '42', '3', '1', 'en_us', '3', '', '{\"typeId\":\"3\",\"authorId\":\"1\",\"title\":\"Innovative Presentation For Verbalized\",\"slug\":\"innovative-presentation-for-verbalized\",\"postDate\":1430883660,\"expiryDate\":null,\"enabled\":1,\"fields\":{\"24\":\"<p>This is the project analysis texts.<\\/p>\",\"39\":\"\",\"23\":\"Project Analysis\",\"20\":\"<p>This is the project brief texts.<\\/p>\",\"19\":\"Project Brief\",\"10\":\"Verbalized\",\"11\":\"http:\\/\\/www.verbalizeit.com\\/\",\"58\":\"blue\",\"25\":{\"43\":{\"type\":\"mediaFeature\",\"enabled\":\"1\",\"fields\":{\"heading\":\"Feature 1\",\"body\":\"<p>This is feature 1 texts.<\\/p>\",\"media\":[\"15\"],\"layout\":\"fluid\"}}},\"49\":\"Presentation Design\",\"22\":\"<p>This is what I\'ve learned.<\\/p>\",\"21\":\"What I\'ve Learned\",\"43\":[\"18\"],\"17\":\"\",\"18\":\"\",\"16\":\"\",\"13\":[\"8\"],\"42\":[\"17\"],\"50\":\"\",\"44\":[\"16\"],\"12\":\"Presentation Design\",\"3\":\"This is the project description.\",\"9\":[\"sketch\"],\"4\":\"2014\"}}', '2015-05-15 05:48:38', '2015-05-15 05:48:38', 'bddfa225-d631-49b1-9370-d12833cf285f');
INSERT INTO `entryversions` (`id`, `entryId`, `sectionId`, `creatorId`, `locale`, `num`, `notes`, `data`, `dateCreated`, `dateUpdated`, `uid`) VALUES ('81', '40', '3', '1', 'en_us', '3', '', '{\"typeId\":\"3\",\"authorId\":\"1\",\"title\":\"Music Box\",\"slug\":\"music-box\",\"postDate\":1430883480,\"expiryDate\":null,\"enabled\":1,\"fields\":{\"24\":\"<p>This is the project analysis texts.<\\/p>\",\"39\":\"\",\"23\":\"Project Analysis\",\"20\":\"<p>This is the project brief texts.<\\/p>\",\"19\":\"Project Brief\",\"10\":\"Joe Zhou\",\"11\":\"http:\\/\\/www.joeonmars.com\\/\",\"58\":\"red\",\"25\":{\"41\":{\"type\":\"mediaFeature\",\"enabled\":\"1\",\"fields\":{\"heading\":\"Feature 1\",\"body\":\"<p>This is feature 1 texts.<\\/p>\",\"media\":[\"15\"],\"layout\":\"fluid\"}}},\"49\":\"Physical Computing\",\"22\":\"<p>This is what I\'ve learned.<\\/p>\",\"21\":\"What I\'ve Learned\",\"43\":[\"18\"],\"17\":\"\",\"18\":\"\",\"16\":\"\",\"13\":[\"8\"],\"42\":[\"17\"],\"50\":\"\",\"44\":[\"16\"],\"12\":\"Created this amazing piece\",\"3\":\"This is the project description.\",\"9\":[\"photoshop\"],\"4\":\"2012\"}}', '2015-05-15 05:48:45', '2015-05-15 05:48:45', '84052197-540e-441d-9812-9fd8a1b56c3a');
INSERT INTO `entryversions` (`id`, `entryId`, `sectionId`, `creatorId`, `locale`, `num`, `notes`, `data`, `dateCreated`, `dateUpdated`, `uid`) VALUES ('82', '38', '3', '1', 'en_us', '3', '', '{\"typeId\":\"3\",\"authorId\":\"1\",\"title\":\"Train Tracker App\",\"slug\":\"train-tracker-app\",\"postDate\":1430883300,\"expiryDate\":null,\"enabled\":1,\"fields\":{\"24\":\"<p>This is the project analysis texts.<\\/p>\",\"39\":\"\",\"23\":\"Project Analysis\",\"20\":\"<p>This is the project brief texts.<\\/p>\",\"19\":\"This is the project brief.\",\"10\":\"\",\"11\":\"\",\"58\":\"yellow\",\"25\":{\"39\":{\"type\":\"mediaFeature\",\"enabled\":\"1\",\"fields\":{\"heading\":\"Feature 1\",\"body\":\"<p>This is project feature 1 texts.<\\/p>\",\"media\":[\"15\"],\"layout\":\"fluid\"}}},\"49\":\"Mobile Application Design\",\"22\":\"<p>This is what I\'ve learned.<\\/p>\",\"21\":\"What I\'ve Learned\",\"43\":[\"18\"],\"17\":\"\",\"18\":\"\",\"16\":\"\",\"13\":[\"8\"],\"42\":[\"17\"],\"50\":\"\",\"44\":[\"16\"],\"12\":\"UX Design, Wireframe, Visual Design\",\"3\":\"This is the project description.\",\"9\":[\"invision\",\"sketch\"],\"4\":\"2015\"}}', '2015-05-15 05:48:52', '2015-05-15 05:48:52', '8dfd5c1c-bc35-4cb5-9d6c-a4799682db58');
INSERT INTO `entryversions` (`id`, `entryId`, `sectionId`, `creatorId`, `locale`, `num`, `notes`, `data`, `dateCreated`, `dateUpdated`, `uid`) VALUES ('83', '36', '3', '1', 'en_us', '4', '', '{\"typeId\":\"3\",\"authorId\":\"1\",\"title\":\"Wedwu Redesign\",\"slug\":\"wedwu-redesign\",\"postDate\":1430882640,\"expiryDate\":null,\"enabled\":1,\"fields\":{\"24\":\"<p>This is project analysis texts.<\\/p>\",\"39\":\"\",\"23\":\"Project Analysis\",\"20\":\"<p>This is the project brief texts.<\\/p>\",\"19\":\"Project Brief\",\"10\":\"Wedwu\",\"11\":\"\",\"58\":\"blue\",\"25\":{\"37\":{\"type\":\"mediaFeature\",\"enabled\":\"1\",\"fields\":{\"heading\":\"Feature 1\",\"body\":\"<p>This is feature 1 texts.<\\/p>\",\"media\":[\"15\"],\"layout\":\"fluid\"}}},\"49\":\"Mobile Application Design\",\"22\":\"<p>This is what I\'ve learned.<\\/p>\",\"21\":\"What I\'ve Learned\",\"43\":[\"18\"],\"17\":\"\",\"18\":\"\",\"16\":\"\",\"13\":[\"8\"],\"42\":[\"17\"],\"50\":\"\",\"44\":[\"16\"],\"12\":\"UX Design\",\"3\":\"This is the project description.\",\"9\":[\"axure\"],\"4\":\"2011\"}}', '2015-05-15 05:48:56', '2015-05-15 05:48:56', '9905426a-c615-42cd-849c-bd1f6db1b093');
INSERT INTO `entryversions` (`id`, `entryId`, `sectionId`, `creatorId`, `locale`, `num`, `notes`, `data`, `dateCreated`, `dateUpdated`, `uid`) VALUES ('84', '34', '3', '1', 'en_us', '3', '', '{\"typeId\":\"3\",\"authorId\":\"1\",\"title\":\"Ideation Website\",\"slug\":\"ideation-website\",\"postDate\":1430882520,\"expiryDate\":null,\"enabled\":1,\"fields\":{\"24\":\"<p>This is project analysis texts.<\\/p>\",\"39\":\"\",\"23\":\"Project Analysis\",\"20\":\"<p>This is the project brief texts.<\\/p>\",\"19\":\"Project Brief\",\"10\":\"Ideation LLC\",\"11\":\"http:\\/\\/www.ideationnyc.com\\/\",\"58\":\"green\",\"25\":{\"35\":{\"type\":\"mediaFeature\",\"enabled\":\"1\",\"fields\":{\"heading\":\"Feature 1\",\"body\":\"<p>This is feature 1 texts.<\\/p>\",\"media\":[\"15\"],\"layout\":\"fluid\"}}},\"49\":\"Responsive Web Design\",\"22\":\"<p>This is what I\'ve learned.<\\/p>\",\"21\":\"What I\'ve Learned\",\"43\":[\"18\"],\"17\":\"\",\"18\":\"\",\"16\":\"\",\"13\":[\"7\"],\"42\":[\"17\"],\"50\":\"\",\"44\":[\"16\"],\"12\":\"UX Design, Visual Design\",\"3\":\"This is the project description.\",\"9\":[\"photoshop\"],\"4\":\"2013\"}}', '2015-05-15 05:49:05', '2015-05-15 05:49:05', 'eee28d1e-426b-4bfa-bd8c-75df53b2bef1');
INSERT INTO `entryversions` (`id`, `entryId`, `sectionId`, `creatorId`, `locale`, `num`, `notes`, `data`, `dateCreated`, `dateUpdated`, `uid`) VALUES ('85', '32', '3', '1', 'en_us', '4', '', '{\"typeId\":\"3\",\"authorId\":\"1\",\"title\":\"Sandata\",\"slug\":\"sandata\",\"postDate\":1430882340,\"expiryDate\":null,\"enabled\":1,\"fields\":{\"24\":\"<p>This is the analysis texts.<\\/p>\",\"39\":\"\",\"23\":\"Project Analysis\",\"20\":\"<p>This is the project brief texts.<\\/p>\",\"19\":\"Project Brief\",\"10\":\"Sandata\",\"11\":\"\",\"58\":\"blue\",\"25\":{\"33\":{\"type\":\"mediaFeature\",\"enabled\":\"1\",\"fields\":{\"heading\":\"Feature 1\",\"body\":\"<p>This is feature1 texts.<\\/p>\",\"media\":[\"15\"],\"layout\":\"fluid\"}}},\"49\":\"Web Design\",\"22\":\"<p>This is what I\'ve learned.<\\/p>\",\"21\":\"What I\'ve Learned\",\"43\":[\"18\"],\"17\":\"\",\"18\":\"\",\"16\":\"\",\"13\":[\"7\"],\"42\":[\"17\"],\"50\":\"\",\"44\":[\"16\"],\"12\":\"Visual Design\",\"3\":\"This is the project description.\",\"9\":[\"photoshop\"],\"4\":\"2015\"}}', '2015-05-15 05:49:10', '2015-05-15 05:49:10', '21852f41-2d88-49b1-8e5c-26ed599cd61f');
INSERT INTO `entryversions` (`id`, `entryId`, `sectionId`, `creatorId`, `locale`, `num`, `notes`, `data`, `dateCreated`, `dateUpdated`, `uid`) VALUES ('86', '28', '3', '1', 'en_us', '3', '', '{\"typeId\":\"3\",\"authorId\":\"1\",\"title\":\"Falcon\",\"slug\":\"falcon\",\"postDate\":1430882040,\"expiryDate\":null,\"enabled\":1,\"fields\":{\"24\":\"<p>This is the project analysis texts.<\\/p>\",\"39\":\"\",\"23\":\"Project Analysis\",\"20\":\"<p>This is the project brief texts.<\\/p>\",\"19\":\"Project Brief\",\"10\":\"Falcon\",\"11\":\"\",\"58\":\"blue\",\"25\":{\"29\":{\"type\":\"mediaFeature\",\"enabled\":\"1\",\"fields\":{\"heading\":\"Feature 1\",\"body\":\"<p>This is project feature 1 texts.<\\/p>\",\"media\":[\"15\"],\"layout\":\"fluid\"}}},\"49\":\"Mobile Application Design\",\"22\":\"<p>This is what I\'ve learned.<\\/p>\",\"21\":\"What I\'ve Learned\",\"43\":[\"18\"],\"17\":\"\",\"18\":\"\",\"16\":\"\",\"13\":[\"7\"],\"42\":[\"17\"],\"50\":\"\",\"44\":[\"16\"],\"12\":\"Visual Design\",\"3\":\"This is the project description.\",\"9\":[\"photoshop\"],\"4\":\"2012\"}}', '2015-05-15 05:49:16', '2015-05-15 05:49:16', '495c13b1-306a-418c-9545-aad8aec23674');
INSERT INTO `entryversions` (`id`, `entryId`, `sectionId`, `creatorId`, `locale`, `num`, `notes`, `data`, `dateCreated`, `dateUpdated`, `uid`) VALUES ('87', '26', '3', '1', 'en_us', '4', '', '{\"typeId\":\"3\",\"authorId\":\"1\",\"title\":\"Kanjy Website\",\"slug\":\"kanjy-website\",\"postDate\":1430880600,\"expiryDate\":null,\"enabled\":1,\"fields\":{\"24\":\"<p>This is the project analysis texts.<\\/p>\",\"39\":\"\",\"23\":\"Project Analysis\",\"20\":\"<p>This is the project brief texts.<\\/p>\",\"19\":\"Project Brief\",\"10\":\"Kanjy\",\"11\":\"\",\"58\":\"green\",\"25\":{\"27\":{\"type\":\"mediaFeature\",\"enabled\":\"1\",\"fields\":{\"heading\":\"Feature 1\",\"body\":\"<p>This is feature 1 texts.<\\/p>\",\"media\":[\"15\"],\"layout\":\"fluid\"}}},\"49\":\"Responsive Web Design\",\"22\":\"<p>This is what I\'ve learned.<\\/p>\",\"21\":\"What I\'ve Learned\",\"43\":[\"18\"],\"17\":\"\",\"18\":\"\",\"16\":\"\",\"13\":[\"7\"],\"42\":[\"17\"],\"50\":\"\",\"44\":[\"16\"],\"12\":\"UX Design, Wireframe, Prototype\",\"3\":\"This is the project description.\",\"9\":[\"Adobe InDesign\",\"photoshop\",\"justinmind\"],\"4\":\"2013\"}}', '2015-05-15 05:49:20', '2015-05-15 05:49:20', 'f4fb05c5-ea59-4926-8b33-712ce8de5189');
INSERT INTO `entryversions` (`id`, `entryId`, `sectionId`, `creatorId`, `locale`, `num`, `notes`, `data`, `dateCreated`, `dateUpdated`, `uid`) VALUES ('88', '24', '3', '1', 'en_us', '3', '', '{\"typeId\":\"3\",\"authorId\":\"1\",\"title\":\"Party Planner\",\"slug\":\"party-planner\",\"postDate\":1430880180,\"expiryDate\":null,\"enabled\":1,\"fields\":{\"24\":\"<p>This is the project analysis texts.<\\/p>\",\"39\":\"\",\"23\":\"Project Analysis\",\"20\":\"<p>This is the project brief texts.<\\/p>\",\"19\":\"Project Brief\",\"10\":\"\",\"11\":\"\",\"58\":\"red\",\"25\":{\"25\":{\"type\":\"mediaFeature\",\"enabled\":\"1\",\"fields\":{\"heading\":\"Feature 1\",\"body\":\"<p>This is feature 1 texts.<\\/p>\",\"media\":[\"15\"],\"layout\":\"fluid\"}}},\"49\":\"Web Application Design\",\"22\":\"<p>This is what I\'ve learned.<\\/p>\",\"21\":\"What I\'ve Learned\",\"43\":[\"18\"],\"17\":\"\",\"18\":\"\",\"16\":\"\",\"13\":[\"7\"],\"42\":[\"17\"],\"50\":\"\",\"44\":[\"16\"],\"12\":\"UX Design, Wireframe\",\"3\":\"This is the project description.\",\"9\":[\"justinmind\"],\"4\":\"2014\"}}', '2015-05-15 05:49:29', '2015-05-15 05:49:29', '73535132-581c-4965-80e2-b70547e725e4');
INSERT INTO `entryversions` (`id`, `entryId`, `sectionId`, `creatorId`, `locale`, `num`, `notes`, `data`, `dateCreated`, `dateUpdated`, `uid`) VALUES ('89', '22', '3', '1', 'en_us', '3', '', '{\"typeId\":\"3\",\"authorId\":\"1\",\"title\":\"Beverage Trail\",\"slug\":\"beverage-trail\",\"postDate\":1430880000,\"expiryDate\":null,\"enabled\":1,\"fields\":{\"24\":\"<p>This is the analysis texts.<\\/p>\",\"39\":\"\",\"23\":\"Project Analysis\",\"20\":\"<p>This is the project brief texts.<\\/p>\",\"19\":\"Project Brief\",\"10\":\"Beverage Trail\",\"11\":\"\",\"58\":\"green\",\"25\":{\"23\":{\"type\":\"mediaFeature\",\"enabled\":\"1\",\"fields\":{\"heading\":\"Feature 1\",\"body\":\"<p>This is feature 1 texts.<\\/p>\",\"media\":[\"15\"],\"layout\":\"fluid\"}}},\"49\":\"Website\",\"22\":\"<p>This is what I\'ve learned.<\\/p>\",\"21\":\"What I\'ve Learned\",\"43\":[\"18\"],\"17\":\"\",\"18\":\"\",\"16\":\"\",\"13\":[\"8\"],\"42\":[\"17\"],\"50\":\"\",\"44\":[\"16\"],\"12\":\"UX Design, Visual Design, Development\",\"3\":\"This is the project description.\",\"9\":[\"photoshop\",\"css3\",\"html5\",\"javascript\"],\"4\":\"2013\"}}', '2015-05-15 05:49:35', '2015-05-15 05:49:35', '87b08e91-278d-4d01-a490-767190934efd');
INSERT INTO `entryversions` (`id`, `entryId`, `sectionId`, `creatorId`, `locale`, `num`, `notes`, `data`, `dateCreated`, `dateUpdated`, `uid`) VALUES ('90', '12', '3', '1', 'en_us', '5', '', '{\"typeId\":\"3\",\"authorId\":\"1\",\"title\":\"Composer Hsin-Lei Chen Portfolio\",\"slug\":\"hsin-lei\",\"postDate\":1430877900,\"expiryDate\":null,\"enabled\":1,\"fields\":{\"24\":\"<p>This is the project analysis text.<\\/p>\",\"39\":\"\",\"23\":\"Project Analysis\",\"20\":\"<p>This is the project brief text.<\\/p>\",\"19\":\"Project Brief\",\"10\":\"Hsin-Lei Chen\",\"11\":\"http:\\/\\/hsinlei.com\",\"58\":\"blue\",\"25\":{\"13\":{\"type\":\"mediaFeature\",\"enabled\":\"1\",\"fields\":{\"heading\":\"This is Feature 1\",\"body\":\"<p>This is feature 1 text.<\\/p>\",\"media\":[\"15\"],\"layout\":\"fluid\"}}},\"49\":\"Web Application\",\"22\":\"<p>I have learned a lot of things.<\\/p>\",\"21\":\"What I\'ve Learned\",\"43\":[\"18\"],\"17\":\"This is the OG description.\",\"18\":\"\",\"16\":\"Composer Hsin-Lei Chen Portfolio\",\"13\":[\"7\"],\"42\":[\"17\"],\"50\":\"\",\"44\":[\"16\"],\"12\":\"Visual Design\",\"3\":\"The portfolio website of composer Hsin-Lei Chen.\",\"9\":[\"flash\",\"css3\",\"html5\",\"javascript\",\"sketch\",\"webgl\"],\"4\":\"2015\"}}', '2015-05-15 05:49:39', '2015-05-15 05:49:39', '95602791-84a5-49b7-8331-a2e59b6456e1');
INSERT INTO `entryversions` (`id`, `entryId`, `sectionId`, `creatorId`, `locale`, `num`, `notes`, `data`, `dateCreated`, `dateUpdated`, `uid`) VALUES ('91', '10', '3', '1', 'en_us', '13', '', '{\"typeId\":\"3\",\"authorId\":\"1\",\"title\":\"LivePerson Website\",\"slug\":\"liveperson-website\",\"postDate\":1430364600,\"expiryDate\":null,\"enabled\":1,\"fields\":{\"24\":\"\",\"39\":\"\",\"23\":\"\",\"20\":\"<p>This is a cool website.<\\/p>\",\"19\":\"Project Brief\",\"10\":\"LivePerson\",\"11\":\"http:\\/\\/www.liveperson.com\\/\",\"58\":\"yellow\",\"25\":{\"19\":{\"type\":\"mediaFeature\",\"enabled\":\"1\",\"fields\":{\"heading\":\"Feature 1\",\"body\":\"<p>This is the feature texts.<\\/p>\",\"media\":[\"15\"],\"layout\":\"fluid\"}},\"65\":{\"type\":\"responsiveFeature\",\"enabled\":\"1\",\"fields\":{\"heading\":\"Responsive Design\",\"body\":\"<p>This is the text content for responsive design feature. This is the text content for responsive design feature. This is the text content for responsive design feature. This is the text content for responsive design feature.<\\/p>\",\"desktopScreen\":[\"67\"],\"tabletScreen\":[\"66\"],\"mobileScreen\":[\"64\"]}}},\"49\":\"Web Design\",\"22\":\"<p>I\'ve learned a lot.<\\/p>\",\"21\":\"What I\'ve Learned\",\"43\":[\"18\"],\"17\":\"\",\"18\":\"\",\"16\":\"\",\"13\":[\"7\"],\"42\":[\"17\"],\"50\":\"\",\"44\":[\"16\"],\"12\":\"Visual Design\",\"3\":\"The official website design for LivePerson.\",\"9\":[\"photoshop\"],\"4\":\"2015\"}}', '2015-05-15 05:49:43', '2015-05-15 05:49:43', '5f876c6d-7879-4848-bb24-629b58ea17de');
INSERT INTO `entryversions` (`id`, `entryId`, `sectionId`, `creatorId`, `locale`, `num`, `notes`, `data`, `dateCreated`, `dateUpdated`, `uid`) VALUES ('92', '9', '3', '1', 'en_us', '6', '', '{\"typeId\":\"3\",\"authorId\":\"1\",\"title\":\"Sleep Well Concept\",\"slug\":\"sleep-well\",\"postDate\":1430325600,\"expiryDate\":null,\"enabled\":1,\"fields\":{\"24\":\"\",\"39\":\"\",\"23\":\"\",\"20\":\"<p>This is a cool project.<\\/p>\",\"19\":\"Project Brief\",\"10\":\"\",\"11\":\"\",\"58\":\"blue\",\"25\":{\"20\":{\"type\":\"mediaFeature\",\"enabled\":\"1\",\"fields\":{\"heading\":\"Feature1\",\"body\":\"<p>This is feature1 texts.<\\/p>\",\"media\":[\"15\"],\"layout\":\"fluid\"}}},\"49\":\"Mobile Application Design\",\"22\":\"<p>I\'ve learned a lot.<\\/p>\",\"21\":\"What I\'ve Learned\",\"43\":[\"18\"],\"17\":\"\",\"18\":\"\",\"16\":\"\",\"13\":[\"8\"],\"42\":[\"17\"],\"50\":\"\",\"44\":[\"16\"],\"12\":\"UX, Wireframe, Visual Design\",\"3\":\"This is the project description.\",\"9\":[\"photoshop\",\"justinmind\",\"sketch\"],\"4\":\"2014\"}}', '2015-05-15 05:49:47', '2015-05-15 05:49:47', 'aa8ad9cb-f5c6-4469-97d1-5bb183f88ef1');
INSERT INTO `entryversions` (`id`, `entryId`, `sectionId`, `creatorId`, `locale`, `num`, `notes`, `data`, `dateCreated`, `dateUpdated`, `uid`) VALUES ('93', '6', '3', '1', 'en_us', '22', '', '{\"typeId\":\"3\",\"authorId\":\"1\",\"title\":\"Real-Time Fengshui\",\"slug\":\"real-time-fengshui\",\"postDate\":1430281020,\"expiryDate\":null,\"enabled\":1,\"fields\":{\"24\":\"<p>The related cultural symbols and patterns tend to be abused, and with a page full of incomprehensible theories, it appears to be pseudoscience. Ultimately, they all contribute to an obscure reading experience that one can feel difficult to learn from. With my project, Fengshui Real-time, I want to introduce this theory through storytelling and teach its principals through real-time problem solving, as well as give the user down-to-earth tips.<\\/p>\",\"39\":{\"55\":{\"type\":\"step\",\"enabled\":\"1\",\"fields\":{\"image\":[\"57\"],\"caption\":\"This is analysis flow 1 caption.\"}},\"56\":{\"type\":\"step\",\"enabled\":\"1\",\"fields\":{\"image\":[\"54\"],\"caption\":\"This is analysis flow 2 caption.\"}}},\"23\":\"Subject Research & Analysis\",\"20\":\"<p>This is a cool project.<\\/p>\",\"19\":\"Project Brief\",\"10\":\"\",\"11\":\"\",\"58\":\"blue\",\"25\":{\"21\":{\"type\":\"mediaFeature\",\"enabled\":\"1\",\"fields\":{\"heading\":\"Feature 1\",\"body\":\"<p>This is feature 1 texts.<\\/p>\",\"media\":[\"15\"],\"layout\":\"fluid\"}},\"61\":{\"type\":\"mediaFeature\",\"enabled\":\"1\",\"fields\":{\"heading\":\"Feature 2\\r\\nis very amazing\",\"body\":\"<p>This is feature 2 text.<\\/p>\",\"media\":[\"14\",\"15\"],\"layout\":\"fluid\"}},\"68\":{\"type\":\"mediaFeature\",\"enabled\":\"1\",\"fields\":{\"heading\":\"Feature 3\",\"body\":\"<p>This is feature 3 text.<\\/p>\",\"media\":[\"15\"],\"layout\":\"fluid\"}},\"60\":{\"type\":\"comparisonFeature\",\"enabled\":\"1\",\"fields\":{\"heading\":\"This is a comparison\",\"body\":\"<p>This is the comparison text.<\\/p>\",\"images\":[\"58\",\"59\"],\"firstCaption\":\"Before\",\"secondCaption\":\"After\"}}},\"49\":\"Interactive Experience\",\"22\":\"<p>I\'ve learned a lot.<\\/p>\",\"21\":\"What I\'ve Learned\",\"43\":[\"18\"],\"17\":\"\",\"18\":\"\",\"16\":\"\",\"13\":[\"7\"],\"42\":[\"17\"],\"50\":\"http:\\/\\/fengshuirealtime.com\\/\",\"44\":[\"16\"],\"12\":\"UX, 2D & 3D Visual Design, Development\",\"3\":\"Fengshui, also known as Geomantic Omen, literally translated to \\u201dwind and water\\u201d in Chinese. Fengshui has some primary disciplines in terms of aesthetics, psychology, and environmental science.\",\"9\":[\"aftereffects\",\"flash\",\"photoshop\",\"blender\",\"css3\",\"html5\",\"javascript\",\"sketch\",\"webgl\"],\"4\":\"2014\"}}', '2015-05-15 05:49:52', '2015-05-15 05:49:52', '3b64bd82-07a1-4bee-ad40-bcecfb49dc0c');
INSERT INTO `entryversions` (`id`, `entryId`, `sectionId`, `creatorId`, `locale`, `num`, `notes`, `data`, `dateCreated`, `dateUpdated`, `uid`) VALUES ('94', '22', '3', '1', 'en_us', '4', '', '{\"typeId\":\"3\",\"authorId\":\"1\",\"title\":\"Beverage Trail\",\"slug\":\"beverage-trail\",\"postDate\":1430880000,\"expiryDate\":null,\"enabled\":1,\"fields\":{\"24\":\"<p>This is the analysis texts.<\\/p>\",\"39\":\"\",\"23\":\"Project Analysis\",\"20\":\"<p>This is the project brief texts.<\\/p>\",\"19\":\"Project Brief\",\"10\":\"Beverage Trail\",\"11\":\"\",\"58\":\"green\",\"25\":{\"23\":{\"type\":\"mediaFeature\",\"enabled\":\"1\",\"fields\":{\"heading\":\"Feature 1\",\"body\":\"<p>This is feature 1 texts.<\\/p>\",\"media\":[\"15\"],\"layout\":\"fluid\"}}},\"49\":\"Website\",\"22\":\"<p>This is what I\'ve learned.<\\/p>\",\"21\":\"What I\'ve Learned\",\"43\":[\"18\"],\"17\":\"\",\"18\":\"\",\"16\":\"\",\"13\":[\"8\"],\"42\":[\"17\"],\"50\":\"\",\"44\":[\"69\"],\"12\":\"UX Design, Visual Design, Development\",\"3\":\"This is the project description.\",\"9\":[\"photoshop\",\"css3\",\"html5\",\"javascript\"],\"4\":\"2013\"}}', '2015-05-15 06:14:34', '2015-05-15 06:14:34', 'a27b27f0-3975-4e76-b8c8-5c27cc991deb');
INSERT INTO `entryversions` (`id`, `entryId`, `sectionId`, `creatorId`, `locale`, `num`, `notes`, `data`, `dateCreated`, `dateUpdated`, `uid`) VALUES ('95', '12', '3', '1', 'en_us', '6', '', '{\"typeId\":\"3\",\"authorId\":\"1\",\"title\":\"Composer Hsin-Lei Chen Portfolio\",\"slug\":\"hsin-lei\",\"postDate\":1430877900,\"expiryDate\":null,\"enabled\":1,\"fields\":{\"24\":\"<p>This is the project analysis text.<\\/p>\",\"39\":\"\",\"23\":\"Project Analysis\",\"20\":\"<p>This is the project brief text.<\\/p>\",\"19\":\"Project Brief\",\"10\":\"Hsin-Lei Chen\",\"11\":\"http:\\/\\/hsinlei.com\",\"58\":\"blue\",\"25\":{\"13\":{\"type\":\"mediaFeature\",\"enabled\":\"1\",\"fields\":{\"heading\":\"This is Feature 1\",\"body\":\"<p>This is feature 1 text.<\\/p>\",\"media\":[\"15\"],\"layout\":\"fluid\"}}},\"49\":\"Web Application\",\"22\":\"<p>I have learned a lot of things.<\\/p>\",\"21\":\"What I\'ve Learned\",\"43\":[\"18\"],\"17\":\"This is the OG description.\",\"18\":\"\",\"16\":\"Composer Hsin-Lei Chen Portfolio\",\"13\":[\"7\"],\"42\":[\"17\"],\"50\":\"\",\"44\":[\"70\"],\"12\":\"Visual Design\",\"3\":\"The portfolio website of composer Hsin-Lei Chen.\",\"9\":[\"flash\",\"css3\",\"html5\",\"javascript\",\"sketch\",\"webgl\"],\"4\":\"2015\"}}', '2015-05-15 06:24:40', '2015-05-15 06:24:40', 'e4dfff1f-2be6-49e7-ae9d-dd29d57a66fb');
INSERT INTO `entryversions` (`id`, `entryId`, `sectionId`, `creatorId`, `locale`, `num`, `notes`, `data`, `dateCreated`, `dateUpdated`, `uid`) VALUES ('96', '28', '3', '1', 'en_us', '4', '', '{\"typeId\":\"3\",\"authorId\":\"1\",\"title\":\"Falcon\",\"slug\":\"falcon\",\"postDate\":1430882040,\"expiryDate\":null,\"enabled\":1,\"fields\":{\"24\":\"<p>This is the project analysis texts.<\\/p>\",\"39\":\"\",\"23\":\"Project Analysis\",\"20\":\"<p>This is the project brief texts.<\\/p>\",\"19\":\"Project Brief\",\"10\":\"Falcon\",\"11\":\"\",\"58\":\"blue\",\"25\":{\"29\":{\"type\":\"mediaFeature\",\"enabled\":\"1\",\"fields\":{\"heading\":\"Feature 1\",\"body\":\"<p>This is project feature 1 texts.<\\/p>\",\"media\":[\"15\"],\"layout\":\"fluid\"}}},\"49\":\"Mobile Application Design\",\"22\":\"<p>This is what I\'ve learned.<\\/p>\",\"21\":\"What I\'ve Learned\",\"43\":[\"18\"],\"17\":\"\",\"18\":\"\",\"16\":\"\",\"13\":[\"7\"],\"42\":[\"17\"],\"50\":\"\",\"44\":[\"71\"],\"12\":\"Visual Design\",\"3\":\"This is the project description.\",\"9\":[\"photoshop\"],\"4\":\"2012\"}}', '2015-05-15 06:31:39', '2015-05-15 06:31:39', '0fe54a96-7d8c-4770-a8d1-a6e9b7bba917');
INSERT INTO `entryversions` (`id`, `entryId`, `sectionId`, `creatorId`, `locale`, `num`, `notes`, `data`, `dateCreated`, `dateUpdated`, `uid`) VALUES ('97', '30', '3', '1', 'en_us', '4', '', '{\"typeId\":\"3\",\"authorId\":\"1\",\"title\":\"DressSmart\",\"slug\":\"dresssmart\",\"postDate\":1430882160,\"expiryDate\":null,\"enabled\":1,\"fields\":{\"24\":\"<p>This is the project analysis texts.<\\/p>\",\"39\":\"\",\"23\":\"Project Analysis\",\"20\":\"<p>This is the project brief texts.<\\/p>\",\"19\":\"Project Brief\",\"10\":\"\",\"11\":\"\",\"58\":\"yellow\",\"25\":{\"31\":{\"type\":\"mediaFeature\",\"enabled\":\"1\",\"fields\":{\"heading\":\"Feature 1\",\"body\":\"<p>This is feature 1 texts.<\\/p>\",\"media\":[\"15\"],\"layout\":\"fluid\"}}},\"49\":\"Mobile Application Design\",\"22\":\"<p>This is what I\'ve learned.<\\/p>\",\"21\":\"What I\'ve Learned\",\"43\":[\"18\"],\"17\":\"\",\"18\":\"\",\"16\":\"\",\"13\":[\"7\"],\"42\":[\"17\"],\"50\":\"\",\"44\":[\"72\"],\"12\":\"UX Design, Visual Design, Prototype\",\"3\":\"This is the project description.\",\"9\":[\"Adobe InDesign\",\"justinmind\"],\"4\":\"2011\"}}', '2015-05-15 06:36:01', '2015-05-15 06:36:01', 'f22e11a6-084e-4e2c-85d0-122792daa4e3');
INSERT INTO `entryversions` (`id`, `entryId`, `sectionId`, `creatorId`, `locale`, `num`, `notes`, `data`, `dateCreated`, `dateUpdated`, `uid`) VALUES ('98', '30', '3', '1', 'en_us', '5', '', '{\"typeId\":\"3\",\"authorId\":\"1\",\"title\":\"DressSmart\",\"slug\":\"dresssmart\",\"postDate\":1430882160,\"expiryDate\":null,\"enabled\":1,\"fields\":{\"24\":\"<p>This is the project analysis texts.<\\/p>\",\"39\":\"\",\"23\":\"Project Analysis\",\"20\":\"<p>This is the project brief texts.<\\/p>\",\"19\":\"Project Brief\",\"10\":\"\",\"11\":\"\",\"58\":\"yellow\",\"25\":{\"31\":{\"type\":\"mediaFeature\",\"enabled\":\"1\",\"fields\":{\"heading\":\"Feature 1\",\"body\":\"<p>This is feature 1 texts.<\\/p>\",\"media\":[\"15\"],\"layout\":\"fluid\"}}},\"49\":\"Mobile Application Design\",\"22\":\"<p>This is what I\'ve learned.<\\/p>\",\"21\":\"What I\'ve Learned\",\"43\":[\"18\"],\"17\":\"\",\"18\":\"\",\"16\":\"\",\"13\":[\"7\"],\"42\":[\"17\"],\"50\":\"\",\"44\":[\"72\"],\"12\":\"UX Design, Visual Design, Prototype\",\"3\":\"This is the project description.\",\"9\":[\"Adobe InDesign\",\"justinmind\"],\"4\":\"2011\"}}', '2015-05-15 06:38:28', '2015-05-15 06:38:28', '29ba38cd-33cf-4e29-86b6-4ef5884f2221');
INSERT INTO `entryversions` (`id`, `entryId`, `sectionId`, `creatorId`, `locale`, `num`, `notes`, `data`, `dateCreated`, `dateUpdated`, `uid`) VALUES ('99', '30', '3', '1', 'en_us', '6', '', '{\"typeId\":\"3\",\"authorId\":\"1\",\"title\":\"DressSmart\",\"slug\":\"dresssmart\",\"postDate\":1430882160,\"expiryDate\":null,\"enabled\":1,\"fields\":{\"24\":\"<p>This is the project analysis texts.<\\/p>\",\"39\":\"\",\"23\":\"Project Analysis\",\"20\":\"<p>This is the project brief texts.<\\/p>\",\"19\":\"Project Brief\",\"10\":\"\",\"11\":\"\",\"58\":\"yellow\",\"25\":{\"31\":{\"type\":\"mediaFeature\",\"enabled\":\"1\",\"fields\":{\"heading\":\"Feature 1\",\"body\":\"<p>This is feature 1 texts.<\\/p>\",\"media\":[\"15\"],\"layout\":\"fluid\"}}},\"49\":\"Mobile Application Design\",\"22\":\"<p>This is what I\'ve learned.<\\/p>\",\"21\":\"What I\'ve Learned\",\"43\":[\"18\"],\"17\":\"\",\"18\":\"\",\"16\":\"\",\"13\":[\"7\"],\"42\":[\"17\"],\"50\":\"\",\"44\":[\"72\"],\"12\":\"UX Design, Visual Design, Prototype\",\"3\":\"This is the project description.\",\"9\":[\"Adobe InDesign\",\"justinmind\"],\"4\":\"2011\"}}', '2015-05-15 06:40:28', '2015-05-15 06:40:28', '83075677-7662-4589-a773-34e502a057aa');
INSERT INTO `entryversions` (`id`, `entryId`, `sectionId`, `creatorId`, `locale`, `num`, `notes`, `data`, `dateCreated`, `dateUpdated`, `uid`) VALUES ('100', '26', '3', '1', 'en_us', '5', '', '{\"typeId\":\"3\",\"authorId\":\"1\",\"title\":\"Kanjy Website\",\"slug\":\"kanjy-website\",\"postDate\":1430880600,\"expiryDate\":null,\"enabled\":1,\"fields\":{\"24\":\"<p>This is the project analysis texts.<\\/p>\",\"39\":\"\",\"23\":\"Project Analysis\",\"20\":\"<p>This is the project brief texts.<\\/p>\",\"19\":\"Project Brief\",\"10\":\"Kanjy\",\"11\":\"\",\"58\":\"green\",\"25\":{\"27\":{\"type\":\"mediaFeature\",\"enabled\":\"1\",\"fields\":{\"heading\":\"Feature 1\",\"body\":\"<p>This is feature 1 texts.<\\/p>\",\"media\":[\"15\"],\"layout\":\"fluid\"}}},\"49\":\"Responsive Web Design\",\"22\":\"<p>This is what I\'ve learned.<\\/p>\",\"21\":\"What I\'ve Learned\",\"43\":[\"18\"],\"17\":\"\",\"18\":\"\",\"16\":\"\",\"13\":[\"7\"],\"42\":[\"17\"],\"50\":\"\",\"44\":[\"76\"],\"12\":\"UX Design, Wireframe, Prototype\",\"3\":\"This is the project description.\",\"9\":[\"Adobe InDesign\",\"photoshop\",\"justinmind\"],\"4\":\"2013\"}}', '2015-05-15 06:45:30', '2015-05-15 06:45:30', '1c891e31-5a20-4382-bc86-1f85452e54f7');
INSERT INTO `entryversions` (`id`, `entryId`, `sectionId`, `creatorId`, `locale`, `num`, `notes`, `data`, `dateCreated`, `dateUpdated`, `uid`) VALUES ('101', '26', '3', '1', 'en_us', '6', '', '{\"typeId\":\"3\",\"authorId\":\"1\",\"title\":\"Kanjy Website\",\"slug\":\"kanjy-website\",\"postDate\":1430880600,\"expiryDate\":null,\"enabled\":1,\"fields\":{\"24\":\"<p>This is the project analysis texts.<\\/p>\",\"39\":\"\",\"23\":\"Project Analysis\",\"20\":\"<p>This is the project brief texts.<\\/p>\",\"19\":\"Project Brief\",\"10\":\"Kanjy\",\"11\":\"\",\"58\":\"green\",\"25\":{\"27\":{\"type\":\"mediaFeature\",\"enabled\":\"1\",\"fields\":{\"heading\":\"Feature 1\",\"body\":\"<p>This is feature 1 texts.<\\/p>\",\"media\":[\"15\"],\"layout\":\"fluid\"}}},\"49\":\"Responsive Web Design\",\"22\":\"<p>This is what I\'ve learned.<\\/p>\",\"21\":\"What I\'ve Learned\",\"43\":[\"18\"],\"17\":\"\",\"18\":\"\",\"16\":\"\",\"13\":[\"7\"],\"42\":[\"17\"],\"50\":\"\",\"44\":[\"76\"],\"12\":\"UX Design, Wireframe, Prototype\",\"3\":\"This is the project description.\",\"9\":[\"Adobe InDesign\",\"photoshop\",\"justinmind\"],\"4\":\"2013\"}}', '2015-05-15 06:50:44', '2015-05-15 06:50:44', 'b821e929-650f-4e5a-90ed-ad23e12d65f3');
INSERT INTO `entryversions` (`id`, `entryId`, `sectionId`, `creatorId`, `locale`, `num`, `notes`, `data`, `dateCreated`, `dateUpdated`, `uid`) VALUES ('102', '34', '3', '1', 'en_us', '4', '', '{\"typeId\":\"3\",\"authorId\":\"1\",\"title\":\"Ideation Website\",\"slug\":\"ideation-website\",\"postDate\":1430882520,\"expiryDate\":null,\"enabled\":1,\"fields\":{\"24\":\"<p>This is project analysis texts.<\\/p>\",\"39\":\"\",\"23\":\"Project Analysis\",\"20\":\"<p>This is the project brief texts.<\\/p>\",\"19\":\"Project Brief\",\"10\":\"Ideation LLC\",\"11\":\"http:\\/\\/www.ideationnyc.com\\/\",\"58\":\"green\",\"25\":{\"35\":{\"type\":\"mediaFeature\",\"enabled\":\"1\",\"fields\":{\"heading\":\"Feature 1\",\"body\":\"<p>This is feature 1 texts.<\\/p>\",\"media\":[\"15\"],\"layout\":\"fluid\"}}},\"49\":\"Responsive Web Design\",\"22\":\"<p>This is what I\'ve learned.<\\/p>\",\"21\":\"What I\'ve Learned\",\"43\":[\"18\"],\"17\":\"\",\"18\":\"\",\"16\":\"\",\"13\":[\"7\"],\"42\":[\"17\"],\"50\":\"\",\"44\":[\"78\"],\"12\":\"UX Design, Visual Design\",\"3\":\"This is the project description.\",\"9\":[\"photoshop\"],\"4\":\"2013\"}}', '2015-05-15 06:57:10', '2015-05-15 06:57:10', 'f54ed0be-b291-4a95-8404-57f6b9d31ea7');
INSERT INTO `entryversions` (`id`, `entryId`, `sectionId`, `creatorId`, `locale`, `num`, `notes`, `data`, `dateCreated`, `dateUpdated`, `uid`) VALUES ('103', '34', '3', '1', 'en_us', '5', '', '{\"typeId\":\"3\",\"authorId\":\"1\",\"title\":\"Ideation Website\",\"slug\":\"ideation-website\",\"postDate\":1430882520,\"expiryDate\":null,\"enabled\":1,\"fields\":{\"24\":\"<p>This is project analysis texts.<\\/p>\",\"39\":\"\",\"23\":\"Project Analysis\",\"20\":\"<p>This is the project brief texts.<\\/p>\",\"19\":\"Project Brief\",\"10\":\"Ideation LLC\",\"11\":\"http:\\/\\/www.ideationnyc.com\\/\",\"58\":\"green\",\"25\":{\"35\":{\"type\":\"mediaFeature\",\"enabled\":\"1\",\"fields\":{\"heading\":\"Feature 1\",\"body\":\"<p>This is feature 1 texts.<\\/p>\",\"media\":[\"15\"],\"layout\":\"fluid\"}}},\"49\":\"Responsive Web Design\",\"22\":\"<p>This is what I\'ve learned.<\\/p>\",\"21\":\"What I\'ve Learned\",\"43\":[\"18\"],\"17\":\"\",\"18\":\"\",\"16\":\"\",\"13\":[\"7\"],\"42\":[\"17\"],\"50\":\"\",\"44\":[\"78\"],\"12\":\"UX Design, Visual Design\",\"3\":\"This is the project description.\",\"9\":[\"photoshop\"],\"4\":\"2013\"}}', '2015-05-15 07:06:15', '2015-05-15 07:06:15', '87a062d2-dcb8-4992-8031-70572a2829eb');
INSERT INTO `entryversions` (`id`, `entryId`, `sectionId`, `creatorId`, `locale`, `num`, `notes`, `data`, `dateCreated`, `dateUpdated`, `uid`) VALUES ('104', '6', '3', '1', 'en_us', '23', '', '{\"typeId\":\"3\",\"authorId\":\"1\",\"title\":\"Real-Time Fengshui\",\"slug\":\"real-time-fengshui\",\"postDate\":1430281020,\"expiryDate\":null,\"enabled\":1,\"fields\":{\"24\":\"<p>The related cultural symbols and patterns tend to be abused, and with a page full of incomprehensible theories, it appears to be pseudoscience. Ultimately, they all contribute to an obscure reading experience that one can feel difficult to learn from. With my project, Fengshui Real-time, I want to introduce this theory through storytelling and teach its principals through real-time problem solving, as well as give the user down-to-earth tips.<\\/p>\",\"39\":{\"55\":{\"type\":\"step\",\"enabled\":\"1\",\"fields\":{\"image\":[\"57\"],\"caption\":\"This is analysis flow 1 caption.\"}},\"56\":{\"type\":\"step\",\"enabled\":\"1\",\"fields\":{\"image\":[\"54\"],\"caption\":\"This is analysis flow 2 caption.\"}}},\"23\":\"Subject Research & Analysis\",\"20\":\"<p>This is a cool project.<\\/p>\",\"19\":\"Project Brief\",\"10\":\"\",\"11\":\"\",\"58\":\"blue\",\"25\":{\"21\":{\"type\":\"mediaFeature\",\"enabled\":\"1\",\"fields\":{\"heading\":\"Feature 1\",\"body\":\"<p>This is feature 1 texts.<\\/p>\",\"media\":[\"15\"],\"layout\":\"fluid\"}},\"61\":{\"type\":\"mediaFeature\",\"enabled\":\"1\",\"fields\":{\"heading\":\"Feature 2\\r\\nis very amazing\",\"body\":\"<p>This is feature 2 text.<\\/p>\",\"media\":[\"14\",\"15\"],\"layout\":\"fluid\"}},\"68\":{\"type\":\"mediaFeature\",\"enabled\":\"1\",\"fields\":{\"heading\":\"Feature 3\",\"body\":\"<p>This is feature 3 text.<\\/p>\",\"media\":[\"15\"],\"layout\":\"fluid\"}},\"60\":{\"type\":\"comparisonFeature\",\"enabled\":\"1\",\"fields\":{\"heading\":\"This is a comparison\",\"body\":\"<p>This is the comparison text.<\\/p>\",\"images\":[\"58\",\"59\"],\"firstCaption\":\"Before\",\"secondCaption\":\"After\"}}},\"49\":\"Interactive Experience\",\"22\":\"<p>I\'ve learned a lot.<\\/p>\",\"21\":\"What I\'ve Learned\",\"43\":[\"18\"],\"17\":\"\",\"18\":\"\",\"16\":\"\",\"13\":[\"7\"],\"42\":[\"17\"],\"50\":\"http:\\/\\/fengshuirealtime.com\\/\",\"44\":[\"80\"],\"12\":\"UX, 2D & 3D Visual Design, Development\",\"3\":\"Fengshui, also known as Geomantic Omen, literally translated to \\u201dwind and water\\u201d in Chinese. Fengshui has some primary disciplines in terms of aesthetics, psychology, and environmental science.\",\"9\":[\"aftereffects\",\"flash\",\"photoshop\",\"blender\",\"css3\",\"html5\",\"javascript\",\"sketch\",\"webgl\"],\"4\":\"2014\"}}', '2015-05-15 07:16:05', '2015-05-15 07:16:05', '1d6165e9-e43c-4bdb-b703-dc1a4e719427');
INSERT INTO `entryversions` (`id`, `entryId`, `sectionId`, `creatorId`, `locale`, `num`, `notes`, `data`, `dateCreated`, `dateUpdated`, `uid`) VALUES ('105', '6', '3', '1', 'en_us', '24', '', '{\"typeId\":\"3\",\"authorId\":\"1\",\"title\":\"Real-Time Fengshui\",\"slug\":\"real-time-fengshui\",\"postDate\":1430281020,\"expiryDate\":null,\"enabled\":1,\"fields\":{\"24\":\"<p>The related cultural symbols and patterns tend to be abused, and with a page full of incomprehensible theories, it appears to be pseudoscience. Ultimately, they all contribute to an obscure reading experience that one can feel difficult to learn from. With my project, Fengshui Real-time, I want to introduce this theory through storytelling and teach its principals through real-time problem solving, as well as give the user down-to-earth tips.<\\/p>\",\"39\":{\"55\":{\"type\":\"step\",\"enabled\":\"1\",\"fields\":{\"image\":[\"57\"],\"caption\":\"This is analysis flow 1 caption.\"}},\"56\":{\"type\":\"step\",\"enabled\":\"1\",\"fields\":{\"image\":[\"54\"],\"caption\":\"This is analysis flow 2 caption.\"}}},\"23\":\"Subject Research & Analysis\",\"20\":\"<p>This is a cool project.<\\/p>\",\"19\":\"Project Brief\",\"10\":\"\",\"11\":\"\",\"58\":\"blue\",\"25\":{\"21\":{\"type\":\"mediaFeature\",\"enabled\":\"1\",\"fields\":{\"heading\":\"Feature 1\",\"body\":\"<p>This is feature 1 texts.<\\/p>\",\"media\":[\"15\"],\"layout\":\"fluid\"}},\"61\":{\"type\":\"mediaFeature\",\"enabled\":\"1\",\"fields\":{\"heading\":\"Feature 2\\r\\nis very amazing\",\"body\":\"<p>This is feature 2 text.<\\/p>\",\"media\":[\"14\",\"15\"],\"layout\":\"fluid\"}},\"68\":{\"type\":\"mediaFeature\",\"enabled\":\"1\",\"fields\":{\"heading\":\"Feature 3\",\"body\":\"<p>This is feature 3 text.<\\/p>\",\"media\":[\"15\"],\"layout\":\"fluid\"}},\"60\":{\"type\":\"comparisonFeature\",\"enabled\":\"1\",\"fields\":{\"heading\":\"This is a comparison\",\"body\":\"<p>This is the comparison text.<\\/p>\",\"images\":[\"58\",\"59\"],\"firstCaption\":\"Before\",\"secondCaption\":\"After\"}}},\"49\":\"Interactive Experience\",\"22\":\"<p>I\'ve learned a lot.<\\/p>\",\"21\":\"What I\'ve Learned\",\"43\":[\"18\"],\"17\":\"\",\"18\":\"\",\"16\":\"\",\"13\":[\"7\"],\"42\":[\"17\"],\"50\":\"http:\\/\\/fengshuirealtime.com\\/\",\"44\":[\"80\"],\"12\":\"UX, 2D & 3D Visual Design, Development\",\"3\":\"Fengshui, also known as Geomantic Omen, literally translated to \\u201dwind and water\\u201d in Chinese. Fengshui has some primary disciplines in terms of aesthetics, psychology, and environmental science.\",\"9\":[\"aftereffects\",\"flash\",\"photoshop\",\"blender\",\"css3\",\"html5\",\"javascript\",\"sketch\",\"webgl\"],\"4\":\"2014\"}}', '2015-05-15 07:17:43', '2015-05-15 07:17:43', '2d15bb7d-8335-4268-916f-b43e47f831c2');
INSERT INTO `entryversions` (`id`, `entryId`, `sectionId`, `creatorId`, `locale`, `num`, `notes`, `data`, `dateCreated`, `dateUpdated`, `uid`) VALUES ('106', '42', '3', '1', 'en_us', '4', '', '{\"typeId\":\"3\",\"authorId\":\"1\",\"title\":\"Innovative Presentation For Verbalized\",\"slug\":\"innovative-presentation-for-verbalized\",\"postDate\":1430883660,\"expiryDate\":null,\"enabled\":1,\"fields\":{\"24\":\"<p>This is the project analysis texts.<\\/p>\",\"39\":\"\",\"23\":\"Project Analysis\",\"20\":\"<p>This is the project brief texts.<\\/p>\",\"19\":\"Project Brief\",\"10\":\"Verbalized\",\"11\":\"http:\\/\\/www.verbalizeit.com\\/\",\"58\":\"blue\",\"25\":{\"43\":{\"type\":\"mediaFeature\",\"enabled\":\"1\",\"fields\":{\"heading\":\"Feature 1\",\"body\":\"<p>This is feature 1 texts.<\\/p>\",\"media\":[\"15\"],\"layout\":\"fluid\"}}},\"49\":\"Presentation Design\",\"22\":\"<p>This is what I\'ve learned.<\\/p>\",\"21\":\"What I\'ve Learned\",\"43\":[\"18\"],\"17\":\"\",\"18\":\"\",\"16\":\"\",\"13\":[\"8\"],\"42\":[\"17\"],\"50\":\"\",\"44\":[\"82\"],\"12\":\"Presentation Design\",\"3\":\"This is the project description.\",\"9\":[\"sketch\"],\"4\":\"2014\"}}', '2015-05-15 07:31:16', '2015-05-15 07:31:16', 'eb36a45f-68b0-4949-ac77-cb80163e7052');
INSERT INTO `entryversions` (`id`, `entryId`, `sectionId`, `creatorId`, `locale`, `num`, `notes`, `data`, `dateCreated`, `dateUpdated`, `uid`) VALUES ('107', '6', '3', '1', 'en_us', '25', '', '{\"typeId\":\"3\",\"authorId\":\"1\",\"title\":\"Real-Time Fengshui\",\"slug\":\"real-time-fengshui\",\"postDate\":1430281020,\"expiryDate\":null,\"enabled\":1,\"fields\":{\"24\":\"<p>The related cultural symbols and patterns tend to be abused, and with a page full of incomprehensible theories, it appears to be pseudoscience. Ultimately, they all contribute to an obscure reading experience that one can feel difficult to learn from. With my project, Fengshui Real-time, I want to introduce this theory through storytelling and teach its principals through real-time problem solving, as well as give the user down-to-earth tips.<\\/p>\",\"39\":{\"55\":{\"type\":\"step\",\"enabled\":\"1\",\"fields\":{\"image\":[\"57\"],\"caption\":\"This is analysis flow 1 caption.\"}},\"56\":{\"type\":\"step\",\"enabled\":\"1\",\"fields\":{\"image\":[\"54\"],\"caption\":\"This is analysis flow 2 caption.\"}}},\"23\":\"Subject Research & Analysis\",\"20\":\"<p>This is a cool project.<\\/p>\",\"19\":\"Project Brief\",\"10\":\"\",\"11\":\"\",\"58\":\"blue\",\"25\":{\"21\":{\"type\":\"mediaFeature\",\"enabled\":\"1\",\"fields\":{\"heading\":\"Feature 1\",\"body\":\"<p>This is feature 1 texts.<\\/p>\",\"media\":[\"15\"],\"layout\":\"fluid\"}},\"61\":{\"type\":\"mediaFeature\",\"enabled\":\"1\",\"fields\":{\"heading\":\"Feature 2\\r\\nis very amazing\",\"body\":\"<p>This is feature 2 text.<\\/p>\",\"media\":[\"14\",\"15\",\"84\"],\"layout\":\"fluid\"}},\"68\":{\"type\":\"mediaFeature\",\"enabled\":\"1\",\"fields\":{\"heading\":\"Feature 3\",\"body\":\"<p>This is feature 3 text.<\\/p>\",\"media\":[\"15\"],\"layout\":\"fluid\"}},\"60\":{\"type\":\"comparisonFeature\",\"enabled\":\"1\",\"fields\":{\"heading\":\"This is a comparison\",\"body\":\"<p>This is the comparison text.<\\/p>\",\"images\":[\"58\",\"59\"],\"firstCaption\":\"Before\",\"secondCaption\":\"After\"}}},\"49\":\"Interactive Experience\",\"22\":\"<p>I\'ve learned a lot.<\\/p>\",\"21\":\"What I\'ve Learned\",\"43\":[\"18\"],\"17\":\"\",\"18\":\"\",\"16\":\"\",\"13\":[\"7\"],\"42\":[\"17\"],\"50\":\"http:\\/\\/fengshuirealtime.com\\/\",\"44\":[\"80\"],\"12\":\"UX, 2D & 3D Visual Design, Development\",\"3\":\"Fengshui, also known as Geomantic Omen, literally translated to \\u201dwind and water\\u201d in Chinese. Fengshui has some primary disciplines in terms of aesthetics, psychology, and environmental science.\",\"9\":[\"aftereffects\",\"flash\",\"photoshop\",\"blender\",\"css3\",\"html5\",\"javascript\",\"sketch\",\"webgl\"],\"4\":\"2014\"}}', '2015-05-17 19:16:11', '2015-05-17 19:16:11', '69131174-d76c-4693-9ca1-ed77b6db831b');
INSERT INTO `entryversions` (`id`, `entryId`, `sectionId`, `creatorId`, `locale`, `num`, `notes`, `data`, `dateCreated`, `dateUpdated`, `uid`) VALUES ('108', '6', '3', '1', 'en_us', '26', '', '{\"typeId\":\"3\",\"authorId\":\"1\",\"title\":\"Real-Time Fengshui\",\"slug\":\"real-time-fengshui\",\"postDate\":1430281020,\"expiryDate\":null,\"enabled\":1,\"fields\":{\"24\":\"<p>The related cultural symbols and patterns tend to be abused, and with a page full of incomprehensible theories, it appears to be pseudoscience. Ultimately, they all contribute to an obscure reading experience that one can feel difficult to learn from. With my project, Fengshui Real-time, I want to introduce this theory through storytelling and teach its principals through real-time problem solving, as well as give the user down-to-earth tips.<\\/p>\",\"39\":{\"55\":{\"type\":\"step\",\"enabled\":\"1\",\"fields\":{\"image\":[\"57\"],\"caption\":\"This is analysis flow 1 caption.\"}},\"56\":{\"type\":\"step\",\"enabled\":\"1\",\"fields\":{\"image\":[\"54\"],\"caption\":\"This is analysis flow 2 caption.\"}}},\"23\":\"Subject Research & Analysis\",\"20\":\"<p>This is a cool project.<\\/p>\",\"19\":\"Project Brief\",\"10\":\"\",\"11\":\"\",\"58\":\"blue\",\"25\":{\"21\":{\"type\":\"mediaFeature\",\"enabled\":\"1\",\"fields\":{\"heading\":\"Feature 1\",\"body\":\"<p>This is feature 1 texts.<\\/p>\",\"media\":[\"15\"],\"layout\":\"fluid\"}},\"61\":{\"type\":\"mediaFeature\",\"enabled\":\"1\",\"fields\":{\"heading\":\"Feature 2\\r\\nis very amazing\",\"body\":\"<p>This is feature 2 text.<\\/p>\",\"media\":[\"14\",\"15\",\"84\",\"85\"],\"layout\":\"fluid\"}},\"68\":{\"type\":\"mediaFeature\",\"enabled\":\"1\",\"fields\":{\"heading\":\"Feature 3\",\"body\":\"<p>This is feature 3 text.<\\/p>\",\"media\":[\"15\"],\"layout\":\"fluid\"}},\"60\":{\"type\":\"comparisonFeature\",\"enabled\":\"1\",\"fields\":{\"heading\":\"This is a comparison\",\"body\":\"<p>This is the comparison text.<\\/p>\",\"images\":[\"58\",\"59\"],\"firstCaption\":\"Before\",\"secondCaption\":\"After\"}}},\"49\":\"Interactive Experience\",\"22\":\"<p>I\'ve learned a lot.<\\/p>\",\"21\":\"What I\'ve Learned\",\"43\":[\"18\"],\"17\":\"\",\"18\":\"\",\"16\":\"\",\"13\":[\"7\"],\"42\":[\"17\"],\"50\":\"http:\\/\\/fengshuirealtime.com\\/\",\"44\":[\"80\"],\"12\":\"UX, 2D & 3D Visual Design, Development\",\"3\":\"Fengshui, also known as Geomantic Omen, literally translated to \\u201dwind and water\\u201d in Chinese. Fengshui has some primary disciplines in terms of aesthetics, psychology, and environmental science.\",\"9\":[\"aftereffects\",\"flash\",\"photoshop\",\"blender\",\"css3\",\"html5\",\"javascript\",\"sketch\",\"webgl\"],\"4\":\"2014\"}}', '2015-05-17 23:01:56', '2015-05-17 23:01:56', '6402cfa0-ec24-472d-a5e4-8d29107f02c1');
INSERT INTO `entryversions` (`id`, `entryId`, `sectionId`, `creatorId`, `locale`, `num`, `notes`, `data`, `dateCreated`, `dateUpdated`, `uid`) VALUES ('109', '6', '3', '1', 'en_us', '27', '', '{\"typeId\":\"3\",\"authorId\":\"1\",\"title\":\"Real-Time Fengshui\",\"slug\":\"real-time-fengshui\",\"postDate\":1430281020,\"expiryDate\":null,\"enabled\":1,\"fields\":{\"24\":\"<p>The related cultural symbols and patterns tend to be abused, and with a page full of incomprehensible theories, it appears to be pseudoscience. Ultimately, they all contribute to an obscure reading experience that one can feel difficult to learn from. With my project, Fengshui Real-time, I want to introduce this theory through storytelling and teach its principals through real-time problem solving, as well as give the user down-to-earth tips.<\\/p>\",\"39\":{\"55\":{\"type\":\"step\",\"enabled\":\"1\",\"fields\":{\"image\":[\"57\"],\"caption\":\"This is analysis flow 1 caption.\"}},\"56\":{\"type\":\"step\",\"enabled\":\"1\",\"fields\":{\"image\":[\"54\"],\"caption\":\"This is analysis flow 2 caption.\"}}},\"23\":\"Subject Research & Analysis\",\"20\":\"<p>This is a cool project.<\\/p>\",\"19\":\"Project Brief\",\"10\":\"\",\"11\":\"\",\"58\":\"blue\",\"25\":{\"21\":{\"type\":\"mediaFeature\",\"enabled\":\"1\",\"fields\":{\"heading\":\"Feature 1\",\"body\":\"<p>This is feature 1 texts.<\\/p>\",\"media\":[\"15\"],\"layout\":\"fluid\"}},\"61\":{\"type\":\"mediaFeature\",\"enabled\":\"1\",\"fields\":{\"heading\":\"Feature 2\\r\\nis very amazing\",\"body\":\"<p>This is feature 2 text.<\\/p>\",\"media\":[\"14\",\"15\",\"84\",\"85\"],\"layout\":\"fluid\"}},\"68\":{\"type\":\"mediaFeature\",\"enabled\":\"1\",\"fields\":{\"heading\":\"Feature 3\",\"body\":\"<p>This is feature 3 text.<\\/p>\",\"media\":[\"15\",\"86\"],\"layout\":\"fluid\"}},\"60\":{\"type\":\"comparisonFeature\",\"enabled\":\"1\",\"fields\":{\"heading\":\"This is a comparison\",\"body\":\"<p>This is the comparison text.<\\/p>\",\"images\":[\"58\",\"59\"],\"firstCaption\":\"Before\",\"secondCaption\":\"After\"}}},\"49\":\"Interactive Experience\",\"22\":\"<p>I\'ve learned a lot.<\\/p>\",\"21\":\"What I\'ve Learned\",\"43\":[\"18\"],\"17\":\"\",\"18\":\"\",\"16\":\"\",\"13\":[\"7\"],\"42\":[\"17\"],\"50\":\"http:\\/\\/fengshuirealtime.com\\/\",\"44\":[\"80\"],\"12\":\"UX, 2D & 3D Visual Design, Development\",\"3\":\"Fengshui, also known as Geomantic Omen, literally translated to \\u201dwind and water\\u201d in Chinese. Fengshui has some primary disciplines in terms of aesthetics, psychology, and environmental science.\",\"9\":[\"aftereffects\",\"flash\",\"photoshop\",\"blender\",\"css3\",\"html5\",\"javascript\",\"sketch\",\"webgl\"],\"4\":\"2014\"}}', '2015-05-17 23:29:44', '2015-05-17 23:29:44', '38448609-daaf-4e75-9bbb-4b4c3ad2a3a7');



DROP TABLE IF EXISTS `fieldgroups`;


--
-- Schema for table `fieldgroups`
--
CREATE TABLE `fieldgroups` (
  `id` int(11) NOT NULL AUTO_INCREMENT,
  `name` varchar(255) COLLATE utf8_unicode_ci NOT NULL,
  `dateCreated` datetime NOT NULL,
  `dateUpdated` datetime NOT NULL,
  `uid` char(36) COLLATE utf8_unicode_ci NOT NULL DEFAULT '0',
  PRIMARY KEY (`id`),
  UNIQUE KEY `fieldgroups_name_unq_idx` (`name`)
) ENGINE=InnoDB AUTO_INCREMENT=5 DEFAULT CHARSET=utf8 COLLATE=utf8_unicode_ci;

--
-- Data for table `fieldgroups`
--

INSERT INTO `fieldgroups` (`id`, `name`, `dateCreated`, `dateUpdated`, `uid`) VALUES ('1', 'Default', '2015-04-26 20:07:25', '2015-04-26 20:07:25', 'ec1c310b-6675-411b-a75c-d07b7693381c');
INSERT INTO `fieldgroups` (`id`, `name`, `dateCreated`, `dateUpdated`, `uid`) VALUES ('2', 'Project', '2015-04-29 03:42:05', '2015-04-29 03:42:05', 'b9541f0a-a5b5-4985-9dca-9ddbfb595a98');
INSERT INTO `fieldgroups` (`id`, `name`, `dateCreated`, `dateUpdated`, `uid`) VALUES ('3', 'SEO', '2015-04-30 03:33:33', '2015-04-30 03:33:33', '962a4be7-bb0d-4295-81a1-fae5482a1f24');
INSERT INTO `fieldgroups` (`id`, `name`, `dateCreated`, `dateUpdated`, `uid`) VALUES ('4', 'Asset', '2015-05-17 20:20:10', '2015-05-17 20:20:10', '735b2c69-3cd0-4068-a387-0b99ef973103');



DROP TABLE IF EXISTS `fieldlayoutfields`;


--
-- Schema for table `fieldlayoutfields`
--
CREATE TABLE `fieldlayoutfields` (
  `id` int(11) NOT NULL AUTO_INCREMENT,
  `layoutId` int(11) NOT NULL,
  `tabId` int(11) NOT NULL,
  `fieldId` int(11) NOT NULL,
  `required` tinyint(1) unsigned NOT NULL DEFAULT '0',
  `sortOrder` tinyint(4) DEFAULT NULL,
  `dateCreated` datetime NOT NULL,
  `dateUpdated` datetime NOT NULL,
  `uid` char(36) COLLATE utf8_unicode_ci NOT NULL DEFAULT '0',
  PRIMARY KEY (`id`),
  UNIQUE KEY `fieldlayoutfields_layoutId_fieldId_unq_idx` (`layoutId`,`fieldId`),
  KEY `fieldlayoutfields_sortOrder_idx` (`sortOrder`),
  KEY `fieldlayoutfields_tabId_fk` (`tabId`),
  KEY `fieldlayoutfields_fieldId_fk` (`fieldId`)
) ENGINE=InnoDB AUTO_INCREMENT=556 DEFAULT CHARSET=utf8 COLLATE=utf8_unicode_ci;

--
-- Data for table `fieldlayoutfields`
--

INSERT INTO `fieldlayoutfields` (`id`, `layoutId`, `tabId`, `fieldId`, `required`, `sortOrder`, `dateCreated`, `dateUpdated`, `uid`) VALUES ('1', '3', '1', '1', '1', '1', '2015-04-26 20:07:25', '2015-04-26 20:07:25', 'f6552004-8cc2-4ac7-9a4a-b6e7f8eebd12');
INSERT INTO `fieldlayoutfields` (`id`, `layoutId`, `tabId`, `fieldId`, `required`, `sortOrder`, `dateCreated`, `dateUpdated`, `uid`) VALUES ('2', '5', '2', '1', '1', '1', '2015-04-26 20:07:25', '2015-04-26 20:07:25', '9a11372d-9178-4a17-9348-4780129ffb1e');
INSERT INTO `fieldlayoutfields` (`id`, `layoutId`, `tabId`, `fieldId`, `required`, `sortOrder`, `dateCreated`, `dateUpdated`, `uid`) VALUES ('3', '5', '2', '2', '0', '2', '2015-04-26 20:07:25', '2015-04-26 20:07:25', 'aaa84827-e07c-4b3e-9a27-26ccaf2f0299');
INSERT INTO `fieldlayoutfields` (`id`, `layoutId`, `tabId`, `fieldId`, `required`, `sortOrder`, `dateCreated`, `dateUpdated`, `uid`) VALUES ('8', '11', '5', '5', '1', '1', '2015-04-29 04:07:24', '2015-04-29 04:07:24', '7cc97f25-c937-4e02-a7f4-5403773870f6');
INSERT INTO `fieldlayoutfields` (`id`, `layoutId`, `tabId`, `fieldId`, `required`, `sortOrder`, `dateCreated`, `dateUpdated`, `uid`) VALUES ('9', '11', '5', '6', '1', '2', '2015-04-29 04:07:24', '2015-04-29 04:07:24', 'e0b3355d-56e2-48a2-bf3b-8abb81b0e05d');
INSERT INTO `fieldlayoutfields` (`id`, `layoutId`, `tabId`, `fieldId`, `required`, `sortOrder`, `dateCreated`, `dateUpdated`, `uid`) VALUES ('10', '11', '5', '7', '0', '3', '2015-04-29 04:07:24', '2015-04-29 04:07:24', '661d032d-79d2-436d-b55b-107bf20c43ea');
INSERT INTO `fieldlayoutfields` (`id`, `layoutId`, `tabId`, `fieldId`, `required`, `sortOrder`, `dateCreated`, `dateUpdated`, `uid`) VALUES ('11', '11', '5', '8', '1', '4', '2015-04-29 04:07:24', '2015-04-29 04:07:24', '15b4b7ca-6669-4273-a786-4bd3e90baaee');
INSERT INTO `fieldlayoutfields` (`id`, `layoutId`, `tabId`, `fieldId`, `required`, `sortOrder`, `dateCreated`, `dateUpdated`, `uid`) VALUES ('18', '13', '7', '3', '1', '1', '2015-04-29 04:15:56', '2015-04-29 04:15:56', 'd4f839f6-0142-4433-b380-d679eea5b1de');
INSERT INTO `fieldlayoutfields` (`id`, `layoutId`, `tabId`, `fieldId`, `required`, `sortOrder`, `dateCreated`, `dateUpdated`, `uid`) VALUES ('19', '13', '7', '4', '1', '2', '2015-04-29 04:15:56', '2015-04-29 04:15:56', '04c23147-9dd2-4f75-b490-d9f43f69459c');
INSERT INTO `fieldlayoutfields` (`id`, `layoutId`, `tabId`, `fieldId`, `required`, `sortOrder`, `dateCreated`, `dateUpdated`, `uid`) VALUES ('20', '13', '7', '10', '0', '3', '2015-04-29 04:15:56', '2015-04-29 04:15:56', '06479c9d-257e-4d3a-988f-6167dd03e64d');
INSERT INTO `fieldlayoutfields` (`id`, `layoutId`, `tabId`, `fieldId`, `required`, `sortOrder`, `dateCreated`, `dateUpdated`, `uid`) VALUES ('21', '13', '7', '11', '0', '4', '2015-04-29 04:15:56', '2015-04-29 04:15:56', 'a6616823-2607-4345-8c06-65dc274c195d');
INSERT INTO `fieldlayoutfields` (`id`, `layoutId`, `tabId`, `fieldId`, `required`, `sortOrder`, `dateCreated`, `dateUpdated`, `uid`) VALUES ('22', '13', '7', '12', '1', '5', '2015-04-29 04:15:56', '2015-04-29 04:15:56', 'dc34c5fb-7e0f-4e4b-8e65-73a6cc3d9f54');
INSERT INTO `fieldlayoutfields` (`id`, `layoutId`, `tabId`, `fieldId`, `required`, `sortOrder`, `dateCreated`, `dateUpdated`, `uid`) VALUES ('23', '13', '7', '9', '1', '6', '2015-04-29 04:15:56', '2015-04-29 04:15:56', '04e9e9b2-b24e-4979-a482-8e03f14076fd');
INSERT INTO `fieldlayoutfields` (`id`, `layoutId`, `tabId`, `fieldId`, `required`, `sortOrder`, `dateCreated`, `dateUpdated`, `uid`) VALUES ('265', '72', '57', '45', '0', '1', '2015-05-07 01:18:57', '2015-05-07 01:18:57', 'd6fe00ba-aad4-4d2c-b360-4192bf05c964');
INSERT INTO `fieldlayoutfields` (`id`, `layoutId`, `tabId`, `fieldId`, `required`, `sortOrder`, `dateCreated`, `dateUpdated`, `uid`) VALUES ('266', '74', '58', '46', '1', '1', '2015-05-08 06:04:50', '2015-05-08 06:04:50', '289978be-9f65-440b-b11b-58b098f57e01');
INSERT INTO `fieldlayoutfields` (`id`, `layoutId`, `tabId`, `fieldId`, `required`, `sortOrder`, `dateCreated`, `dateUpdated`, `uid`) VALUES ('267', '76', '59', '47', '1', '1', '2015-05-10 17:13:57', '2015-05-10 17:13:57', 'f715ce61-7f22-4ead-8631-193098fb293a');
INSERT INTO `fieldlayoutfields` (`id`, `layoutId`, `tabId`, `fieldId`, `required`, `sortOrder`, `dateCreated`, `dateUpdated`, `uid`) VALUES ('272', '81', '62', '14', '1', '1', '2015-05-10 19:07:41', '2015-05-10 19:07:41', 'aa9df642-f720-4136-a8bc-9529cebed305');
INSERT INTO `fieldlayoutfields` (`id`, `layoutId`, `tabId`, `fieldId`, `required`, `sortOrder`, `dateCreated`, `dateUpdated`, `uid`) VALUES ('273', '81', '62', '1', '1', '2', '2015-05-10 19:07:41', '2015-05-10 19:07:41', 'd4410bcd-5bf8-4638-aeac-2d045bf8614f');
INSERT INTO `fieldlayoutfields` (`id`, `layoutId`, `tabId`, `fieldId`, `required`, `sortOrder`, `dateCreated`, `dateUpdated`, `uid`) VALUES ('274', '81', '62', '48', '1', '3', '2015-05-10 19:07:41', '2015-05-10 19:07:41', '6b9a407a-cba5-4e39-bf04-674afbb4cbe0');
INSERT INTO `fieldlayoutfields` (`id`, `layoutId`, `tabId`, `fieldId`, `required`, `sortOrder`, `dateCreated`, `dateUpdated`, `uid`) VALUES ('320', '86', '69', '40', '1', '1', '2015-05-12 00:58:55', '2015-05-12 00:58:55', 'e2ac51ba-b30f-4eb0-97ee-fca3b435c9c1');
INSERT INTO `fieldlayoutfields` (`id`, `layoutId`, `tabId`, `fieldId`, `required`, `sortOrder`, `dateCreated`, `dateUpdated`, `uid`) VALUES ('321', '86', '69', '41', '1', '2', '2015-05-12 00:58:55', '2015-05-12 00:58:55', '062d9296-1958-4d82-b703-5f0fcf2c836a');
INSERT INTO `fieldlayoutfields` (`id`, `layoutId`, `tabId`, `fieldId`, `required`, `sortOrder`, `dateCreated`, `dateUpdated`, `uid`) VALUES ('504', '150', '106', '13', '1', '1', '2015-05-15 05:47:10', '2015-05-15 05:47:10', '1337a3ea-cb44-48c1-8118-e738fe7bec70');
INSERT INTO `fieldlayoutfields` (`id`, `layoutId`, `tabId`, `fieldId`, `required`, `sortOrder`, `dateCreated`, `dateUpdated`, `uid`) VALUES ('505', '150', '106', '3', '1', '2', '2015-05-15 05:47:10', '2015-05-15 05:47:10', '11c0f848-82e2-4ed7-9690-97897682d09d');
INSERT INTO `fieldlayoutfields` (`id`, `layoutId`, `tabId`, `fieldId`, `required`, `sortOrder`, `dateCreated`, `dateUpdated`, `uid`) VALUES ('506', '150', '106', '4', '1', '3', '2015-05-15 05:47:10', '2015-05-15 05:47:10', '757c01b7-c3f5-4d66-b509-12bb9626379c');
INSERT INTO `fieldlayoutfields` (`id`, `layoutId`, `tabId`, `fieldId`, `required`, `sortOrder`, `dateCreated`, `dateUpdated`, `uid`) VALUES ('507', '150', '106', '49', '1', '4', '2015-05-15 05:47:10', '2015-05-15 05:47:10', '986d811c-d265-4a14-b22e-35fc3496fff5');
INSERT INTO `fieldlayoutfields` (`id`, `layoutId`, `tabId`, `fieldId`, `required`, `sortOrder`, `dateCreated`, `dateUpdated`, `uid`) VALUES ('508', '150', '106', '58', '1', '5', '2015-05-15 05:47:10', '2015-05-15 05:47:10', '8ac638ae-fde3-4900-8f01-ca6304704fc6');
INSERT INTO `fieldlayoutfields` (`id`, `layoutId`, `tabId`, `fieldId`, `required`, `sortOrder`, `dateCreated`, `dateUpdated`, `uid`) VALUES ('509', '150', '106', '50', '0', '6', '2015-05-15 05:47:10', '2015-05-15 05:47:10', 'ec429679-21e4-48cf-b6af-201c70ad9efa');
INSERT INTO `fieldlayoutfields` (`id`, `layoutId`, `tabId`, `fieldId`, `required`, `sortOrder`, `dateCreated`, `dateUpdated`, `uid`) VALUES ('510', '150', '106', '10', '0', '7', '2015-05-15 05:47:10', '2015-05-15 05:47:10', '58685e4a-dec0-4628-b2ca-0fceb58f3f70');
INSERT INTO `fieldlayoutfields` (`id`, `layoutId`, `tabId`, `fieldId`, `required`, `sortOrder`, `dateCreated`, `dateUpdated`, `uid`) VALUES ('511', '150', '106', '11', '0', '8', '2015-05-15 05:47:10', '2015-05-15 05:47:10', '61522a68-66bf-4df1-ba60-1ef403461a1d');
INSERT INTO `fieldlayoutfields` (`id`, `layoutId`, `tabId`, `fieldId`, `required`, `sortOrder`, `dateCreated`, `dateUpdated`, `uid`) VALUES ('512', '150', '106', '12', '1', '9', '2015-05-15 05:47:10', '2015-05-15 05:47:10', 'b5fc317a-e99f-49b5-ae97-75de16cd9b55');
INSERT INTO `fieldlayoutfields` (`id`, `layoutId`, `tabId`, `fieldId`, `required`, `sortOrder`, `dateCreated`, `dateUpdated`, `uid`) VALUES ('513', '150', '106', '9', '1', '10', '2015-05-15 05:47:10', '2015-05-15 05:47:10', 'd88854d5-ed69-476a-b5e8-af0b8507937c');
INSERT INTO `fieldlayoutfields` (`id`, `layoutId`, `tabId`, `fieldId`, `required`, `sortOrder`, `dateCreated`, `dateUpdated`, `uid`) VALUES ('514', '150', '106', '42', '0', '11', '2015-05-15 05:47:10', '2015-05-15 05:47:10', '359844e5-58c2-4716-9a52-23ca2b1c8305');
INSERT INTO `fieldlayoutfields` (`id`, `layoutId`, `tabId`, `fieldId`, `required`, `sortOrder`, `dateCreated`, `dateUpdated`, `uid`) VALUES ('515', '150', '106', '44', '0', '12', '2015-05-15 05:47:10', '2015-05-15 05:47:10', 'e7df75b9-82e0-49f9-9f1a-ab9d280ad818');
INSERT INTO `fieldlayoutfields` (`id`, `layoutId`, `tabId`, `fieldId`, `required`, `sortOrder`, `dateCreated`, `dateUpdated`, `uid`) VALUES ('516', '150', '106', '43', '0', '13', '2015-05-15 05:47:10', '2015-05-15 05:47:10', 'b4c48615-1415-410b-884a-a0ad4a5945e2');
INSERT INTO `fieldlayoutfields` (`id`, `layoutId`, `tabId`, `fieldId`, `required`, `sortOrder`, `dateCreated`, `dateUpdated`, `uid`) VALUES ('517', '150', '107', '19', '1', '1', '2015-05-15 05:47:10', '2015-05-15 05:47:10', '21595069-7e49-4b10-bb43-bd0efa6311b1');
INSERT INTO `fieldlayoutfields` (`id`, `layoutId`, `tabId`, `fieldId`, `required`, `sortOrder`, `dateCreated`, `dateUpdated`, `uid`) VALUES ('518', '150', '107', '20', '1', '2', '2015-05-15 05:47:10', '2015-05-15 05:47:10', 'a8eb5615-24cc-4e87-b7eb-30d99c1f1957');
INSERT INTO `fieldlayoutfields` (`id`, `layoutId`, `tabId`, `fieldId`, `required`, `sortOrder`, `dateCreated`, `dateUpdated`, `uid`) VALUES ('519', '150', '107', '23', '0', '3', '2015-05-15 05:47:10', '2015-05-15 05:47:10', 'dfe60382-f1a3-40ef-90d9-0c85ee4da0e1');
INSERT INTO `fieldlayoutfields` (`id`, `layoutId`, `tabId`, `fieldId`, `required`, `sortOrder`, `dateCreated`, `dateUpdated`, `uid`) VALUES ('520', '150', '107', '24', '0', '4', '2015-05-15 05:47:10', '2015-05-15 05:47:10', 'b4199153-15d1-4a9d-bfca-1fc73ad0a071');
INSERT INTO `fieldlayoutfields` (`id`, `layoutId`, `tabId`, `fieldId`, `required`, `sortOrder`, `dateCreated`, `dateUpdated`, `uid`) VALUES ('521', '150', '107', '39', '0', '5', '2015-05-15 05:47:10', '2015-05-15 05:47:10', '69d3341a-2ad3-4eee-8f19-a413fd657a6c');
INSERT INTO `fieldlayoutfields` (`id`, `layoutId`, `tabId`, `fieldId`, `required`, `sortOrder`, `dateCreated`, `dateUpdated`, `uid`) VALUES ('522', '150', '107', '25', '1', '6', '2015-05-15 05:47:10', '2015-05-15 05:47:10', 'c387ef37-cfe7-4aac-a752-5bfaab0729c8');
INSERT INTO `fieldlayoutfields` (`id`, `layoutId`, `tabId`, `fieldId`, `required`, `sortOrder`, `dateCreated`, `dateUpdated`, `uid`) VALUES ('523', '150', '107', '21', '0', '7', '2015-05-15 05:47:10', '2015-05-15 05:47:10', 'e4987905-11fd-45a4-8b14-d56a7b79a5b9');
INSERT INTO `fieldlayoutfields` (`id`, `layoutId`, `tabId`, `fieldId`, `required`, `sortOrder`, `dateCreated`, `dateUpdated`, `uid`) VALUES ('524', '150', '107', '22', '0', '8', '2015-05-15 05:47:10', '2015-05-15 05:47:10', '614afde6-36e3-4677-ab96-1649acdfd3f3');
INSERT INTO `fieldlayoutfields` (`id`, `layoutId`, `tabId`, `fieldId`, `required`, `sortOrder`, `dateCreated`, `dateUpdated`, `uid`) VALUES ('525', '150', '108', '16', '0', '1', '2015-05-15 05:47:10', '2015-05-15 05:47:10', '39437663-acef-4b00-b358-60e3140e6f9e');
INSERT INTO `fieldlayoutfields` (`id`, `layoutId`, `tabId`, `fieldId`, `required`, `sortOrder`, `dateCreated`, `dateUpdated`, `uid`) VALUES ('526', '150', '108', '17', '0', '2', '2015-05-15 05:47:10', '2015-05-15 05:47:10', '51106d49-ee6e-4f1e-b5bd-3332e9d5965f');
INSERT INTO `fieldlayoutfields` (`id`, `layoutId`, `tabId`, `fieldId`, `required`, `sortOrder`, `dateCreated`, `dateUpdated`, `uid`) VALUES ('527', '150', '108', '18', '0', '3', '2015-05-15 05:47:10', '2015-05-15 05:47:10', '22d72507-78a8-4763-8965-01eb292f1239');
INSERT INTO `fieldlayoutfields` (`id`, `layoutId`, `tabId`, `fieldId`, `required`, `sortOrder`, `dateCreated`, `dateUpdated`, `uid`) VALUES ('528', '151', '109', '45', '1', '1', '2015-05-16 17:02:24', '2015-05-16 17:02:24', 'f86548fc-8bbf-4d88-863d-dd322bba1fd4');
INSERT INTO `fieldlayoutfields` (`id`, `layoutId`, `tabId`, `fieldId`, `required`, `sortOrder`, `dateCreated`, `dateUpdated`, `uid`) VALUES ('529', '153', '110', '26', '1', '1', '2015-05-17 19:15:29', '2015-05-17 19:15:29', 'f2b06262-f4cc-4fe3-bb53-fa48b128634f');
INSERT INTO `fieldlayoutfields` (`id`, `layoutId`, `tabId`, `fieldId`, `required`, `sortOrder`, `dateCreated`, `dateUpdated`, `uid`) VALUES ('530', '153', '110', '27', '1', '2', '2015-05-17 19:15:29', '2015-05-17 19:15:29', 'c6ace1c7-ae5a-43d6-aec1-cad5d7156ee1');
INSERT INTO `fieldlayoutfields` (`id`, `layoutId`, `tabId`, `fieldId`, `required`, `sortOrder`, `dateCreated`, `dateUpdated`, `uid`) VALUES ('531', '153', '110', '28', '1', '3', '2015-05-17 19:15:29', '2015-05-17 19:15:29', '1bdab4d8-ef3f-4cd9-a0cf-4d6aa8e752e1');
INSERT INTO `fieldlayoutfields` (`id`, `layoutId`, `tabId`, `fieldId`, `required`, `sortOrder`, `dateCreated`, `dateUpdated`, `uid`) VALUES ('532', '153', '110', '29', '1', '4', '2015-05-17 19:15:29', '2015-05-17 19:15:29', '4683b2d7-cfe9-493e-aa9c-71a59de524de');
INSERT INTO `fieldlayoutfields` (`id`, `layoutId`, `tabId`, `fieldId`, `required`, `sortOrder`, `dateCreated`, `dateUpdated`, `uid`) VALUES ('533', '154', '111', '30', '1', '1', '2015-05-17 19:15:30', '2015-05-17 19:15:30', '3e90777a-3e13-43cf-b8c7-b4cbaf234e31');
INSERT INTO `fieldlayoutfields` (`id`, `layoutId`, `tabId`, `fieldId`, `required`, `sortOrder`, `dateCreated`, `dateUpdated`, `uid`) VALUES ('534', '154', '111', '31', '1', '2', '2015-05-17 19:15:30', '2015-05-17 19:15:30', '4c66b73f-b39c-4c21-82fc-64fc4ce54861');
INSERT INTO `fieldlayoutfields` (`id`, `layoutId`, `tabId`, `fieldId`, `required`, `sortOrder`, `dateCreated`, `dateUpdated`, `uid`) VALUES ('535', '154', '111', '32', '1', '3', '2015-05-17 19:15:30', '2015-05-17 19:15:30', 'b44ad4be-ce0b-4369-ac0f-217257c730ed');
INSERT INTO `fieldlayoutfields` (`id`, `layoutId`, `tabId`, `fieldId`, `required`, `sortOrder`, `dateCreated`, `dateUpdated`, `uid`) VALUES ('536', '154', '111', '33', '1', '4', '2015-05-17 19:15:30', '2015-05-17 19:15:30', '308a1010-05df-458e-ac56-742c8bc81a5c');
INSERT INTO `fieldlayoutfields` (`id`, `layoutId`, `tabId`, `fieldId`, `required`, `sortOrder`, `dateCreated`, `dateUpdated`, `uid`) VALUES ('537', '154', '111', '34', '1', '5', '2015-05-17 19:15:30', '2015-05-17 19:15:30', '2e9ed656-f0a7-44f0-9440-3d1bbb8b045e');
INSERT INTO `fieldlayoutfields` (`id`, `layoutId`, `tabId`, `fieldId`, `required`, `sortOrder`, `dateCreated`, `dateUpdated`, `uid`) VALUES ('538', '154', '111', '35', '1', '6', '2015-05-17 19:15:30', '2015-05-17 19:15:30', 'd8e605c9-64a5-4ed0-afd9-1442f6f4292c');
INSERT INTO `fieldlayoutfields` (`id`, `layoutId`, `tabId`, `fieldId`, `required`, `sortOrder`, `dateCreated`, `dateUpdated`, `uid`) VALUES ('539', '155', '112', '36', '1', '1', '2015-05-17 19:15:30', '2015-05-17 19:15:30', 'b31fd0a6-3d06-42ce-a06e-bdbe2cd357fa');
INSERT INTO `fieldlayoutfields` (`id`, `layoutId`, `tabId`, `fieldId`, `required`, `sortOrder`, `dateCreated`, `dateUpdated`, `uid`) VALUES ('540', '155', '112', '37', '1', '2', '2015-05-17 19:15:30', '2015-05-17 19:15:30', 'b3230646-5037-4577-ab68-ce0138e5fb8e');
INSERT INTO `fieldlayoutfields` (`id`, `layoutId`, `tabId`, `fieldId`, `required`, `sortOrder`, `dateCreated`, `dateUpdated`, `uid`) VALUES ('541', '155', '112', '38', '1', '3', '2015-05-17 19:15:30', '2015-05-17 19:15:30', '927576f4-1de9-44e7-9b4f-002a522b6e79');
INSERT INTO `fieldlayoutfields` (`id`, `layoutId`, `tabId`, `fieldId`, `required`, `sortOrder`, `dateCreated`, `dateUpdated`, `uid`) VALUES ('542', '155', '112', '51', '0', '4', '2015-05-17 19:15:30', '2015-05-17 19:15:30', 'b7dd1fa5-510c-4186-8986-aed9a0f9b298');
INSERT INTO `fieldlayoutfields` (`id`, `layoutId`, `tabId`, `fieldId`, `required`, `sortOrder`, `dateCreated`, `dateUpdated`, `uid`) VALUES ('543', '155', '112', '52', '0', '5', '2015-05-17 19:15:30', '2015-05-17 19:15:30', '7de66f0b-ebce-439a-b9be-c0a1cfdc45c6');
INSERT INTO `fieldlayoutfields` (`id`, `layoutId`, `tabId`, `fieldId`, `required`, `sortOrder`, `dateCreated`, `dateUpdated`, `uid`) VALUES ('544', '156', '113', '53', '1', '1', '2015-05-17 19:15:30', '2015-05-17 19:15:30', '132fbd7f-f9e1-42b7-8a37-06da6ab63204');
INSERT INTO `fieldlayoutfields` (`id`, `layoutId`, `tabId`, `fieldId`, `required`, `sortOrder`, `dateCreated`, `dateUpdated`, `uid`) VALUES ('545', '156', '113', '54', '1', '2', '2015-05-17 19:15:30', '2015-05-17 19:15:30', 'd72105cb-1b25-44f3-90e5-edb856d30830');
INSERT INTO `fieldlayoutfields` (`id`, `layoutId`, `tabId`, `fieldId`, `required`, `sortOrder`, `dateCreated`, `dateUpdated`, `uid`) VALUES ('546', '156', '113', '55', '1', '3', '2015-05-17 19:15:30', '2015-05-17 19:15:30', '4b4f5d76-bad6-4c12-b62e-a600ccffe3f6');
INSERT INTO `fieldlayoutfields` (`id`, `layoutId`, `tabId`, `fieldId`, `required`, `sortOrder`, `dateCreated`, `dateUpdated`, `uid`) VALUES ('547', '156', '113', '56', '1', '4', '2015-05-17 19:15:30', '2015-05-17 19:15:30', '7fc3dfac-8c84-40ab-ac44-9ed1e243462e');
INSERT INTO `fieldlayoutfields` (`id`, `layoutId`, `tabId`, `fieldId`, `required`, `sortOrder`, `dateCreated`, `dateUpdated`, `uid`) VALUES ('548', '156', '113', '57', '1', '5', '2015-05-17 19:15:30', '2015-05-17 19:15:30', '888c1919-39ed-4971-a283-e5aec696e819');
INSERT INTO `fieldlayoutfields` (`id`, `layoutId`, `tabId`, `fieldId`, `required`, `sortOrder`, `dateCreated`, `dateUpdated`, `uid`) VALUES ('553', '159', '116', '62', '1', '1', '2015-05-17 20:21:45', '2015-05-17 20:21:45', 'aff2b990-eee7-4bed-9063-34adaac7f653');
INSERT INTO `fieldlayoutfields` (`id`, `layoutId`, `tabId`, `fieldId`, `required`, `sortOrder`, `dateCreated`, `dateUpdated`, `uid`) VALUES ('554', '159', '116', '63', '1', '2', '2015-05-17 20:21:45', '2015-05-17 20:21:45', '0749b503-32e5-42de-8fe7-df90814e673b');
INSERT INTO `fieldlayoutfields` (`id`, `layoutId`, `tabId`, `fieldId`, `required`, `sortOrder`, `dateCreated`, `dateUpdated`, `uid`) VALUES ('555', '159', '116', '61', '0', '3', '2015-05-17 20:21:45', '2015-05-17 20:21:45', '4de1db87-2b02-46f3-b06c-e5fa9d324230');



DROP TABLE IF EXISTS `fieldlayouts`;


--
-- Schema for table `fieldlayouts`
--
CREATE TABLE `fieldlayouts` (
  `id` int(11) NOT NULL AUTO_INCREMENT,
  `type` varchar(150) COLLATE utf8_unicode_ci NOT NULL,
  `dateCreated` datetime NOT NULL,
  `dateUpdated` datetime NOT NULL,
  `uid` char(36) COLLATE utf8_unicode_ci NOT NULL DEFAULT '0',
  PRIMARY KEY (`id`),
  KEY `fieldlayouts_type_idx` (`type`)
) ENGINE=InnoDB AUTO_INCREMENT=160 DEFAULT CHARSET=utf8 COLLATE=utf8_unicode_ci;

--
-- Data for table `fieldlayouts`
--

INSERT INTO `fieldlayouts` (`id`, `type`, `dateCreated`, `dateUpdated`, `uid`) VALUES ('1', 'Tag', '2015-04-26 20:07:25', '2015-04-26 20:07:25', 'a7bf2a7d-f0b3-4d62-b9b0-db02cdd11d7b');
INSERT INTO `fieldlayouts` (`id`, `type`, `dateCreated`, `dateUpdated`, `uid`) VALUES ('3', 'Entry', '2015-04-26 20:07:25', '2015-04-26 20:07:25', '7556e555-b5fe-4b55-ac15-5c973214b09c');
INSERT INTO `fieldlayouts` (`id`, `type`, `dateCreated`, `dateUpdated`, `uid`) VALUES ('5', 'Entry', '2015-04-26 20:07:25', '2015-04-26 20:07:25', '02e0681f-5b29-4768-9d4b-64b24c717021');
INSERT INTO `fieldlayouts` (`id`, `type`, `dateCreated`, `dateUpdated`, `uid`) VALUES ('8', 'Entry', '2015-04-29 01:58:37', '2015-04-29 01:58:37', '2c3054a5-5368-47b1-9064-38c34a54c7a6');
INSERT INTO `fieldlayouts` (`id`, `type`, `dateCreated`, `dateUpdated`, `uid`) VALUES ('11', 'MatrixBlock', '2015-04-29 04:07:24', '2015-04-29 04:07:24', '6ceaeed3-4908-4eeb-ac11-016e91d51d74');
INSERT INTO `fieldlayouts` (`id`, `type`, `dateCreated`, `dateUpdated`, `uid`) VALUES ('13', 'Entry', '2015-04-29 04:15:56', '2015-04-29 04:15:56', '77d1220d-f0e7-4115-9fe3-6f35e02ef127');
INSERT INTO `fieldlayouts` (`id`, `type`, `dateCreated`, `dateUpdated`, `uid`) VALUES ('72', 'GlobalSet', '2015-05-07 01:18:57', '2015-05-07 01:18:57', '8e59b03f-e621-4027-8813-b0ddc2cc1724');
INSERT INTO `fieldlayouts` (`id`, `type`, `dateCreated`, `dateUpdated`, `uid`) VALUES ('74', 'GlobalSet', '2015-05-08 06:04:50', '2015-05-08 06:04:50', 'd0620a4a-2b55-419d-a9ab-8330d63c28ce');
INSERT INTO `fieldlayouts` (`id`, `type`, `dateCreated`, `dateUpdated`, `uid`) VALUES ('76', 'GlobalSet', '2015-05-10 17:13:57', '2015-05-10 17:13:57', 'a3494ebf-b85d-41da-82fe-9ed55f3d995f');
INSERT INTO `fieldlayouts` (`id`, `type`, `dateCreated`, `dateUpdated`, `uid`) VALUES ('79', 'Category', '2015-05-10 18:33:46', '2015-05-10 18:33:46', '70590631-e9d3-4efb-80ee-53ba8ec7077d');
INSERT INTO `fieldlayouts` (`id`, `type`, `dateCreated`, `dateUpdated`, `uid`) VALUES ('81', 'Entry', '2015-05-10 19:07:41', '2015-05-10 19:07:41', '6402482b-4277-4ddd-b503-43c830f2e888');
INSERT INTO `fieldlayouts` (`id`, `type`, `dateCreated`, `dateUpdated`, `uid`) VALUES ('86', 'MatrixBlock', '2015-05-12 00:58:55', '2015-05-12 00:58:55', '11b3aca1-506b-4ab0-a47b-8aefb6e6b015');
INSERT INTO `fieldlayouts` (`id`, `type`, `dateCreated`, `dateUpdated`, `uid`) VALUES ('108', 'Asset', '2015-05-13 01:54:06', '2015-05-13 01:54:06', '9484a29e-6881-427b-9393-e65a716fcc02');
INSERT INTO `fieldlayouts` (`id`, `type`, `dateCreated`, `dateUpdated`, `uid`) VALUES ('109', 'Asset', '2015-05-13 01:54:09', '2015-05-13 01:54:09', '3d5072d9-8ac8-402a-8490-836501eaa9f8');
INSERT INTO `fieldlayouts` (`id`, `type`, `dateCreated`, `dateUpdated`, `uid`) VALUES ('110', 'Asset', '2015-05-13 01:54:12', '2015-05-13 01:54:12', 'ffb07444-a38f-4e35-b88b-550140722855');
INSERT INTO `fieldlayouts` (`id`, `type`, `dateCreated`, `dateUpdated`, `uid`) VALUES ('111', 'Asset', '2015-05-13 01:54:15', '2015-05-13 01:54:15', '59c261fc-4f93-4846-9a90-830d6afdce5a');
INSERT INTO `fieldlayouts` (`id`, `type`, `dateCreated`, `dateUpdated`, `uid`) VALUES ('112', 'Asset', '2015-05-13 01:54:17', '2015-05-13 01:54:17', '7f9806d4-cc08-43bc-888c-1d33b81b80f4');
INSERT INTO `fieldlayouts` (`id`, `type`, `dateCreated`, `dateUpdated`, `uid`) VALUES ('113', 'Asset', '2015-05-13 01:54:21', '2015-05-13 01:54:21', '733638ac-ea0a-4917-ad03-436c46f4aa4f');
INSERT INTO `fieldlayouts` (`id`, `type`, `dateCreated`, `dateUpdated`, `uid`) VALUES ('114', 'Asset', '2015-05-13 01:54:24', '2015-05-13 01:54:24', '07b945e8-bbeb-4041-9e18-e826f13de1f4');
INSERT INTO `fieldlayouts` (`id`, `type`, `dateCreated`, `dateUpdated`, `uid`) VALUES ('115', 'Asset', '2015-05-13 01:54:27', '2015-05-13 01:54:27', 'fac0e70a-5873-4c45-b8bf-7f8a56278424');
INSERT INTO `fieldlayouts` (`id`, `type`, `dateCreated`, `dateUpdated`, `uid`) VALUES ('130', 'Asset', '2015-05-14 02:42:35', '2015-05-14 02:42:35', 'fdab2877-842c-411a-9996-e15c07e15d19');
INSERT INTO `fieldlayouts` (`id`, `type`, `dateCreated`, `dateUpdated`, `uid`) VALUES ('131', 'Asset', '2015-05-14 02:42:49', '2015-05-14 02:42:49', '56120d51-70b0-4700-9b62-cbce67dbae67');
INSERT INTO `fieldlayouts` (`id`, `type`, `dateCreated`, `dateUpdated`, `uid`) VALUES ('132', 'Asset', '2015-05-14 02:43:10', '2015-05-14 02:43:10', '3da19b86-3e86-4697-ab35-40a6cae4c99d');
INSERT INTO `fieldlayouts` (`id`, `type`, `dateCreated`, `dateUpdated`, `uid`) VALUES ('150', 'Entry', '2015-05-15 05:47:10', '2015-05-15 05:47:10', 'bcf101f2-8143-4b6e-a95f-87ca04c552a9');
INSERT INTO `fieldlayouts` (`id`, `type`, `dateCreated`, `dateUpdated`, `uid`) VALUES ('151', 'GlobalSet', '2015-05-16 17:02:24', '2015-05-16 17:02:24', 'eac17cf1-b761-4e69-a813-3cb2ef3e31d8');
INSERT INTO `fieldlayouts` (`id`, `type`, `dateCreated`, `dateUpdated`, `uid`) VALUES ('153', 'MatrixBlock', '2015-05-17 19:15:29', '2015-05-17 19:15:29', '4c7b8e1e-8964-4fc7-be82-6b0b1be1abf2');
INSERT INTO `fieldlayouts` (`id`, `type`, `dateCreated`, `dateUpdated`, `uid`) VALUES ('154', 'MatrixBlock', '2015-05-17 19:15:30', '2015-05-17 19:15:30', 'c750de28-ba28-4d3b-91a6-f5c9ca8b344e');
INSERT INTO `fieldlayouts` (`id`, `type`, `dateCreated`, `dateUpdated`, `uid`) VALUES ('155', 'MatrixBlock', '2015-05-17 19:15:30', '2015-05-17 19:15:30', '0ac7eae7-6d2f-4a30-bb4e-e216a2b0b852');
INSERT INTO `fieldlayouts` (`id`, `type`, `dateCreated`, `dateUpdated`, `uid`) VALUES ('156', 'MatrixBlock', '2015-05-17 19:15:30', '2015-05-17 19:15:30', '05ab7796-f87d-4ac4-bea9-0ca88b3f0678');
INSERT INTO `fieldlayouts` (`id`, `type`, `dateCreated`, `dateUpdated`, `uid`) VALUES ('159', 'Asset', '2015-05-17 20:21:45', '2015-05-17 20:21:45', '38db158d-3f2b-4bcc-9d48-62e534812022');



DROP TABLE IF EXISTS `fieldlayouttabs`;


--
-- Schema for table `fieldlayouttabs`
--
CREATE TABLE `fieldlayouttabs` (
  `id` int(11) NOT NULL AUTO_INCREMENT,
  `layoutId` int(11) NOT NULL,
  `name` varchar(255) COLLATE utf8_unicode_ci NOT NULL,
  `sortOrder` tinyint(4) DEFAULT NULL,
  `dateCreated` datetime NOT NULL,
  `dateUpdated` datetime NOT NULL,
  `uid` char(36) COLLATE utf8_unicode_ci NOT NULL DEFAULT '0',
  PRIMARY KEY (`id`),
  KEY `fieldlayouttabs_sortOrder_idx` (`sortOrder`),
  KEY `fieldlayouttabs_layoutId_fk` (`layoutId`)
) ENGINE=InnoDB AUTO_INCREMENT=117 DEFAULT CHARSET=utf8 COLLATE=utf8_unicode_ci;

--
-- Data for table `fieldlayouttabs`
--

INSERT INTO `fieldlayouttabs` (`id`, `layoutId`, `name`, `sortOrder`, `dateCreated`, `dateUpdated`, `uid`) VALUES ('1', '3', 'Content', '1', '2015-04-26 20:07:25', '2015-04-26 20:07:25', 'c5a99240-c0e9-4324-a41d-78cc01aadfe3');
INSERT INTO `fieldlayouttabs` (`id`, `layoutId`, `name`, `sortOrder`, `dateCreated`, `dateUpdated`, `uid`) VALUES ('2', '5', 'Content', '1', '2015-04-26 20:07:25', '2015-04-26 20:07:25', 'f52c6ecc-f80e-4e39-ab37-596451d3f574');
INSERT INTO `fieldlayouttabs` (`id`, `layoutId`, `name`, `sortOrder`, `dateCreated`, `dateUpdated`, `uid`) VALUES ('5', '11', 'Content', '1', '2015-04-29 04:07:24', '2015-04-29 04:07:24', '06cc0cd6-a282-457f-a30d-36fa71e2fe0e');
INSERT INTO `fieldlayouttabs` (`id`, `layoutId`, `name`, `sortOrder`, `dateCreated`, `dateUpdated`, `uid`) VALUES ('7', '13', 'Lab', '1', '2015-04-29 04:15:56', '2015-04-29 04:15:56', '02f95f69-87f8-4ff7-ba7d-d444172ed6f0');
INSERT INTO `fieldlayouttabs` (`id`, `layoutId`, `name`, `sortOrder`, `dateCreated`, `dateUpdated`, `uid`) VALUES ('57', '72', 'Content', '1', '2015-05-07 01:18:57', '2015-05-07 01:18:57', '59c104af-d4b4-47ce-a851-724af23efb31');
INSERT INTO `fieldlayouttabs` (`id`, `layoutId`, `name`, `sortOrder`, `dateCreated`, `dateUpdated`, `uid`) VALUES ('58', '74', 'Content', '1', '2015-05-08 06:04:50', '2015-05-08 06:04:50', '89d15e05-c43e-41b3-a0c7-9c7224ac373e');
INSERT INTO `fieldlayouttabs` (`id`, `layoutId`, `name`, `sortOrder`, `dateCreated`, `dateUpdated`, `uid`) VALUES ('59', '76', 'Content', '1', '2015-05-10 17:13:57', '2015-05-10 17:13:57', '8edabcf9-7b1d-42cf-a6d4-9e19269c7b0f');
INSERT INTO `fieldlayouttabs` (`id`, `layoutId`, `name`, `sortOrder`, `dateCreated`, `dateUpdated`, `uid`) VALUES ('62', '81', 'Content', '1', '2015-05-10 19:07:41', '2015-05-10 19:07:41', '12f2cc0f-7a0d-4914-9e93-278e306818d2');
INSERT INTO `fieldlayouttabs` (`id`, `layoutId`, `name`, `sortOrder`, `dateCreated`, `dateUpdated`, `uid`) VALUES ('69', '86', 'Content', '1', '2015-05-12 00:58:55', '2015-05-12 00:58:55', 'cc377c25-a75e-4d25-b8b4-5fcf1f20a59c');
INSERT INTO `fieldlayouttabs` (`id`, `layoutId`, `name`, `sortOrder`, `dateCreated`, `dateUpdated`, `uid`) VALUES ('106', '150', 'Information', '1', '2015-05-15 05:47:10', '2015-05-15 05:47:10', 'c38f5c98-2a17-41ae-bf66-0890182c4ace');
INSERT INTO `fieldlayouttabs` (`id`, `layoutId`, `name`, `sortOrder`, `dateCreated`, `dateUpdated`, `uid`) VALUES ('107', '150', 'Content', '2', '2015-05-15 05:47:10', '2015-05-15 05:47:10', '991c4018-638f-4965-924e-518dd7a0db31');
INSERT INTO `fieldlayouttabs` (`id`, `layoutId`, `name`, `sortOrder`, `dateCreated`, `dateUpdated`, `uid`) VALUES ('108', '150', 'SEO', '3', '2015-05-15 05:47:10', '2015-05-15 05:47:10', '0d524ec5-0129-4bb2-b2ea-893d7cff4219');
INSERT INTO `fieldlayouttabs` (`id`, `layoutId`, `name`, `sortOrder`, `dateCreated`, `dateUpdated`, `uid`) VALUES ('109', '151', 'Content', '1', '2015-05-16 17:02:24', '2015-05-16 17:02:24', '62558ae6-d23c-4998-8037-63cf6978e783');
INSERT INTO `fieldlayouttabs` (`id`, `layoutId`, `name`, `sortOrder`, `dateCreated`, `dateUpdated`, `uid`) VALUES ('110', '153', 'Content', '1', '2015-05-17 19:15:29', '2015-05-17 19:15:29', 'ecf530ff-1a21-4fd5-9a5c-1d084cb298ab');
INSERT INTO `fieldlayouttabs` (`id`, `layoutId`, `name`, `sortOrder`, `dateCreated`, `dateUpdated`, `uid`) VALUES ('111', '154', 'Content', '1', '2015-05-17 19:15:30', '2015-05-17 19:15:30', '4b104d8c-9ef7-4c18-ab0a-c05d4561cba7');
INSERT INTO `fieldlayouttabs` (`id`, `layoutId`, `name`, `sortOrder`, `dateCreated`, `dateUpdated`, `uid`) VALUES ('112', '155', 'Content', '1', '2015-05-17 19:15:30', '2015-05-17 19:15:30', '9216273e-dcf5-4a1b-a936-56f77bf6a6fc');
INSERT INTO `fieldlayouttabs` (`id`, `layoutId`, `name`, `sortOrder`, `dateCreated`, `dateUpdated`, `uid`) VALUES ('113', '156', 'Content', '1', '2015-05-17 19:15:30', '2015-05-17 19:15:30', '945717ff-e904-41c0-96c3-edf4250c9221');
INSERT INTO `fieldlayouttabs` (`id`, `layoutId`, `name`, `sortOrder`, `dateCreated`, `dateUpdated`, `uid`) VALUES ('116', '159', 'Content', '1', '2015-05-17 20:21:45', '2015-05-17 20:21:45', '0dcf6e0c-515e-4abc-bd93-f9346d44067e');



DROP TABLE IF EXISTS `fields`;


--
-- Schema for table `fields`
--
CREATE TABLE `fields` (
  `id` int(11) NOT NULL AUTO_INCREMENT,
  `groupId` int(11) DEFAULT NULL,
  `name` varchar(255) COLLATE utf8_unicode_ci NOT NULL,
  `handle` varchar(58) COLLATE utf8_unicode_ci NOT NULL,
  `context` varchar(255) COLLATE utf8_unicode_ci NOT NULL DEFAULT 'global',
  `instructions` text COLLATE utf8_unicode_ci,
  `translatable` tinyint(1) unsigned NOT NULL DEFAULT '0',
  `type` varchar(150) COLLATE utf8_unicode_ci NOT NULL,
  `settings` text COLLATE utf8_unicode_ci,
  `dateCreated` datetime NOT NULL,
  `dateUpdated` datetime NOT NULL,
  `uid` char(36) COLLATE utf8_unicode_ci NOT NULL DEFAULT '0',
  PRIMARY KEY (`id`),
  UNIQUE KEY `fields_handle_context_unq_idx` (`handle`,`context`),
  KEY `fields_context_idx` (`context`),
  KEY `fields_groupId_fk` (`groupId`)
) ENGINE=InnoDB AUTO_INCREMENT=64 DEFAULT CHARSET=utf8 COLLATE=utf8_unicode_ci;

--
-- Data for table `fields`
--

INSERT INTO `fields` (`id`, `groupId`, `name`, `handle`, `context`, `instructions`, `translatable`, `type`, `settings`, `dateCreated`, `dateUpdated`, `uid`) VALUES ('1', '1', 'Body', 'body', 'global', '', '0', 'RichText', '{\"configFile\":\"Simple.json\",\"cleanupHtml\":\"1\",\"purifyHtml\":\"\",\"columnType\":\"text\"}', '2015-04-26 20:07:25', '2015-05-10 18:45:46', '86b70967-5074-4f5c-b677-503f26e87648');
INSERT INTO `fields` (`id`, `groupId`, `name`, `handle`, `context`, `instructions`, `translatable`, `type`, `settings`, `dateCreated`, `dateUpdated`, `uid`) VALUES ('2', '1', 'Tags', 'tags', 'global', NULL, '0', 'Tags', '{\"source\":\"taggroup:1\"}', '2015-04-26 20:07:25', '2015-04-26 20:07:25', '1b11395e-4e59-4c7d-af21-8a7dfca902e7');
INSERT INTO `fields` (`id`, `groupId`, `name`, `handle`, `context`, `instructions`, `translatable`, `type`, `settings`, `dateCreated`, `dateUpdated`, `uid`) VALUES ('3', '2', 'Short Description', 'shortDescription', 'global', 'The project short description displayed on home page.', '0', 'PlainText', '{\"placeholder\":\"Short description goes here.\",\"maxLength\":\"200\",\"multiline\":\"\",\"initialRows\":\"4\"}', '2015-04-29 03:45:49', '2015-04-29 03:45:49', 'd2a6b5c7-ecf6-49ca-9ac8-8313680d061e');
INSERT INTO `fields` (`id`, `groupId`, `name`, `handle`, `context`, `instructions`, `translatable`, `type`, `settings`, `dateCreated`, `dateUpdated`, `uid`) VALUES ('4', '2', 'Year', 'year', 'global', 'The year of creation.', '0', 'Number', '{\"min\":\"1988\",\"max\":\"9999\",\"decimals\":\"0\"}', '2015-04-29 03:50:23', '2015-04-29 04:09:21', 'dafe209b-b6ba-4803-ac81-f8fa484b35fc');
INSERT INTO `fields` (`id`, `groupId`, `name`, `handle`, `context`, `instructions`, `translatable`, `type`, `settings`, `dateCreated`, `dateUpdated`, `uid`) VALUES ('5', NULL, 'Year', 'year', 'matrixBlockType:1', 'The year of project completion.', '0', 'Number', '{\"min\":\"1988\",\"max\":\"9999\",\"decimals\":\"0\"}', '2015-04-29 04:07:23', '2015-04-29 04:07:23', 'dbbb85e1-97be-457f-b555-a4ee7cb0d60e');
INSERT INTO `fields` (`id`, `groupId`, `name`, `handle`, `context`, `instructions`, `translatable`, `type`, `settings`, `dateCreated`, `dateUpdated`, `uid`) VALUES ('6', NULL, 'Client', 'client', 'matrixBlockType:1', 'The client name.', '0', 'PlainText', '{\"placeholder\":\"Personal Project\",\"maxLength\":\"\",\"multiline\":\"\",\"initialRows\":\"4\"}', '2015-04-29 04:07:23', '2015-04-29 04:07:23', '57765018-b0b1-4162-aeb3-165d7e08e9fc');
INSERT INTO `fields` (`id`, `groupId`, `name`, `handle`, `context`, `instructions`, `translatable`, `type`, `settings`, `dateCreated`, `dateUpdated`, `uid`) VALUES ('7', NULL, 'Client URL', 'clientUrl', 'matrixBlockType:1', 'The client website URL.', '0', 'PlainText', '{\"placeholder\":\"\",\"maxLength\":\"\",\"multiline\":\"\",\"initialRows\":\"4\"}', '2015-04-29 04:07:23', '2015-04-29 04:07:23', 'cb95b912-ccba-459d-91c8-2c53fa0e3656');
INSERT INTO `fields` (`id`, `groupId`, `name`, `handle`, `context`, `instructions`, `translatable`, `type`, `settings`, `dateCreated`, `dateUpdated`, `uid`) VALUES ('8', NULL, 'Tools', 'tools', 'matrixBlockType:1', 'The creation tools used for the project.', '0', 'MultiSelect', '{\"options\":[{\"label\":\"Adobe AfterEffects\",\"value\":\"aftereffects\",\"default\":\"\"},{\"label\":\"Adobe Photoshop\",\"value\":\"photoshop\",\"default\":\"\"},{\"label\":\"Adobe InDesign\",\"value\":\"indesign\",\"default\":\"\"},{\"label\":\"Axure\",\"value\":\"axure\",\"default\":\"\"},{\"label\":\"Blender\",\"value\":\"blender\",\"default\":\"\"},{\"label\":\"CSS3\",\"value\":\"css3\",\"default\":\"\"},{\"label\":\"HTML5\",\"value\":\"html5\",\"default\":\"\"},{\"label\":\"InVision\",\"value\":\"invision\",\"default\":\"\"},{\"label\":\"JavaScript\",\"value\":\"javascript\",\"default\":\"\"},{\"label\":\"Sketch\",\"value\":\"sketch\",\"default\":\"\"},{\"label\":\"WebGL\",\"value\":\"webgl\",\"default\":\"\"}]}', '2015-04-29 04:07:24', '2015-04-29 04:07:24', '70453a81-53cc-47de-bbd4-6157a72a3cf4');
INSERT INTO `fields` (`id`, `groupId`, `name`, `handle`, `context`, `instructions`, `translatable`, `type`, `settings`, `dateCreated`, `dateUpdated`, `uid`) VALUES ('9', '2', 'Tools', 'tools', 'global', 'The tools used to create the project.', '0', 'Checkboxes', '{\"options\":[{\"label\":\"Adobe After Effects\",\"value\":\"aftereffects\",\"default\":\"\"},{\"label\":\"Adobe Flash\",\"value\":\"flash\",\"default\":\"\"},{\"label\":\"Adobe InDesign\",\"value\":\"Adobe InDesign\",\"default\":\"\"},{\"label\":\"Adobe Photoshop\",\"value\":\"photoshop\",\"default\":\"\"},{\"label\":\"Axure\",\"value\":\"axure\",\"default\":\"\"},{\"label\":\"Blender\",\"value\":\"blender\",\"default\":\"\"},{\"label\":\"CSS3\",\"value\":\"css3\",\"default\":\"\"},{\"label\":\"InVision\",\"value\":\"invision\",\"default\":\"\"},{\"label\":\"HTML5\",\"value\":\"html5\",\"default\":\"\"},{\"label\":\"JavaScript\",\"value\":\"javascript\",\"default\":\"\"},{\"label\":\"Justinmind\",\"value\":\"justinmind\",\"default\":\"\"},{\"label\":\"Sketch\",\"value\":\"sketch\",\"default\":\"\"},{\"label\":\"WebGL\",\"value\":\"webgl\",\"default\":\"\"}]}', '2015-04-29 04:12:32', '2015-05-13 04:48:34', '1fb5aa98-d6bf-4577-86b6-b464f92bee96');
INSERT INTO `fields` (`id`, `groupId`, `name`, `handle`, `context`, `instructions`, `translatable`, `type`, `settings`, `dateCreated`, `dateUpdated`, `uid`) VALUES ('10', '2', 'Client', 'client', 'global', 'The client name.', '0', 'PlainText', '{\"placeholder\":\"\",\"maxLength\":\"\",\"multiline\":\"\",\"initialRows\":\"4\"}', '2015-04-29 04:13:34', '2015-04-29 04:13:34', '936fb77d-be96-4d7b-ab41-d6b761885c64');
INSERT INTO `fields` (`id`, `groupId`, `name`, `handle`, `context`, `instructions`, `translatable`, `type`, `settings`, `dateCreated`, `dateUpdated`, `uid`) VALUES ('11', '2', 'Client URL', 'clientUrl', 'global', 'The client website URL.', '0', 'PlainText', '{\"placeholder\":\"\",\"maxLength\":\"\",\"multiline\":\"\",\"initialRows\":\"4\"}', '2015-04-29 04:13:46', '2015-04-29 04:13:46', '0b7cd5ac-33be-4b5f-a642-37b1873ed24f');
INSERT INTO `fields` (`id`, `groupId`, `name`, `handle`, `context`, `instructions`, `translatable`, `type`, `settings`, `dateCreated`, `dateUpdated`, `uid`) VALUES ('12', '2', 'Responsibilities', 'responsibilities', 'global', 'My responsibilities for creating the project.', '0', 'PlainText', '{\"placeholder\":\"\",\"maxLength\":\"\",\"multiline\":\"\",\"initialRows\":\"4\"}', '2015-04-29 04:14:39', '2015-04-29 04:14:39', 'ccd4f7f4-be50-4219-9dde-d05699d94517');
INSERT INTO `fields` (`id`, `groupId`, `name`, `handle`, `context`, `instructions`, `translatable`, `type`, `settings`, `dateCreated`, `dateUpdated`, `uid`) VALUES ('13', '2', 'Portfolio Category', 'portfolioCategory', 'global', 'The portfolio category of this project.', '0', 'Categories', '{\"source\":\"group:1\",\"limit\":\"1\"}', '2015-04-29 15:02:53', '2015-04-29 15:02:53', '03c5c429-19e2-4da1-8b68-e21816cb0301');
INSERT INTO `fields` (`id`, `groupId`, `name`, `handle`, `context`, `instructions`, `translatable`, `type`, `settings`, `dateCreated`, `dateUpdated`, `uid`) VALUES ('14', '1', 'Heading', 'heading', 'global', 'The heading text.', '0', 'PlainText', '{\"placeholder\":\"\",\"maxLength\":\"100\",\"multiline\":\"\",\"initialRows\":\"4\"}', '2015-04-29 16:48:26', '2015-04-29 16:48:26', 'eaa9021e-24a3-4610-98e1-1d79382d38d3');
INSERT INTO `fields` (`id`, `groupId`, `name`, `handle`, `context`, `instructions`, `translatable`, `type`, `settings`, `dateCreated`, `dateUpdated`, `uid`) VALUES ('15', '1', 'Introduction', 'introduction', 'global', 'The introduction text.', '0', 'RichText', '{\"configFile\":\"Standard.json\",\"cleanupHtml\":\"1\",\"purifyHtml\":\"\",\"columnType\":\"text\"}', '2015-04-29 16:49:33', '2015-04-29 16:51:43', '91dcb526-fdfc-474d-b59c-ed3a09159f80');
INSERT INTO `fields` (`id`, `groupId`, `name`, `handle`, `context`, `instructions`, `translatable`, `type`, `settings`, `dateCreated`, `dateUpdated`, `uid`) VALUES ('16', '3', 'OG Title', 'ogTitle', 'global', 'The Open Graph title text.', '0', 'PlainText', '{\"placeholder\":\"\",\"maxLength\":\"\",\"multiline\":\"\",\"initialRows\":\"4\"}', '2015-04-30 03:35:26', '2015-04-30 03:35:26', '5b9ca197-30cd-4ed0-a10d-3c350d576984');
INSERT INTO `fields` (`id`, `groupId`, `name`, `handle`, `context`, `instructions`, `translatable`, `type`, `settings`, `dateCreated`, `dateUpdated`, `uid`) VALUES ('17', '3', 'OG Description', 'ogDescription', 'global', 'The Open Graph description text.', '0', 'PlainText', '{\"placeholder\":\"\",\"maxLength\":\"300\",\"multiline\":\"\",\"initialRows\":\"4\"}', '2015-04-30 03:36:39', '2015-04-30 03:36:39', '9005847e-a8f5-4973-abba-f4321e8f228d');
INSERT INTO `fields` (`id`, `groupId`, `name`, `handle`, `context`, `instructions`, `translatable`, `type`, `settings`, `dateCreated`, `dateUpdated`, `uid`) VALUES ('18', '3', 'OG Image', 'ogImage', 'global', 'The Open Graph image.', '0', 'Assets', '{\"useSingleFolder\":\"1\",\"sources\":\"*\",\"defaultUploadLocationSource\":\"1\",\"defaultUploadLocationSubpath\":\"\",\"singleUploadLocationSource\":\"1\",\"singleUploadLocationSubpath\":\"\",\"restrictFiles\":\"1\",\"allowedKinds\":[\"image\"],\"limit\":\"1\"}', '2015-04-30 03:37:18', '2015-04-30 03:47:13', 'ad912e01-0cca-4c7e-a8d7-e21a3a821f6e');
INSERT INTO `fields` (`id`, `groupId`, `name`, `handle`, `context`, `instructions`, `translatable`, `type`, `settings`, `dateCreated`, `dateUpdated`, `uid`) VALUES ('19', '2', 'Brief Heading', 'briefHeading', 'global', 'The project summary heading text.', '0', 'PlainText', '{\"placeholder\":\"Project Brief\",\"maxLength\":\"30\",\"multiline\":\"\",\"initialRows\":\"4\"}', '2015-04-30 04:51:57', '2015-05-06 02:41:24', '4004c80e-b238-4f14-8210-78fe1b5ce635');
INSERT INTO `fields` (`id`, `groupId`, `name`, `handle`, `context`, `instructions`, `translatable`, `type`, `settings`, `dateCreated`, `dateUpdated`, `uid`) VALUES ('20', '2', 'Brief Body', 'briefBody', 'global', 'The project brief body text.', '0', 'RichText', '{\"configFile\":\"\",\"cleanupHtml\":\"1\",\"purifyHtml\":\"\",\"columnType\":\"text\"}', '2015-04-30 04:52:19', '2015-04-30 04:52:19', '82bc7405-659f-4f9c-a3df-9f4eecd0c2c0');
INSERT INTO `fields` (`id`, `groupId`, `name`, `handle`, `context`, `instructions`, `translatable`, `type`, `settings`, `dateCreated`, `dateUpdated`, `uid`) VALUES ('21', '2', 'Learned Heading', 'learnedHeading', 'global', 'The learned heading text.', '0', 'PlainText', '{\"placeholder\":\"What I\'ve Learned\",\"maxLength\":\"30\",\"multiline\":\"\",\"initialRows\":\"4\"}', '2015-04-30 04:53:06', '2015-05-06 02:41:31', '774c5517-e60e-407e-a59f-421c43053d06');
INSERT INTO `fields` (`id`, `groupId`, `name`, `handle`, `context`, `instructions`, `translatable`, `type`, `settings`, `dateCreated`, `dateUpdated`, `uid`) VALUES ('22', '2', 'Learned Body', 'learnedBody', 'global', 'The learned body text.', '0', 'RichText', '{\"configFile\":\"\",\"cleanupHtml\":\"1\",\"purifyHtml\":\"\",\"columnType\":\"text\"}', '2015-04-30 04:53:24', '2015-04-30 04:53:24', '29a6b431-26b5-4f0d-a950-f03bbdcb7c1c');
INSERT INTO `fields` (`id`, `groupId`, `name`, `handle`, `context`, `instructions`, `translatable`, `type`, `settings`, `dateCreated`, `dateUpdated`, `uid`) VALUES ('23', '2', 'Analysis Heading', 'analysisHeading', 'global', 'The analysis heading text.', '0', 'PlainText', '{\"placeholder\":\"\",\"maxLength\":\"30\",\"multiline\":\"\",\"initialRows\":\"4\"}', '2015-04-30 04:58:22', '2015-05-06 02:41:14', '7a4785e0-0403-442f-b183-0158c00ff03f');
INSERT INTO `fields` (`id`, `groupId`, `name`, `handle`, `context`, `instructions`, `translatable`, `type`, `settings`, `dateCreated`, `dateUpdated`, `uid`) VALUES ('24', '2', 'Analysis Body', 'analysisBody', 'global', 'The analysis body text.', '0', 'RichText', '{\"configFile\":\"\",\"cleanupHtml\":\"1\",\"purifyHtml\":\"\",\"columnType\":\"text\"}', '2015-04-30 04:58:47', '2015-04-30 04:58:47', '609f3bba-69cc-4ea7-9f7a-0d4fd90b639e');
INSERT INTO `fields` (`id`, `groupId`, `name`, `handle`, `context`, `instructions`, `translatable`, `type`, `settings`, `dateCreated`, `dateUpdated`, `uid`) VALUES ('25', '2', 'Features', 'features', 'global', 'The project features.', '0', 'Matrix', '{\"maxBlocks\":null}', '2015-04-30 05:33:59', '2015-05-17 19:15:28', '69fc13e8-6d71-41cc-a27d-76914acbbe15');
INSERT INTO `fields` (`id`, `groupId`, `name`, `handle`, `context`, `instructions`, `translatable`, `type`, `settings`, `dateCreated`, `dateUpdated`, `uid`) VALUES ('26', NULL, 'Heading', 'heading', 'matrixBlockType:2', 'The feature heading text.', '0', 'PlainText', '{\"placeholder\":\"\",\"maxLength\":\"30\",\"multiline\":\"1\",\"initialRows\":\"4\"}', '2015-04-30 05:34:00', '2015-05-17 19:15:28', 'cabc04bc-3929-4eb0-8cfc-b479dc3a6532');
INSERT INTO `fields` (`id`, `groupId`, `name`, `handle`, `context`, `instructions`, `translatable`, `type`, `settings`, `dateCreated`, `dateUpdated`, `uid`) VALUES ('27', NULL, 'Body', 'body', 'matrixBlockType:2', 'The feature body text.', '0', 'RichText', '{\"configFile\":\"\",\"cleanupHtml\":\"1\",\"purifyHtml\":\"\",\"columnType\":\"text\"}', '2015-04-30 05:34:00', '2015-05-17 19:15:29', 'cf220168-d4d3-4707-b3c5-78f187958978');
INSERT INTO `fields` (`id`, `groupId`, `name`, `handle`, `context`, `instructions`, `translatable`, `type`, `settings`, `dateCreated`, `dateUpdated`, `uid`) VALUES ('28', NULL, 'media', 'media', 'matrixBlockType:2', 'The image or video media of any number.', '0', 'Assets', '{\"useSingleFolder\":\"\",\"sources\":[\"folder:2\",\"folder:12\"],\"defaultUploadLocationSource\":\"1\",\"defaultUploadLocationSubpath\":\"\",\"singleUploadLocationSource\":\"1\",\"singleUploadLocationSubpath\":\"\",\"restrictFiles\":\"1\",\"allowedKinds\":[\"image\",\"video\"],\"limit\":\"\"}', '2015-04-30 05:34:00', '2015-05-17 19:15:29', '60d99e11-9adf-421a-acab-974cec330e85');
INSERT INTO `fields` (`id`, `groupId`, `name`, `handle`, `context`, `instructions`, `translatable`, `type`, `settings`, `dateCreated`, `dateUpdated`, `uid`) VALUES ('29', NULL, 'Layout', 'layout', 'matrixBlockType:2', 'The media layout.', '0', 'Dropdown', '{\"options\":[{\"label\":\"Fluid\",\"value\":\"fluid\",\"default\":\"1\"},{\"label\":\"Full\",\"value\":\"full\",\"default\":\"\"}]}', '2015-04-30 05:34:00', '2015-05-17 19:15:29', 'c6a762be-430d-413c-93d1-e0d9813fa987');
INSERT INTO `fields` (`id`, `groupId`, `name`, `handle`, `context`, `instructions`, `translatable`, `type`, `settings`, `dateCreated`, `dateUpdated`, `uid`) VALUES ('30', NULL, 'Heading', 'heading', 'matrixBlockType:3', 'The feature heading text.', '0', 'PlainText', '{\"placeholder\":\"\",\"maxLength\":\"30\",\"multiline\":\"1\",\"initialRows\":\"4\"}', '2015-04-30 05:34:00', '2015-05-17 19:15:29', 'dc4641a5-3e82-4057-8480-5577643b6351');
INSERT INTO `fields` (`id`, `groupId`, `name`, `handle`, `context`, `instructions`, `translatable`, `type`, `settings`, `dateCreated`, `dateUpdated`, `uid`) VALUES ('31', NULL, 'Body', 'body', 'matrixBlockType:3', 'The feature body text.', '0', 'RichText', '{\"configFile\":\"\",\"cleanupHtml\":\"1\",\"purifyHtml\":\"\",\"columnType\":\"text\"}', '2015-04-30 05:34:00', '2015-05-17 19:15:29', '06b66535-7f7e-4186-b2a4-50b256c16d37');
INSERT INTO `fields` (`id`, `groupId`, `name`, `handle`, `context`, `instructions`, `translatable`, `type`, `settings`, `dateCreated`, `dateUpdated`, `uid`) VALUES ('32', NULL, 'Preview', 'preview', 'matrixBlockType:3', 'The wireframe preview image.', '0', 'Assets', '{\"useSingleFolder\":\"\",\"sources\":[\"folder:2\"],\"defaultUploadLocationSource\":\"1\",\"defaultUploadLocationSubpath\":\"\",\"singleUploadLocationSource\":\"1\",\"singleUploadLocationSubpath\":\"\",\"restrictFiles\":\"1\",\"allowedKinds\":[\"image\"],\"limit\":\"1\"}', '2015-04-30 05:34:01', '2015-05-17 19:15:29', '93ac8f51-0a00-456e-8026-a6b62a8cc732');
INSERT INTO `fields` (`id`, `groupId`, `name`, `handle`, `context`, `instructions`, `translatable`, `type`, `settings`, `dateCreated`, `dateUpdated`, `uid`) VALUES ('33', NULL, 'Layered Images', 'layeredImages', 'matrixBlockType:3', 'The display image presentation, either a single image or in multiples layers for producing stereographic effect.', '0', 'Assets', '{\"useSingleFolder\":\"\",\"sources\":[\"folder:3\"],\"defaultUploadLocationSource\":\"1\",\"defaultUploadLocationSubpath\":\"\",\"singleUploadLocationSource\":\"1\",\"singleUploadLocationSubpath\":\"\",\"restrictFiles\":\"1\",\"allowedKinds\":[\"image\"],\"limit\":\"4\"}', '2015-04-30 05:34:01', '2015-05-17 19:15:29', 'e72ca6c9-ac56-4a59-a4fb-c91ca3c931d4');
INSERT INTO `fields` (`id`, `groupId`, `name`, `handle`, `context`, `instructions`, `translatable`, `type`, `settings`, `dateCreated`, `dateUpdated`, `uid`) VALUES ('34', NULL, 'Layout', 'layout', 'matrixBlockType:3', 'The media layout.', '0', 'Dropdown', '{\"options\":[{\"label\":\"Fluid\",\"value\":\"fluid\",\"default\":\"1\"},{\"label\":\"Full\",\"value\":\"full\",\"default\":\"\"}]}', '2015-04-30 05:34:01', '2015-05-17 19:15:29', 'f163c639-35dd-4c8c-a975-58cb14c6c87c');
INSERT INTO `fields` (`id`, `groupId`, `name`, `handle`, `context`, `instructions`, `translatable`, `type`, `settings`, `dateCreated`, `dateUpdated`, `uid`) VALUES ('35', NULL, 'Annotations', 'annotations', 'matrixBlockType:3', 'The annotations on wireframe image.', '0', 'Table', '{\"columns\":{\"col1\":{\"heading\":\"Text\",\"handle\":\"text\",\"width\":\"60%\",\"type\":\"singleline\"},\"col4\":{\"heading\":\"Arrow\",\"handle\":\"arrow\",\"width\":\"20%\",\"type\":\"singleline\"},\"col2\":{\"heading\":\"x\",\"handle\":\"x\",\"width\":\"10%\",\"type\":\"number\"},\"col3\":{\"heading\":\"y\",\"handle\":\"y\",\"width\":\"10%\",\"type\":\"number\"}},\"defaults\":{\"row1\":{\"col1\":\"\",\"col4\":\"\",\"col2\":\"\",\"col3\":\"\"}}}', '2015-04-30 05:34:01', '2015-05-17 19:15:29', '94e84737-3377-4e95-93be-d898edaf2fd5');
INSERT INTO `fields` (`id`, `groupId`, `name`, `handle`, `context`, `instructions`, `translatable`, `type`, `settings`, `dateCreated`, `dateUpdated`, `uid`) VALUES ('36', NULL, 'Heading', 'heading', 'matrixBlockType:4', 'The feature heading text.', '0', 'PlainText', '{\"placeholder\":\"\",\"maxLength\":\"30\",\"multiline\":\"1\",\"initialRows\":\"4\"}', '2015-04-30 05:34:01', '2015-05-17 19:15:30', 'f4c20600-94f7-4ce2-974c-0f945397276f');
INSERT INTO `fields` (`id`, `groupId`, `name`, `handle`, `context`, `instructions`, `translatable`, `type`, `settings`, `dateCreated`, `dateUpdated`, `uid`) VALUES ('37', NULL, 'Body', 'body', 'matrixBlockType:4', 'The feature body text.', '0', 'RichText', '{\"configFile\":\"\",\"cleanupHtml\":\"1\",\"purifyHtml\":\"\",\"columnType\":\"text\"}', '2015-04-30 05:34:01', '2015-05-17 19:15:30', '0b0681d5-bf71-42f9-8733-2a5c646c4c2f');
INSERT INTO `fields` (`id`, `groupId`, `name`, `handle`, `context`, `instructions`, `translatable`, `type`, `settings`, `dateCreated`, `dateUpdated`, `uid`) VALUES ('38', NULL, 'Images', 'images', 'matrixBlockType:4', 'The before/after images.', '0', 'Assets', '{\"useSingleFolder\":\"\",\"sources\":[\"folder:4\"],\"defaultUploadLocationSource\":\"1\",\"defaultUploadLocationSubpath\":\"\",\"singleUploadLocationSource\":\"1\",\"singleUploadLocationSubpath\":\"\",\"restrictFiles\":\"1\",\"allowedKinds\":[\"image\"],\"limit\":\"2\"}', '2015-04-30 05:34:01', '2015-05-17 19:15:30', '090decee-98b8-4f1a-ae38-7fe1367d29ce');
INSERT INTO `fields` (`id`, `groupId`, `name`, `handle`, `context`, `instructions`, `translatable`, `type`, `settings`, `dateCreated`, `dateUpdated`, `uid`) VALUES ('39', '2', 'Analysis Flow', 'analysisFlow', 'global', 'The illustrated steps of analysis.', '0', 'Matrix', '{\"maxBlocks\":null}', '2015-04-30 05:42:47', '2015-05-12 00:58:55', '233e2e4c-01e3-4665-8569-71a7b16b312a');
INSERT INTO `fields` (`id`, `groupId`, `name`, `handle`, `context`, `instructions`, `translatable`, `type`, `settings`, `dateCreated`, `dateUpdated`, `uid`) VALUES ('40', NULL, 'Image', 'image', 'matrixBlockType:5', 'The step image.', '0', 'Assets', '{\"useSingleFolder\":\"\",\"sources\":\"*\",\"defaultUploadLocationSource\":\"8\",\"defaultUploadLocationSubpath\":\"\",\"singleUploadLocationSource\":\"1\",\"singleUploadLocationSubpath\":\"\",\"restrictFiles\":\"1\",\"allowedKinds\":[\"image\"],\"limit\":\"1\"}', '2015-04-30 05:42:47', '2015-05-12 00:58:55', '7deccc9c-4da6-46e8-8b03-9b3a1e0e620d');
INSERT INTO `fields` (`id`, `groupId`, `name`, `handle`, `context`, `instructions`, `translatable`, `type`, `settings`, `dateCreated`, `dateUpdated`, `uid`) VALUES ('41', NULL, 'Caption', 'caption', 'matrixBlockType:5', 'The step image caption.', '0', 'PlainText', '{\"placeholder\":\"\",\"maxLength\":\"400\",\"multiline\":\"\",\"initialRows\":\"4\"}', '2015-04-30 05:42:47', '2015-05-12 00:58:55', 'd5ad02c2-ce62-478e-ac22-beaf646347bb');
INSERT INTO `fields` (`id`, `groupId`, `name`, `handle`, `context`, `instructions`, `translatable`, `type`, `settings`, `dateCreated`, `dateUpdated`, `uid`) VALUES ('42', '2', 'Preview Image', 'previewImage', 'global', 'The preview image.', '0', 'Assets', '{\"useSingleFolder\":\"\",\"sources\":[\"folder:6\"],\"defaultUploadLocationSource\":\"1\",\"defaultUploadLocationSubpath\":\"\",\"singleUploadLocationSource\":\"1\",\"singleUploadLocationSubpath\":\"\",\"restrictFiles\":\"1\",\"allowedKinds\":[\"image\"],\"limit\":\"1\"}', '2015-04-30 05:47:32', '2015-05-06 02:25:47', 'ff52aa18-6e11-47f9-96ac-823aea151ff9');
INSERT INTO `fields` (`id`, `groupId`, `name`, `handle`, `context`, `instructions`, `translatable`, `type`, `settings`, `dateCreated`, `dateUpdated`, `uid`) VALUES ('43', '2', 'Navigation Image', 'navigationImage', 'global', 'The navigation image.', '0', 'Assets', '{\"useSingleFolder\":\"\",\"sources\":[\"folder:7\"],\"defaultUploadLocationSource\":\"1\",\"defaultUploadLocationSubpath\":\"\",\"singleUploadLocationSource\":\"1\",\"singleUploadLocationSubpath\":\"\",\"restrictFiles\":\"1\",\"allowedKinds\":[\"image\"],\"limit\":\"1\"}', '2015-04-30 05:48:05', '2015-05-06 02:26:09', '4b57b9d3-2a58-4b08-b9fd-b609925c9261');
INSERT INTO `fields` (`id`, `groupId`, `name`, `handle`, `context`, `instructions`, `translatable`, `type`, `settings`, `dateCreated`, `dateUpdated`, `uid`) VALUES ('44', '2', 'Promotional Image', 'promotionalImage', 'global', 'The promotional image.', '0', 'Assets', '{\"useSingleFolder\":\"\",\"sources\":[\"folder:5\"],\"defaultUploadLocationSource\":\"1\",\"defaultUploadLocationSubpath\":\"\",\"singleUploadLocationSource\":\"1\",\"singleUploadLocationSubpath\":\"\",\"restrictFiles\":\"1\",\"allowedKinds\":[\"image\"],\"limit\":\"3\"}', '2015-04-30 05:49:29', '2015-05-06 02:25:21', '86c5f83c-4157-4842-a140-fbb78e3d456f');
INSERT INTO `fields` (`id`, `groupId`, `name`, `handle`, `context`, `instructions`, `translatable`, `type`, `settings`, `dateCreated`, `dateUpdated`, `uid`) VALUES ('45', '1', 'Dictionary', 'dictionary', 'global', 'The plain text copies.', '0', 'Table', '{\"columns\":{\"col1\":{\"heading\":\"id\",\"handle\":\"id\",\"width\":\"\",\"type\":\"singleline\"},\"col2\":{\"heading\":\"text\",\"handle\":\"text\",\"width\":\"\",\"type\":\"singleline\"}},\"defaults\":{\"row1\":{\"col1\":\"\",\"col2\":\"\"}}}', '2015-05-07 01:07:57', '2015-05-07 01:19:25', 'f3bff2da-5872-4f99-92ab-0bf78dfe6fe4');
INSERT INTO `fields` (`id`, `groupId`, `name`, `handle`, `context`, `instructions`, `translatable`, `type`, `settings`, `dateCreated`, `dateUpdated`, `uid`) VALUES ('46', '1', 'Social', 'social', 'global', 'The social links.', '0', 'Table', '{\"columns\":{\"col1\":{\"heading\":\"ID\",\"handle\":\"id\",\"width\":\"\",\"type\":\"singleline\"},\"col2\":{\"heading\":\"URL\",\"handle\":\"url\",\"width\":\"\",\"type\":\"singleline\"}},\"defaults\":{\"row1\":{\"col1\":\"\",\"col2\":\"\"}}}', '2015-05-08 06:04:30', '2015-05-08 06:04:30', '55e90611-788c-482f-8715-fcc1fc629b34');
INSERT INTO `fields` (`id`, `groupId`, `name`, `handle`, `context`, `instructions`, `translatable`, `type`, `settings`, `dateCreated`, `dateUpdated`, `uid`) VALUES ('47', '1', 'Quotation', 'quotation', 'global', 'The introductory quotation.', '0', 'RichText', '{\"configFile\":\"Simple.json\",\"cleanupHtml\":\"1\",\"purifyHtml\":\"\",\"columnType\":\"text\"}', '2015-05-10 17:13:24', '2015-05-10 17:18:10', '710f6a63-8bdb-47b7-a4f4-cda217868388');
INSERT INTO `fields` (`id`, `groupId`, `name`, `handle`, `context`, `instructions`, `translatable`, `type`, `settings`, `dateCreated`, `dateUpdated`, `uid`) VALUES ('48', '1', 'Featured Entry', 'featuredEntry', 'global', 'The featured entry.', '0', 'Entries', '{\"sources\":[\"section:3\"],\"limit\":\"1\"}', '2015-05-10 19:07:17', '2015-05-10 19:07:17', '88adfbf7-faa2-4fc0-a2a4-45127593bd41');
INSERT INTO `fields` (`id`, `groupId`, `name`, `handle`, `context`, `instructions`, `translatable`, `type`, `settings`, `dateCreated`, `dateUpdated`, `uid`) VALUES ('49', '2', 'Genre', 'genre', 'global', 'The genre of the project.', '0', 'Dropdown', '{\"options\":[{\"label\":\"Graphic Design\",\"value\":\"Graphic Design\",\"default\":\"\"},{\"label\":\"Web Design\",\"value\":\"Web Design\",\"default\":\"\"},{\"label\":\"Responsive Web Design\",\"value\":\"Responsive Web Design\",\"default\":\"\"},{\"label\":\"Web Application Design\",\"value\":\"Web Application Design\",\"default\":\"\"},{\"label\":\"Mobile Application Design\",\"value\":\"Mobile Application Design\",\"default\":\"\"},{\"label\":\"Presentation Design\",\"value\":\"Presentation Design\",\"default\":\"\"},{\"label\":\"Game Design\",\"value\":\"Game Design\",\"default\":\"\"},{\"label\":\"Website\",\"value\":\"Website\",\"default\":\"\"},{\"label\":\"Web Application\",\"value\":\"Web Application\",\"default\":\"\"},{\"label\":\"Mobile Application\",\"value\":\"Mobile Application\",\"default\":\"\"},{\"label\":\"Interactive Experience\",\"value\":\"Interactive Experience\",\"default\":\"\"},{\"label\":\"Physical Computing\",\"value\":\"Physical Computing\",\"default\":\"\"}]}', '2015-05-10 20:47:27', '2015-05-10 20:52:21', '92f142b1-e6bb-4558-a41c-e8aca950db04');
INSERT INTO `fields` (`id`, `groupId`, `name`, `handle`, `context`, `instructions`, `translatable`, `type`, `settings`, `dateCreated`, `dateUpdated`, `uid`) VALUES ('50', '2', 'Project URL', 'projectUrl', 'global', 'The live URL of the project.', '0', 'PlainText', '{\"placeholder\":\"\",\"maxLength\":\"\",\"multiline\":\"\",\"initialRows\":\"4\"}', '2015-05-11 02:51:38', '2015-05-11 02:51:38', '602890d6-827b-46e0-b915-6a5eb6a67f46');
INSERT INTO `fields` (`id`, `groupId`, `name`, `handle`, `context`, `instructions`, `translatable`, `type`, `settings`, `dateCreated`, `dateUpdated`, `uid`) VALUES ('51', NULL, 'First Caption', 'firstCaption', 'matrixBlockType:4', 'This is the caption for the first image.', '0', 'PlainText', '{\"placeholder\":\"\",\"maxLength\":\"100\",\"multiline\":\"\",\"initialRows\":\"4\"}', '2015-05-13 01:56:01', '2015-05-17 19:15:30', 'b5bcf50c-0668-48d6-b6ed-637ff293de81');
INSERT INTO `fields` (`id`, `groupId`, `name`, `handle`, `context`, `instructions`, `translatable`, `type`, `settings`, `dateCreated`, `dateUpdated`, `uid`) VALUES ('52', NULL, 'Second Caption', 'secondCaption', 'matrixBlockType:4', 'This is the caption for the second image.', '0', 'PlainText', '{\"placeholder\":\"\",\"maxLength\":\"100\",\"multiline\":\"\",\"initialRows\":\"4\"}', '2015-05-13 01:56:01', '2015-05-17 19:15:30', 'e762c5b4-9ed0-49ab-94c3-b43e2e7be1bd');
INSERT INTO `fields` (`id`, `groupId`, `name`, `handle`, `context`, `instructions`, `translatable`, `type`, `settings`, `dateCreated`, `dateUpdated`, `uid`) VALUES ('53', NULL, 'Heading', 'heading', 'matrixBlockType:6', 'The heading text.', '0', 'PlainText', '{\"placeholder\":\"\",\"maxLength\":\"30\",\"multiline\":\"1\",\"initialRows\":\"4\"}', '2015-05-14 02:34:15', '2015-05-17 19:15:30', '740d85ea-a813-40d3-8788-b9540dfbbab3');
INSERT INTO `fields` (`id`, `groupId`, `name`, `handle`, `context`, `instructions`, `translatable`, `type`, `settings`, `dateCreated`, `dateUpdated`, `uid`) VALUES ('54', NULL, 'Body', 'body', 'matrixBlockType:6', 'The body text.', '0', 'RichText', '{\"configFile\":\"\",\"cleanupHtml\":\"1\",\"purifyHtml\":\"\",\"columnType\":\"text\"}', '2015-05-14 02:34:15', '2015-05-17 19:15:30', '01411639-3f1f-4b16-a5e8-be6efaf88234');
INSERT INTO `fields` (`id`, `groupId`, `name`, `handle`, `context`, `instructions`, `translatable`, `type`, `settings`, `dateCreated`, `dateUpdated`, `uid`) VALUES ('55', NULL, 'Desktop Screen', 'desktopScreen', 'matrixBlockType:6', 'The desktop screen image.', '0', 'Assets', '{\"useSingleFolder\":\"\",\"sources\":[\"folder:9\"],\"defaultUploadLocationSource\":\"1\",\"defaultUploadLocationSubpath\":\"\",\"singleUploadLocationSource\":\"1\",\"singleUploadLocationSubpath\":\"\",\"restrictFiles\":\"1\",\"allowedKinds\":[\"image\"],\"limit\":\"1\"}', '2015-05-14 02:40:19', '2015-05-17 19:15:30', '872f669e-0101-44e9-8759-f8382d4aa20f');
INSERT INTO `fields` (`id`, `groupId`, `name`, `handle`, `context`, `instructions`, `translatable`, `type`, `settings`, `dateCreated`, `dateUpdated`, `uid`) VALUES ('56', NULL, 'Tablet Screen', 'tabletScreen', 'matrixBlockType:6', 'The tablet screen image.', '0', 'Assets', '{\"useSingleFolder\":\"\",\"sources\":[\"folder:10\"],\"defaultUploadLocationSource\":\"1\",\"defaultUploadLocationSubpath\":\"\",\"singleUploadLocationSource\":\"1\",\"singleUploadLocationSubpath\":\"\",\"restrictFiles\":\"1\",\"allowedKinds\":[\"image\"],\"limit\":\"1\"}', '2015-05-14 02:40:19', '2015-05-17 19:15:30', '36b9b4d2-580a-4c71-b105-3e1cc8b8d6b4');
INSERT INTO `fields` (`id`, `groupId`, `name`, `handle`, `context`, `instructions`, `translatable`, `type`, `settings`, `dateCreated`, `dateUpdated`, `uid`) VALUES ('57', NULL, 'Mobile Screen', 'mobileScreen', 'matrixBlockType:6', 'The mobile screen image.', '0', 'Assets', '{\"useSingleFolder\":\"\",\"sources\":[\"folder:11\"],\"defaultUploadLocationSource\":\"1\",\"defaultUploadLocationSubpath\":\"\",\"singleUploadLocationSource\":\"1\",\"singleUploadLocationSubpath\":\"\",\"restrictFiles\":\"1\",\"allowedKinds\":[\"image\"],\"limit\":\"1\"}', '2015-05-14 02:40:19', '2015-05-17 19:15:30', 'b4189114-601e-40af-9f51-9652d036ecca');
INSERT INTO `fields` (`id`, `groupId`, `name`, `handle`, `context`, `instructions`, `translatable`, `type`, `settings`, `dateCreated`, `dateUpdated`, `uid`) VALUES ('58', '1', 'Color', 'color', 'global', 'The color theme.', '0', 'Dropdown', '{\"options\":[{\"label\":\"Blue\",\"value\":\"blue\",\"default\":\"1\"},{\"label\":\"Green\",\"value\":\"green\",\"default\":\"\"},{\"label\":\"Red\",\"value\":\"red\",\"default\":\"\"},{\"label\":\"Yellow\",\"value\":\"yellow\",\"default\":\"\"}]}', '2015-05-15 05:15:56', '2015-05-15 05:42:30', '85b151ec-ed8c-41b6-895d-81bdbde14282');
INSERT INTO `fields` (`id`, `groupId`, `name`, `handle`, `context`, `instructions`, `translatable`, `type`, `settings`, `dateCreated`, `dateUpdated`, `uid`) VALUES ('61', '4', 'Loop', 'loop', 'global', 'Whether loop or not.', '0', 'Lightswitch', '{\"default\":\"\"}', '2015-05-17 20:20:32', '2015-05-17 20:20:32', '5e7d5370-2fbc-4c3a-adba-f2c1fbc3a21b');
INSERT INTO `fields` (`id`, `groupId`, `name`, `handle`, `context`, `instructions`, `translatable`, `type`, `settings`, `dateCreated`, `dateUpdated`, `uid`) VALUES ('62', '4', 'Video Width', 'videoWidth', 'global', 'The video width in pixels.', '0', 'Number', '{\"min\":\"100\",\"max\":\"\",\"decimals\":\"0\"}', '2015-05-17 20:20:55', '2015-05-17 20:21:14', '48792cca-4006-4530-9020-f16b6fe362be');
INSERT INTO `fields` (`id`, `groupId`, `name`, `handle`, `context`, `instructions`, `translatable`, `type`, `settings`, `dateCreated`, `dateUpdated`, `uid`) VALUES ('63', '4', 'Video Height', 'videoHeight', 'global', 'The video height in pixels.', '0', 'Number', '{\"min\":\"100\",\"max\":\"\",\"decimals\":\"0\"}', '2015-05-17 20:21:27', '2015-05-17 20:21:27', '73575d79-3eac-4e65-a4c5-f3814f9ac7f6');



DROP TABLE IF EXISTS `globalsets`;


--
-- Schema for table `globalsets`
--
CREATE TABLE `globalsets` (
  `id` int(11) NOT NULL,
  `name` varchar(255) COLLATE utf8_unicode_ci NOT NULL,
  `handle` varchar(255) COLLATE utf8_unicode_ci NOT NULL,
  `fieldLayoutId` int(10) DEFAULT NULL,
  `dateCreated` datetime NOT NULL,
  `dateUpdated` datetime NOT NULL,
  `uid` char(36) COLLATE utf8_unicode_ci NOT NULL DEFAULT '0',
  PRIMARY KEY (`id`),
  UNIQUE KEY `globalsets_name_unq_idx` (`name`),
  UNIQUE KEY `globalsets_handle_unq_idx` (`handle`),
  KEY `globalsets_fieldLayoutId_fk` (`fieldLayoutId`)
) ENGINE=InnoDB DEFAULT CHARSET=utf8 COLLATE=utf8_unicode_ci;

--
-- Data for table `globalsets`
--

INSERT INTO `globalsets` (`id`, `name`, `handle`, `fieldLayoutId`, `dateCreated`, `dateUpdated`, `uid`) VALUES ('50', 'Copy', 'copy', '72', '2015-05-07 01:06:40', '2015-05-07 01:18:57', '1856d33e-542f-4722-8b39-014cc6e0fab7');
INSERT INTO `globalsets` (`id`, `name`, `handle`, `fieldLayoutId`, `dateCreated`, `dateUpdated`, `uid`) VALUES ('51', 'Footer', 'footer', '74', '2015-05-08 06:02:44', '2015-05-08 06:04:50', '79f71516-e2c1-4284-a368-13d05cf30d3e');
INSERT INTO `globalsets` (`id`, `name`, `handle`, `fieldLayoutId`, `dateCreated`, `dateUpdated`, `uid`) VALUES ('52', 'Intro', 'intro', '76', '2015-05-10 17:10:44', '2015-05-10 17:13:57', 'd60fda39-e7ae-421e-a139-78a53cb7b46f');
INSERT INTO `globalsets` (`id`, `name`, `handle`, `fieldLayoutId`, `dateCreated`, `dateUpdated`, `uid`) VALUES ('83', 'Contact Form', 'contactForm', '151', '2015-05-16 17:02:24', '2015-05-16 17:02:24', 'd8441667-23ec-43fd-827c-51ca11d268b9');



DROP TABLE IF EXISTS `info`;


--
-- Schema for table `info`
--
CREATE TABLE `info` (
  `id` int(11) NOT NULL AUTO_INCREMENT,
  `version` varchar(15) COLLATE utf8_unicode_ci NOT NULL,
  `build` int(11) unsigned NOT NULL,
  `schemaVersion` varchar(15) COLLATE utf8_unicode_ci NOT NULL,
  `releaseDate` datetime NOT NULL,
  `edition` tinyint(1) unsigned NOT NULL DEFAULT '0',
  `siteName` varchar(100) COLLATE utf8_unicode_ci NOT NULL,
  `siteUrl` varchar(255) COLLATE utf8_unicode_ci NOT NULL,
  `timezone` varchar(30) COLLATE utf8_unicode_ci DEFAULT NULL,
  `on` tinyint(1) unsigned NOT NULL DEFAULT '0',
  `maintenance` tinyint(1) unsigned NOT NULL DEFAULT '0',
  `track` varchar(40) COLLATE utf8_unicode_ci NOT NULL,
  `dateCreated` datetime NOT NULL,
  `dateUpdated` datetime NOT NULL,
  `uid` char(36) COLLATE utf8_unicode_ci NOT NULL DEFAULT '0',
  PRIMARY KEY (`id`)
) ENGINE=InnoDB AUTO_INCREMENT=2 DEFAULT CHARSET=utf8 COLLATE=utf8_unicode_ci;

--
-- Data for table `info`
--

INSERT INTO `info` (`id`, `version`, `build`, `schemaVersion`, `releaseDate`, `edition`, `siteName`, `siteUrl`, `timezone`, `on`, `maintenance`, `track`, `dateCreated`, `dateUpdated`, `uid`) VALUES ('1', '2.3', '2644', '2.3.4', '2015-04-22 20:03:42', '1', 'Grace Experience', 'http://graceux.craft.dev', 'America/New_York', '1', '0', 'stable', '2015-04-26 20:07:20', '2015-04-29 03:41:05', '7ecc7284-40b3-4082-9674-07f5ca96f180');



DROP TABLE IF EXISTS `locales`;


--
-- Schema for table `locales`
--
CREATE TABLE `locales` (
  `locale` char(12) COLLATE utf8_unicode_ci NOT NULL,
  `sortOrder` tinyint(4) DEFAULT NULL,
  `dateCreated` datetime NOT NULL,
  `dateUpdated` datetime NOT NULL,
  `uid` char(36) COLLATE utf8_unicode_ci NOT NULL DEFAULT '0',
  PRIMARY KEY (`locale`),
  KEY `locales_sortOrder_idx` (`sortOrder`)
) ENGINE=InnoDB DEFAULT CHARSET=utf8 COLLATE=utf8_unicode_ci;

--
-- Data for table `locales`
--

INSERT INTO `locales` (`locale`, `sortOrder`, `dateCreated`, `dateUpdated`, `uid`) VALUES ('en_us', '1', '2015-04-26 20:07:21', '2015-04-26 20:07:21', 'ea696e2e-bfa5-425a-9e4c-0f179e756185');



DROP TABLE IF EXISTS `matrixblocks`;


--
-- Schema for table `matrixblocks`
--
CREATE TABLE `matrixblocks` (
  `id` int(11) NOT NULL,
  `ownerId` int(11) NOT NULL,
  `fieldId` int(11) NOT NULL,
  `typeId` int(11) DEFAULT NULL,
  `sortOrder` tinyint(4) DEFAULT NULL,
  `ownerLocale` char(12) COLLATE utf8_unicode_ci DEFAULT NULL,
  `dateCreated` datetime NOT NULL,
  `dateUpdated` datetime NOT NULL,
  `uid` char(36) COLLATE utf8_unicode_ci NOT NULL DEFAULT '0',
  PRIMARY KEY (`id`),
  KEY `matrixblocks_ownerId_idx` (`ownerId`),
  KEY `matrixblocks_fieldId_idx` (`fieldId`),
  KEY `matrixblocks_typeId_idx` (`typeId`),
  KEY `matrixblocks_sortOrder_idx` (`sortOrder`),
  KEY `matrixblocks_ownerLocale_fk` (`ownerLocale`)
) ENGINE=InnoDB DEFAULT CHARSET=utf8 COLLATE=utf8_unicode_ci;

--
-- Data for table `matrixblocks`
--

INSERT INTO `matrixblocks` (`id`, `ownerId`, `fieldId`, `typeId`, `sortOrder`, `ownerLocale`, `dateCreated`, `dateUpdated`, `uid`) VALUES ('13', '12', '25', '2', '1', NULL, '2015-05-06 02:06:59', '2015-05-15 06:24:40', 'cd8aa83f-2165-43dc-b8c0-d27ee8657ec7');
INSERT INTO `matrixblocks` (`id`, `ownerId`, `fieldId`, `typeId`, `sortOrder`, `ownerLocale`, `dateCreated`, `dateUpdated`, `uid`) VALUES ('19', '10', '25', '2', '1', NULL, '2015-05-06 02:29:06', '2015-05-15 05:49:43', '19f15121-5cd1-455e-9f28-3fdd946f490d');
INSERT INTO `matrixblocks` (`id`, `ownerId`, `fieldId`, `typeId`, `sortOrder`, `ownerLocale`, `dateCreated`, `dateUpdated`, `uid`) VALUES ('20', '9', '25', '2', '1', NULL, '2015-05-06 02:30:50', '2015-05-15 05:49:47', '2d0e7930-9047-4ae0-9c2e-6db7d7fb6720');
INSERT INTO `matrixblocks` (`id`, `ownerId`, `fieldId`, `typeId`, `sortOrder`, `ownerLocale`, `dateCreated`, `dateUpdated`, `uid`) VALUES ('21', '6', '25', '2', '1', NULL, '2015-05-06 02:31:29', '2015-05-17 23:29:44', '3b9078eb-e572-47db-9f05-9c6409a9eaa8');
INSERT INTO `matrixblocks` (`id`, `ownerId`, `fieldId`, `typeId`, `sortOrder`, `ownerLocale`, `dateCreated`, `dateUpdated`, `uid`) VALUES ('23', '22', '25', '2', '1', NULL, '2015-05-06 02:40:58', '2015-05-15 06:14:34', '30d9e15a-4419-47d9-919c-e7944f039174');
INSERT INTO `matrixblocks` (`id`, `ownerId`, `fieldId`, `typeId`, `sortOrder`, `ownerLocale`, `dateCreated`, `dateUpdated`, `uid`) VALUES ('25', '24', '25', '2', '1', NULL, '2015-05-06 02:43:23', '2015-05-15 05:49:29', 'c242689c-87ce-4e79-ba7f-2414d60598e6');
INSERT INTO `matrixblocks` (`id`, `ownerId`, `fieldId`, `typeId`, `sortOrder`, `ownerLocale`, `dateCreated`, `dateUpdated`, `uid`) VALUES ('27', '26', '25', '2', '1', NULL, '2015-05-06 02:50:43', '2015-05-15 06:50:44', '5722ebfe-02c5-47be-bf71-5feaa246d4ab');
INSERT INTO `matrixblocks` (`id`, `ownerId`, `fieldId`, `typeId`, `sortOrder`, `ownerLocale`, `dateCreated`, `dateUpdated`, `uid`) VALUES ('29', '28', '25', '2', '1', NULL, '2015-05-06 03:14:49', '2015-05-15 06:31:39', 'c3cee91d-b068-4b76-acb5-f8626a1127db');
INSERT INTO `matrixblocks` (`id`, `ownerId`, `fieldId`, `typeId`, `sortOrder`, `ownerLocale`, `dateCreated`, `dateUpdated`, `uid`) VALUES ('31', '30', '25', '2', '1', NULL, '2015-05-06 03:16:59', '2015-05-15 06:40:28', '4cdf41cf-fa89-478e-bc90-1944cef0c1b5');
INSERT INTO `matrixblocks` (`id`, `ownerId`, `fieldId`, `typeId`, `sortOrder`, `ownerLocale`, `dateCreated`, `dateUpdated`, `uid`) VALUES ('33', '32', '25', '2', '1', NULL, '2015-05-06 03:19:41', '2015-05-15 05:49:10', 'b5904e6c-a664-4fb7-ad0c-4ca956b947d2');
INSERT INTO `matrixblocks` (`id`, `ownerId`, `fieldId`, `typeId`, `sortOrder`, `ownerLocale`, `dateCreated`, `dateUpdated`, `uid`) VALUES ('35', '34', '25', '2', '1', NULL, '2015-05-06 03:22:55', '2015-05-15 07:06:15', 'd24b2e7e-8b30-411b-ab9c-1e0bf5f978ac');
INSERT INTO `matrixblocks` (`id`, `ownerId`, `fieldId`, `typeId`, `sortOrder`, `ownerLocale`, `dateCreated`, `dateUpdated`, `uid`) VALUES ('37', '36', '25', '2', '1', NULL, '2015-05-06 03:24:59', '2015-05-15 05:48:56', '644ac307-57a2-4a34-a055-c7d318ed4cda');
INSERT INTO `matrixblocks` (`id`, `ownerId`, `fieldId`, `typeId`, `sortOrder`, `ownerLocale`, `dateCreated`, `dateUpdated`, `uid`) VALUES ('39', '38', '25', '2', '1', NULL, '2015-05-06 03:35:44', '2015-05-15 05:48:52', '527cc082-0e78-482b-92a2-330a7bd7188b');
INSERT INTO `matrixblocks` (`id`, `ownerId`, `fieldId`, `typeId`, `sortOrder`, `ownerLocale`, `dateCreated`, `dateUpdated`, `uid`) VALUES ('41', '40', '25', '2', '1', NULL, '2015-05-06 03:38:20', '2015-05-15 05:48:45', '7f3efcf1-f2c7-4c06-b74f-0a6c82869085');
INSERT INTO `matrixblocks` (`id`, `ownerId`, `fieldId`, `typeId`, `sortOrder`, `ownerLocale`, `dateCreated`, `dateUpdated`, `uid`) VALUES ('43', '42', '25', '2', '1', NULL, '2015-05-06 03:41:09', '2015-05-15 07:31:16', 'd221925c-1ce9-4a9f-8347-b891c1e8215a');
INSERT INTO `matrixblocks` (`id`, `ownerId`, `fieldId`, `typeId`, `sortOrder`, `ownerLocale`, `dateCreated`, `dateUpdated`, `uid`) VALUES ('45', '44', '25', '2', '1', NULL, '2015-05-06 03:44:04', '2015-05-15 05:48:34', '2dd8768f-e177-44f4-9ae3-1d3acb62bae4');
INSERT INTO `matrixblocks` (`id`, `ownerId`, `fieldId`, `typeId`, `sortOrder`, `ownerLocale`, `dateCreated`, `dateUpdated`, `uid`) VALUES ('47', '46', '25', '2', '1', NULL, '2015-05-06 03:46:09', '2015-05-15 05:48:29', '73ad9b31-4405-4c39-ae65-3dea694dad18');
INSERT INTO `matrixblocks` (`id`, `ownerId`, `fieldId`, `typeId`, `sortOrder`, `ownerLocale`, `dateCreated`, `dateUpdated`, `uid`) VALUES ('49', '48', '25', '2', '1', NULL, '2015-05-06 03:48:04', '2015-05-15 05:47:18', '61060e78-b15f-4dff-a6b5-bac6bc836071');
INSERT INTO `matrixblocks` (`id`, `ownerId`, `fieldId`, `typeId`, `sortOrder`, `ownerLocale`, `dateCreated`, `dateUpdated`, `uid`) VALUES ('55', '6', '39', '5', '1', NULL, '2015-05-12 00:58:31', '2015-05-17 23:29:44', '87f13f51-e7df-4b33-9695-72072ce7812d');
INSERT INTO `matrixblocks` (`id`, `ownerId`, `fieldId`, `typeId`, `sortOrder`, `ownerLocale`, `dateCreated`, `dateUpdated`, `uid`) VALUES ('56', '6', '39', '5', '2', NULL, '2015-05-12 00:58:31', '2015-05-17 23:29:44', '1b4787df-fda9-4b54-83a5-d62831df0e22');
INSERT INTO `matrixblocks` (`id`, `ownerId`, `fieldId`, `typeId`, `sortOrder`, `ownerLocale`, `dateCreated`, `dateUpdated`, `uid`) VALUES ('60', '6', '25', '4', '4', NULL, '2015-05-13 01:53:28', '2015-05-17 23:29:44', 'f8a60746-f12f-4a31-9c45-dd56d5f0e38a');
INSERT INTO `matrixblocks` (`id`, `ownerId`, `fieldId`, `typeId`, `sortOrder`, `ownerLocale`, `dateCreated`, `dateUpdated`, `uid`) VALUES ('61', '6', '25', '2', '2', NULL, '2015-05-13 04:29:48', '2015-05-17 23:29:44', '1649cf13-3601-4cf7-ac13-c3d0013290c9');
INSERT INTO `matrixblocks` (`id`, `ownerId`, `fieldId`, `typeId`, `sortOrder`, `ownerLocale`, `dateCreated`, `dateUpdated`, `uid`) VALUES ('65', '10', '25', '6', '2', NULL, '2015-05-14 03:04:19', '2015-05-15 05:49:43', '553f9c1c-134b-4ac8-8a8a-b0b99c66c3cf');
INSERT INTO `matrixblocks` (`id`, `ownerId`, `fieldId`, `typeId`, `sortOrder`, `ownerLocale`, `dateCreated`, `dateUpdated`, `uid`) VALUES ('68', '6', '25', '2', '3', NULL, '2015-05-15 01:51:35', '2015-05-17 23:29:44', '07e843e6-0102-4f22-b1ec-27035c14dae4');



DROP TABLE IF EXISTS `matrixblocktypes`;


--
-- Schema for table `matrixblocktypes`
--
CREATE TABLE `matrixblocktypes` (
  `id` int(11) NOT NULL AUTO_INCREMENT,
  `fieldId` int(11) NOT NULL,
  `fieldLayoutId` int(11) DEFAULT NULL,
  `name` varchar(255) COLLATE utf8_unicode_ci NOT NULL,
  `handle` varchar(255) COLLATE utf8_unicode_ci NOT NULL,
  `sortOrder` tinyint(4) DEFAULT NULL,
  `dateCreated` datetime NOT NULL,
  `dateUpdated` datetime NOT NULL,
  `uid` char(36) COLLATE utf8_unicode_ci NOT NULL DEFAULT '0',
  PRIMARY KEY (`id`),
  UNIQUE KEY `matrixblocktypes_name_fieldId_unq_idx` (`name`,`fieldId`),
  UNIQUE KEY `matrixblocktypes_handle_fieldId_unq_idx` (`handle`,`fieldId`),
  KEY `matrixblocktypes_fieldId_fk` (`fieldId`),
  KEY `matrixblocktypes_fieldLayoutId_fk` (`fieldLayoutId`)
) ENGINE=InnoDB AUTO_INCREMENT=7 DEFAULT CHARSET=utf8 COLLATE=utf8_unicode_ci;

--
-- Data for table `matrixblocktypes`
--

INSERT INTO `matrixblocktypes` (`id`, `fieldId`, `fieldLayoutId`, `name`, `handle`, `sortOrder`, `dateCreated`, `dateUpdated`, `uid`) VALUES ('1', '4', '11', 'Information Block', 'informationBlock', '1', '2015-04-29 04:07:23', '2015-04-29 04:07:24', '62b55ec7-2937-4b33-b2ee-312c728abf1d');
INSERT INTO `matrixblocktypes` (`id`, `fieldId`, `fieldLayoutId`, `name`, `handle`, `sortOrder`, `dateCreated`, `dateUpdated`, `uid`) VALUES ('2', '25', '153', 'Media Feature', 'mediaFeature', '1', '2015-04-30 05:34:00', '2015-05-17 19:15:29', '0141316f-4821-4769-b44e-8bc07ba5a5e1');
INSERT INTO `matrixblocktypes` (`id`, `fieldId`, `fieldLayoutId`, `name`, `handle`, `sortOrder`, `dateCreated`, `dateUpdated`, `uid`) VALUES ('3', '25', '154', 'Wireframe Feature', 'wireframeFeature', '2', '2015-04-30 05:34:00', '2015-05-17 19:15:30', 'e6301f52-2d87-44eb-b346-c3bd42a06341');
INSERT INTO `matrixblocktypes` (`id`, `fieldId`, `fieldLayoutId`, `name`, `handle`, `sortOrder`, `dateCreated`, `dateUpdated`, `uid`) VALUES ('4', '25', '155', 'Comparison Feature', 'comparisonFeature', '3', '2015-04-30 05:34:01', '2015-05-17 19:15:30', 'bc3c1b7d-9101-45ac-b701-2fc15624e57c');
INSERT INTO `matrixblocktypes` (`id`, `fieldId`, `fieldLayoutId`, `name`, `handle`, `sortOrder`, `dateCreated`, `dateUpdated`, `uid`) VALUES ('5', '39', '86', 'Step', 'step', '1', '2015-04-30 05:42:47', '2015-05-12 00:58:55', 'c6aa26cb-b420-43f2-b3e2-40a31c644eb2');
INSERT INTO `matrixblocktypes` (`id`, `fieldId`, `fieldLayoutId`, `name`, `handle`, `sortOrder`, `dateCreated`, `dateUpdated`, `uid`) VALUES ('6', '25', '156', 'Responsive Feature', 'responsiveFeature', '4', '2015-05-14 02:34:15', '2015-05-17 19:15:30', 'eb3ee0b6-e780-4696-89c6-cd28282ecbfa');



DROP TABLE IF EXISTS `matrixcontent_analysisflow`;


--
-- Schema for table `matrixcontent_analysisflow`
--
CREATE TABLE `matrixcontent_analysisflow` (
  `id` int(11) NOT NULL AUTO_INCREMENT,
  `elementId` int(11) NOT NULL,
  `locale` char(12) COLLATE utf8_unicode_ci NOT NULL,
  `field_step_caption` text COLLATE utf8_unicode_ci,
  `dateCreated` datetime NOT NULL,
  `dateUpdated` datetime NOT NULL,
  `uid` char(36) COLLATE utf8_unicode_ci NOT NULL DEFAULT '0',
  PRIMARY KEY (`id`),
  UNIQUE KEY `matrixcontent_analysisflow_elementId_locale_unq_idx` (`elementId`,`locale`),
  KEY `matrixcontent_analysisflow_locale_fk` (`locale`)
) ENGINE=InnoDB AUTO_INCREMENT=3 DEFAULT CHARSET=utf8 COLLATE=utf8_unicode_ci;

--
-- Data for table `matrixcontent_analysisflow`
--

INSERT INTO `matrixcontent_analysisflow` (`id`, `elementId`, `locale`, `field_step_caption`, `dateCreated`, `dateUpdated`, `uid`) VALUES ('1', '55', 'en_us', 'This is analysis flow 1 caption.', '2015-05-12 00:58:31', '2015-05-17 23:29:44', 'e08ad11b-fdf8-4012-9669-4f56ea8ca603');
INSERT INTO `matrixcontent_analysisflow` (`id`, `elementId`, `locale`, `field_step_caption`, `dateCreated`, `dateUpdated`, `uid`) VALUES ('2', '56', 'en_us', 'This is analysis flow 2 caption.', '2015-05-12 00:58:31', '2015-05-17 23:29:44', '9ff2b626-0a19-4e32-8adb-720e40358afc');



DROP TABLE IF EXISTS `matrixcontent_features`;


--
-- Schema for table `matrixcontent_features`
--
CREATE TABLE `matrixcontent_features` (
  `id` int(11) NOT NULL AUTO_INCREMENT,
  `elementId` int(11) NOT NULL,
  `locale` char(12) COLLATE utf8_unicode_ci NOT NULL,
  `field_mediaFeature_heading` varchar(30) COLLATE utf8_unicode_ci DEFAULT NULL,
  `field_mediaFeature_body` text COLLATE utf8_unicode_ci,
  `field_mediaFeature_layout` varchar(255) COLLATE utf8_unicode_ci DEFAULT 'fluid',
  `field_wireframeFeature_heading` varchar(30) COLLATE utf8_unicode_ci DEFAULT NULL,
  `field_wireframeFeature_body` text COLLATE utf8_unicode_ci,
  `field_wireframeFeature_layout` varchar(255) COLLATE utf8_unicode_ci DEFAULT 'fluid',
  `field_wireframeFeature_annotations` text COLLATE utf8_unicode_ci,
  `field_comparisonFeature_heading` varchar(30) COLLATE utf8_unicode_ci DEFAULT NULL,
  `field_comparisonFeature_body` text COLLATE utf8_unicode_ci,
  `field_comparisonFeature_firstCaption` varchar(100) COLLATE utf8_unicode_ci DEFAULT NULL,
  `field_comparisonFeature_secondCaption` varchar(100) COLLATE utf8_unicode_ci DEFAULT NULL,
  `field_responsiveFeature_heading` varchar(30) COLLATE utf8_unicode_ci DEFAULT NULL,
  `field_responsiveFeature_body` text COLLATE utf8_unicode_ci,
  `dateCreated` datetime NOT NULL,
  `dateUpdated` datetime NOT NULL,
  `uid` char(36) COLLATE utf8_unicode_ci NOT NULL DEFAULT '0',
  PRIMARY KEY (`id`),
  UNIQUE KEY `matrixcontent_features_elementId_locale_unq_idx` (`elementId`,`locale`),
  KEY `matrixcontent_features_locale_idx` (`locale`)
) ENGINE=InnoDB AUTO_INCREMENT=23 DEFAULT CHARSET=utf8 COLLATE=utf8_unicode_ci;

--
-- Data for table `matrixcontent_features`
--

INSERT INTO `matrixcontent_features` (`id`, `elementId`, `locale`, `field_mediaFeature_heading`, `field_mediaFeature_body`, `field_mediaFeature_layout`, `field_wireframeFeature_heading`, `field_wireframeFeature_body`, `field_wireframeFeature_layout`, `field_wireframeFeature_annotations`, `field_comparisonFeature_heading`, `field_comparisonFeature_body`, `field_comparisonFeature_firstCaption`, `field_comparisonFeature_secondCaption`, `field_responsiveFeature_heading`, `field_responsiveFeature_body`, `dateCreated`, `dateUpdated`, `uid`) VALUES ('1', '13', 'en_us', 'This is Feature 1', '<p>This is feature 1 text.</p>', 'fluid', NULL, NULL, NULL, NULL, NULL, NULL, NULL, NULL, NULL, NULL, '2015-05-06 02:06:59', '2015-05-15 06:24:40', '0af48ecb-6f37-4b81-9332-62b7ba2dc043');
INSERT INTO `matrixcontent_features` (`id`, `elementId`, `locale`, `field_mediaFeature_heading`, `field_mediaFeature_body`, `field_mediaFeature_layout`, `field_wireframeFeature_heading`, `field_wireframeFeature_body`, `field_wireframeFeature_layout`, `field_wireframeFeature_annotations`, `field_comparisonFeature_heading`, `field_comparisonFeature_body`, `field_comparisonFeature_firstCaption`, `field_comparisonFeature_secondCaption`, `field_responsiveFeature_heading`, `field_responsiveFeature_body`, `dateCreated`, `dateUpdated`, `uid`) VALUES ('2', '19', 'en_us', 'Feature 1', '<p>This is the feature texts.</p>', 'fluid', NULL, NULL, NULL, NULL, NULL, NULL, NULL, NULL, NULL, NULL, '2015-05-06 02:29:06', '2015-05-15 05:49:43', 'f942dd87-541e-4dac-b851-b101033bb61e');
INSERT INTO `matrixcontent_features` (`id`, `elementId`, `locale`, `field_mediaFeature_heading`, `field_mediaFeature_body`, `field_mediaFeature_layout`, `field_wireframeFeature_heading`, `field_wireframeFeature_body`, `field_wireframeFeature_layout`, `field_wireframeFeature_annotations`, `field_comparisonFeature_heading`, `field_comparisonFeature_body`, `field_comparisonFeature_firstCaption`, `field_comparisonFeature_secondCaption`, `field_responsiveFeature_heading`, `field_responsiveFeature_body`, `dateCreated`, `dateUpdated`, `uid`) VALUES ('3', '20', 'en_us', 'Feature1', '<p>This is feature1 texts.</p>', 'fluid', NULL, NULL, NULL, NULL, NULL, NULL, NULL, NULL, NULL, NULL, '2015-05-06 02:30:50', '2015-05-15 05:49:47', '49d20c9e-8024-4363-9a4e-41187252bb0e');
INSERT INTO `matrixcontent_features` (`id`, `elementId`, `locale`, `field_mediaFeature_heading`, `field_mediaFeature_body`, `field_mediaFeature_layout`, `field_wireframeFeature_heading`, `field_wireframeFeature_body`, `field_wireframeFeature_layout`, `field_wireframeFeature_annotations`, `field_comparisonFeature_heading`, `field_comparisonFeature_body`, `field_comparisonFeature_firstCaption`, `field_comparisonFeature_secondCaption`, `field_responsiveFeature_heading`, `field_responsiveFeature_body`, `dateCreated`, `dateUpdated`, `uid`) VALUES ('4', '21', 'en_us', 'Feature 1', '<p>This is feature 1 texts.</p>', 'fluid', NULL, NULL, NULL, NULL, NULL, NULL, NULL, NULL, NULL, NULL, '2015-05-06 02:31:29', '2015-05-17 23:29:44', 'c27d79e7-653c-4c57-92ee-7cc8ffd1dbce');
INSERT INTO `matrixcontent_features` (`id`, `elementId`, `locale`, `field_mediaFeature_heading`, `field_mediaFeature_body`, `field_mediaFeature_layout`, `field_wireframeFeature_heading`, `field_wireframeFeature_body`, `field_wireframeFeature_layout`, `field_wireframeFeature_annotations`, `field_comparisonFeature_heading`, `field_comparisonFeature_body`, `field_comparisonFeature_firstCaption`, `field_comparisonFeature_secondCaption`, `field_responsiveFeature_heading`, `field_responsiveFeature_body`, `dateCreated`, `dateUpdated`, `uid`) VALUES ('5', '23', 'en_us', 'Feature 1', '<p>This is feature 1 texts.</p>', 'fluid', NULL, NULL, NULL, NULL, NULL, NULL, NULL, NULL, NULL, NULL, '2015-05-06 02:40:58', '2015-05-15 06:14:34', '55debf0f-b3e2-4904-b671-0b7bad2aeb40');
INSERT INTO `matrixcontent_features` (`id`, `elementId`, `locale`, `field_mediaFeature_heading`, `field_mediaFeature_body`, `field_mediaFeature_layout`, `field_wireframeFeature_heading`, `field_wireframeFeature_body`, `field_wireframeFeature_layout`, `field_wireframeFeature_annotations`, `field_comparisonFeature_heading`, `field_comparisonFeature_body`, `field_comparisonFeature_firstCaption`, `field_comparisonFeature_secondCaption`, `field_responsiveFeature_heading`, `field_responsiveFeature_body`, `dateCreated`, `dateUpdated`, `uid`) VALUES ('6', '25', 'en_us', 'Feature 1', '<p>This is feature 1 texts.</p>', 'fluid', NULL, NULL, NULL, NULL, NULL, NULL, NULL, NULL, NULL, NULL, '2015-05-06 02:43:23', '2015-05-15 05:49:29', '540a4b86-79ed-4886-8b38-3a1341acc915');
INSERT INTO `matrixcontent_features` (`id`, `elementId`, `locale`, `field_mediaFeature_heading`, `field_mediaFeature_body`, `field_mediaFeature_layout`, `field_wireframeFeature_heading`, `field_wireframeFeature_body`, `field_wireframeFeature_layout`, `field_wireframeFeature_annotations`, `field_comparisonFeature_heading`, `field_comparisonFeature_body`, `field_comparisonFeature_firstCaption`, `field_comparisonFeature_secondCaption`, `field_responsiveFeature_heading`, `field_responsiveFeature_body`, `dateCreated`, `dateUpdated`, `uid`) VALUES ('7', '27', 'en_us', 'Feature 1', '<p>This is feature 1 texts.</p>', 'fluid', NULL, NULL, NULL, NULL, NULL, NULL, NULL, NULL, NULL, NULL, '2015-05-06 02:50:43', '2015-05-15 06:50:44', '051e8778-3497-4e45-bbe3-a2e51c5b9740');
INSERT INTO `matrixcontent_features` (`id`, `elementId`, `locale`, `field_mediaFeature_heading`, `field_mediaFeature_body`, `field_mediaFeature_layout`, `field_wireframeFeature_heading`, `field_wireframeFeature_body`, `field_wireframeFeature_layout`, `field_wireframeFeature_annotations`, `field_comparisonFeature_heading`, `field_comparisonFeature_body`, `field_comparisonFeature_firstCaption`, `field_comparisonFeature_secondCaption`, `field_responsiveFeature_heading`, `field_responsiveFeature_body`, `dateCreated`, `dateUpdated`, `uid`) VALUES ('8', '29', 'en_us', 'Feature 1', '<p>This is project feature 1 texts.</p>', 'fluid', NULL, NULL, NULL, NULL, NULL, NULL, NULL, NULL, NULL, NULL, '2015-05-06 03:14:49', '2015-05-15 06:31:39', 'b0c89596-d0f7-4368-b6c7-49ab08510e13');
INSERT INTO `matrixcontent_features` (`id`, `elementId`, `locale`, `field_mediaFeature_heading`, `field_mediaFeature_body`, `field_mediaFeature_layout`, `field_wireframeFeature_heading`, `field_wireframeFeature_body`, `field_wireframeFeature_layout`, `field_wireframeFeature_annotations`, `field_comparisonFeature_heading`, `field_comparisonFeature_body`, `field_comparisonFeature_firstCaption`, `field_comparisonFeature_secondCaption`, `field_responsiveFeature_heading`, `field_responsiveFeature_body`, `dateCreated`, `dateUpdated`, `uid`) VALUES ('9', '31', 'en_us', 'Feature 1', '<p>This is feature 1 texts.</p>', 'fluid', NULL, NULL, NULL, NULL, NULL, NULL, NULL, NULL, NULL, NULL, '2015-05-06 03:16:59', '2015-05-15 06:40:28', '7d309e3a-3f73-4fae-8594-fe4559c1a268');
INSERT INTO `matrixcontent_features` (`id`, `elementId`, `locale`, `field_mediaFeature_heading`, `field_mediaFeature_body`, `field_mediaFeature_layout`, `field_wireframeFeature_heading`, `field_wireframeFeature_body`, `field_wireframeFeature_layout`, `field_wireframeFeature_annotations`, `field_comparisonFeature_heading`, `field_comparisonFeature_body`, `field_comparisonFeature_firstCaption`, `field_comparisonFeature_secondCaption`, `field_responsiveFeature_heading`, `field_responsiveFeature_body`, `dateCreated`, `dateUpdated`, `uid`) VALUES ('10', '33', 'en_us', 'Feature 1', '<p>This is feature1 texts.</p>', 'fluid', NULL, NULL, NULL, NULL, NULL, NULL, NULL, NULL, NULL, NULL, '2015-05-06 03:19:41', '2015-05-15 05:49:10', '5300e04b-3bea-4b40-ba17-41f4562b718b');
INSERT INTO `matrixcontent_features` (`id`, `elementId`, `locale`, `field_mediaFeature_heading`, `field_mediaFeature_body`, `field_mediaFeature_layout`, `field_wireframeFeature_heading`, `field_wireframeFeature_body`, `field_wireframeFeature_layout`, `field_wireframeFeature_annotations`, `field_comparisonFeature_heading`, `field_comparisonFeature_body`, `field_comparisonFeature_firstCaption`, `field_comparisonFeature_secondCaption`, `field_responsiveFeature_heading`, `field_responsiveFeature_body`, `dateCreated`, `dateUpdated`, `uid`) VALUES ('11', '35', 'en_us', 'Feature 1', '<p>This is feature 1 texts.</p>', 'fluid', NULL, NULL, NULL, NULL, NULL, NULL, NULL, NULL, NULL, NULL, '2015-05-06 03:22:55', '2015-05-15 07:06:15', 'f15cb2fc-165d-48de-836e-4385136b8997');
INSERT INTO `matrixcontent_features` (`id`, `elementId`, `locale`, `field_mediaFeature_heading`, `field_mediaFeature_body`, `field_mediaFeature_layout`, `field_wireframeFeature_heading`, `field_wireframeFeature_body`, `field_wireframeFeature_layout`, `field_wireframeFeature_annotations`, `field_comparisonFeature_heading`, `field_comparisonFeature_body`, `field_comparisonFeature_firstCaption`, `field_comparisonFeature_secondCaption`, `field_responsiveFeature_heading`, `field_responsiveFeature_body`, `dateCreated`, `dateUpdated`, `uid`) VALUES ('12', '37', 'en_us', 'Feature 1', '<p>This is feature 1 texts.</p>', 'fluid', NULL, NULL, NULL, NULL, NULL, NULL, NULL, NULL, NULL, NULL, '2015-05-06 03:24:59', '2015-05-15 05:48:56', '13f6537b-1d08-44c1-ab07-7684129e6b1f');
INSERT INTO `matrixcontent_features` (`id`, `elementId`, `locale`, `field_mediaFeature_heading`, `field_mediaFeature_body`, `field_mediaFeature_layout`, `field_wireframeFeature_heading`, `field_wireframeFeature_body`, `field_wireframeFeature_layout`, `field_wireframeFeature_annotations`, `field_comparisonFeature_heading`, `field_comparisonFeature_body`, `field_comparisonFeature_firstCaption`, `field_comparisonFeature_secondCaption`, `field_responsiveFeature_heading`, `field_responsiveFeature_body`, `dateCreated`, `dateUpdated`, `uid`) VALUES ('13', '39', 'en_us', 'Feature 1', '<p>This is project feature 1 texts.</p>', 'fluid', NULL, NULL, NULL, NULL, NULL, NULL, NULL, NULL, NULL, NULL, '2015-05-06 03:35:44', '2015-05-15 05:48:52', '2587ca79-7515-47fa-8ad0-4d935373f1f5');
INSERT INTO `matrixcontent_features` (`id`, `elementId`, `locale`, `field_mediaFeature_heading`, `field_mediaFeature_body`, `field_mediaFeature_layout`, `field_wireframeFeature_heading`, `field_wireframeFeature_body`, `field_wireframeFeature_layout`, `field_wireframeFeature_annotations`, `field_comparisonFeature_heading`, `field_comparisonFeature_body`, `field_comparisonFeature_firstCaption`, `field_comparisonFeature_secondCaption`, `field_responsiveFeature_heading`, `field_responsiveFeature_body`, `dateCreated`, `dateUpdated`, `uid`) VALUES ('14', '41', 'en_us', 'Feature 1', '<p>This is feature 1 texts.</p>', 'fluid', NULL, NULL, NULL, NULL, NULL, NULL, NULL, NULL, NULL, NULL, '2015-05-06 03:38:20', '2015-05-15 05:48:45', 'a041d2e4-89e0-4afd-808b-7d6fa3ce8b9c');
INSERT INTO `matrixcontent_features` (`id`, `elementId`, `locale`, `field_mediaFeature_heading`, `field_mediaFeature_body`, `field_mediaFeature_layout`, `field_wireframeFeature_heading`, `field_wireframeFeature_body`, `field_wireframeFeature_layout`, `field_wireframeFeature_annotations`, `field_comparisonFeature_heading`, `field_comparisonFeature_body`, `field_comparisonFeature_firstCaption`, `field_comparisonFeature_secondCaption`, `field_responsiveFeature_heading`, `field_responsiveFeature_body`, `dateCreated`, `dateUpdated`, `uid`) VALUES ('15', '43', 'en_us', 'Feature 1', '<p>This is feature 1 texts.</p>', 'fluid', NULL, NULL, NULL, NULL, NULL, NULL, NULL, NULL, NULL, NULL, '2015-05-06 03:41:09', '2015-05-15 07:31:16', '8a792cb5-387a-4074-a458-c6a0035797b3');
INSERT INTO `matrixcontent_features` (`id`, `elementId`, `locale`, `field_mediaFeature_heading`, `field_mediaFeature_body`, `field_mediaFeature_layout`, `field_wireframeFeature_heading`, `field_wireframeFeature_body`, `field_wireframeFeature_layout`, `field_wireframeFeature_annotations`, `field_comparisonFeature_heading`, `field_comparisonFeature_body`, `field_comparisonFeature_firstCaption`, `field_comparisonFeature_secondCaption`, `field_responsiveFeature_heading`, `field_responsiveFeature_body`, `dateCreated`, `dateUpdated`, `uid`) VALUES ('16', '45', 'en_us', 'Feature 1', '<p>This is feature 1 texts.</p>', 'fluid', NULL, NULL, NULL, NULL, NULL, NULL, NULL, NULL, NULL, NULL, '2015-05-06 03:44:04', '2015-05-15 05:48:34', '5da3afc8-3c69-460c-aec1-fa80526390ff');
INSERT INTO `matrixcontent_features` (`id`, `elementId`, `locale`, `field_mediaFeature_heading`, `field_mediaFeature_body`, `field_mediaFeature_layout`, `field_wireframeFeature_heading`, `field_wireframeFeature_body`, `field_wireframeFeature_layout`, `field_wireframeFeature_annotations`, `field_comparisonFeature_heading`, `field_comparisonFeature_body`, `field_comparisonFeature_firstCaption`, `field_comparisonFeature_secondCaption`, `field_responsiveFeature_heading`, `field_responsiveFeature_body`, `dateCreated`, `dateUpdated`, `uid`) VALUES ('17', '47', 'en_us', 'Feature 1', '<p>This is feature 1 texts.</p>', 'fluid', NULL, NULL, NULL, NULL, NULL, NULL, NULL, NULL, NULL, NULL, '2015-05-06 03:46:09', '2015-05-15 05:48:29', 'baed9c6d-e80b-4791-ab7e-8f45e0c37925');
INSERT INTO `matrixcontent_features` (`id`, `elementId`, `locale`, `field_mediaFeature_heading`, `field_mediaFeature_body`, `field_mediaFeature_layout`, `field_wireframeFeature_heading`, `field_wireframeFeature_body`, `field_wireframeFeature_layout`, `field_wireframeFeature_annotations`, `field_comparisonFeature_heading`, `field_comparisonFeature_body`, `field_comparisonFeature_firstCaption`, `field_comparisonFeature_secondCaption`, `field_responsiveFeature_heading`, `field_responsiveFeature_body`, `dateCreated`, `dateUpdated`, `uid`) VALUES ('18', '49', 'en_us', 'Feature 1', '<p>This is the feature 1 texts.</p>', 'fluid', NULL, NULL, NULL, NULL, NULL, NULL, NULL, NULL, NULL, NULL, '2015-05-06 03:48:04', '2015-05-15 05:47:18', '1f7926e3-9967-40c7-96b9-a1b5e0d8815a');
INSERT INTO `matrixcontent_features` (`id`, `elementId`, `locale`, `field_mediaFeature_heading`, `field_mediaFeature_body`, `field_mediaFeature_layout`, `field_wireframeFeature_heading`, `field_wireframeFeature_body`, `field_wireframeFeature_layout`, `field_wireframeFeature_annotations`, `field_comparisonFeature_heading`, `field_comparisonFeature_body`, `field_comparisonFeature_firstCaption`, `field_comparisonFeature_secondCaption`, `field_responsiveFeature_heading`, `field_responsiveFeature_body`, `dateCreated`, `dateUpdated`, `uid`) VALUES ('19', '60', 'en_us', NULL, NULL, NULL, NULL, NULL, NULL, NULL, 'This is a comparison', '<p>This is the comparison text.</p>', 'Before', 'After', NULL, NULL, '2015-05-13 01:53:28', '2015-05-17 23:29:44', '6d4fe0ca-1880-482c-a38f-7467f25d5277');
INSERT INTO `matrixcontent_features` (`id`, `elementId`, `locale`, `field_mediaFeature_heading`, `field_mediaFeature_body`, `field_mediaFeature_layout`, `field_wireframeFeature_heading`, `field_wireframeFeature_body`, `field_wireframeFeature_layout`, `field_wireframeFeature_annotations`, `field_comparisonFeature_heading`, `field_comparisonFeature_body`, `field_comparisonFeature_firstCaption`, `field_comparisonFeature_secondCaption`, `field_responsiveFeature_heading`, `field_responsiveFeature_body`, `dateCreated`, `dateUpdated`, `uid`) VALUES ('20', '61', 'en_us', 'Feature 2\r\nis very amazing', '<p>This is feature 2 text.</p>', 'fluid', NULL, NULL, NULL, NULL, NULL, NULL, NULL, NULL, NULL, NULL, '2015-05-13 04:29:48', '2015-05-17 23:29:44', 'e640169e-3a44-4bc9-ae46-ae12bccfc537');
INSERT INTO `matrixcontent_features` (`id`, `elementId`, `locale`, `field_mediaFeature_heading`, `field_mediaFeature_body`, `field_mediaFeature_layout`, `field_wireframeFeature_heading`, `field_wireframeFeature_body`, `field_wireframeFeature_layout`, `field_wireframeFeature_annotations`, `field_comparisonFeature_heading`, `field_comparisonFeature_body`, `field_comparisonFeature_firstCaption`, `field_comparisonFeature_secondCaption`, `field_responsiveFeature_heading`, `field_responsiveFeature_body`, `dateCreated`, `dateUpdated`, `uid`) VALUES ('21', '65', 'en_us', NULL, NULL, NULL, NULL, NULL, NULL, NULL, NULL, NULL, NULL, NULL, 'Responsive Design', '<p>This is the text content for responsive design feature. This is the text content for responsive design feature. This is the text content for responsive design feature. This is the text content for responsive design feature.</p>', '2015-05-14 03:04:19', '2015-05-15 05:49:43', '85535a87-ed10-4bd2-8424-8a0745f003b7');
INSERT INTO `matrixcontent_features` (`id`, `elementId`, `locale`, `field_mediaFeature_heading`, `field_mediaFeature_body`, `field_mediaFeature_layout`, `field_wireframeFeature_heading`, `field_wireframeFeature_body`, `field_wireframeFeature_layout`, `field_wireframeFeature_annotations`, `field_comparisonFeature_heading`, `field_comparisonFeature_body`, `field_comparisonFeature_firstCaption`, `field_comparisonFeature_secondCaption`, `field_responsiveFeature_heading`, `field_responsiveFeature_body`, `dateCreated`, `dateUpdated`, `uid`) VALUES ('22', '68', 'en_us', 'Feature 3', '<p>This is feature 3 text.</p>', 'fluid', NULL, NULL, NULL, NULL, NULL, NULL, NULL, NULL, NULL, NULL, '2015-05-15 01:51:35', '2015-05-17 23:29:44', 'ec7d0a55-e5bb-484e-a939-485540961f73');



DROP TABLE IF EXISTS `matrixcontent_information`;


--
-- Schema for table `matrixcontent_information`
--
CREATE TABLE `matrixcontent_information` (
  `id` int(11) NOT NULL AUTO_INCREMENT,
  `elementId` int(11) NOT NULL,
  `locale` char(12) COLLATE utf8_unicode_ci NOT NULL,
  `field_informationBlock_year` smallint(4) unsigned DEFAULT '0',
  `field_informationBlock_client` text COLLATE utf8_unicode_ci,
  `field_informationBlock_clientUrl` text COLLATE utf8_unicode_ci,
  `field_informationBlock_tools` varchar(255) COLLATE utf8_unicode_ci DEFAULT NULL,
  `dateCreated` datetime NOT NULL,
  `dateUpdated` datetime NOT NULL,
  `uid` char(36) COLLATE utf8_unicode_ci NOT NULL DEFAULT '0',
  PRIMARY KEY (`id`),
  UNIQUE KEY `matrixcontent_information_elementId_locale_unq_idx` (`elementId`,`locale`),
  KEY `matrixcontent_information_locale_fk` (`locale`)
) ENGINE=InnoDB DEFAULT CHARSET=utf8 COLLATE=utf8_unicode_ci;

DROP TABLE IF EXISTS `migrations`;


--
-- Schema for table `migrations`
--
CREATE TABLE `migrations` (
  `id` int(11) NOT NULL AUTO_INCREMENT,
  `pluginId` int(11) DEFAULT NULL,
  `version` varchar(255) COLLATE utf8_unicode_ci NOT NULL,
  `applyTime` datetime NOT NULL,
  `dateCreated` datetime NOT NULL,
  `dateUpdated` datetime NOT NULL,
  `uid` char(36) COLLATE utf8_unicode_ci NOT NULL DEFAULT '0',
  PRIMARY KEY (`id`),
  UNIQUE KEY `migrations_version_unq_idx` (`version`),
  KEY `migrations_pluginId_fk` (`pluginId`)
) ENGINE=InnoDB AUTO_INCREMENT=16 DEFAULT CHARSET=utf8 COLLATE=utf8_unicode_ci;

--
-- Data for table `migrations`
--

INSERT INTO `migrations` (`id`, `pluginId`, `version`, `applyTime`, `dateCreated`, `dateUpdated`, `uid`) VALUES ('1', NULL, 'm000000_000000_base', '2015-04-26 20:07:21', '2015-04-26 20:07:21', '2015-04-26 20:07:21', 'dbd2333e-8740-458c-bf24-d5ac89f824f7');
INSERT INTO `migrations` (`id`, `pluginId`, `version`, `applyTime`, `dateCreated`, `dateUpdated`, `uid`) VALUES ('2', NULL, 'm140730_000001_add_filename_and_format_to_transformindex', '2015-04-26 20:07:21', '2015-04-26 20:07:21', '2015-04-26 20:07:21', '8e396360-9271-4651-a49b-5a6153b30424');
INSERT INTO `migrations` (`id`, `pluginId`, `version`, `applyTime`, `dateCreated`, `dateUpdated`, `uid`) VALUES ('3', NULL, 'm140815_000001_add_format_to_transforms', '2015-04-26 20:07:21', '2015-04-26 20:07:21', '2015-04-26 20:07:21', '938f4290-28b3-4300-a569-d2762a28402b');
INSERT INTO `migrations` (`id`, `pluginId`, `version`, `applyTime`, `dateCreated`, `dateUpdated`, `uid`) VALUES ('4', NULL, 'm140822_000001_allow_more_than_128_items_per_field', '2015-04-26 20:07:21', '2015-04-26 20:07:21', '2015-04-26 20:07:21', '3ed1e5a0-2cf3-47f0-96c1-79b388b734a3');
INSERT INTO `migrations` (`id`, `pluginId`, `version`, `applyTime`, `dateCreated`, `dateUpdated`, `uid`) VALUES ('5', NULL, 'm140829_000001_single_title_formats', '2015-04-26 20:07:21', '2015-04-26 20:07:21', '2015-04-26 20:07:21', '1ab88a1e-0212-4535-abfe-96ff3446cb9c');
INSERT INTO `migrations` (`id`, `pluginId`, `version`, `applyTime`, `dateCreated`, `dateUpdated`, `uid`) VALUES ('6', NULL, 'm140831_000001_extended_cache_keys', '2015-04-26 20:07:21', '2015-04-26 20:07:21', '2015-04-26 20:07:21', '8c32ecc8-ea39-42ca-825d-2f37fc84a356');
INSERT INTO `migrations` (`id`, `pluginId`, `version`, `applyTime`, `dateCreated`, `dateUpdated`, `uid`) VALUES ('7', NULL, 'm140922_000001_delete_orphaned_matrix_blocks', '2015-04-26 20:07:21', '2015-04-26 20:07:21', '2015-04-26 20:07:21', 'fb7a58d6-5741-46a5-800f-6b5992435606');
INSERT INTO `migrations` (`id`, `pluginId`, `version`, `applyTime`, `dateCreated`, `dateUpdated`, `uid`) VALUES ('8', NULL, 'm141008_000001_elements_index_tune', '2015-04-26 20:07:21', '2015-04-26 20:07:21', '2015-04-26 20:07:21', '26aab2c6-b9fa-4adc-89bc-79d40eb0ec2b');
INSERT INTO `migrations` (`id`, `pluginId`, `version`, `applyTime`, `dateCreated`, `dateUpdated`, `uid`) VALUES ('9', NULL, 'm141009_000001_assets_source_handle', '2015-04-26 20:07:21', '2015-04-26 20:07:21', '2015-04-26 20:07:21', '2423f381-e5e3-4e92-85c8-e47c18cca4a1');
INSERT INTO `migrations` (`id`, `pluginId`, `version`, `applyTime`, `dateCreated`, `dateUpdated`, `uid`) VALUES ('10', NULL, 'm141024_000001_field_layout_tabs', '2015-04-26 20:07:21', '2015-04-26 20:07:21', '2015-04-26 20:07:21', '2018d236-1e57-4e97-887f-c41da4dd814a');
INSERT INTO `migrations` (`id`, `pluginId`, `version`, `applyTime`, `dateCreated`, `dateUpdated`, `uid`) VALUES ('11', NULL, 'm141030_000001_drop_structure_move_permission', '2015-04-26 20:07:21', '2015-04-26 20:07:21', '2015-04-26 20:07:21', '458c028d-08a7-4159-bd6b-c911e0fa214f');
INSERT INTO `migrations` (`id`, `pluginId`, `version`, `applyTime`, `dateCreated`, `dateUpdated`, `uid`) VALUES ('12', NULL, 'm141103_000001_tag_titles', '2015-04-26 20:07:21', '2015-04-26 20:07:21', '2015-04-26 20:07:21', '6e001b34-2c24-40c7-8cd0-949785ab7c0e');
INSERT INTO `migrations` (`id`, `pluginId`, `version`, `applyTime`, `dateCreated`, `dateUpdated`, `uid`) VALUES ('13', NULL, 'm141109_000001_user_status_shuffle', '2015-04-26 20:07:21', '2015-04-26 20:07:21', '2015-04-26 20:07:21', 'eade170f-04ca-4ae7-84bb-d819491d58be');
INSERT INTO `migrations` (`id`, `pluginId`, `version`, `applyTime`, `dateCreated`, `dateUpdated`, `uid`) VALUES ('14', NULL, 'm141126_000001_user_week_start_day', '2015-04-26 20:07:21', '2015-04-26 20:07:21', '2015-04-26 20:07:21', 'cf05e219-ed26-455a-a5db-929f6208a288');
INSERT INTO `migrations` (`id`, `pluginId`, `version`, `applyTime`, `dateCreated`, `dateUpdated`, `uid`) VALUES ('15', NULL, 'm150210_000001_adjust_user_photo_size', '2015-04-26 20:07:21', '2015-04-26 20:07:21', '2015-04-26 20:07:21', '17730f5a-b90b-453b-99f2-3eafe05065be');



DROP TABLE IF EXISTS `plugins`;


--
-- Schema for table `plugins`
--
CREATE TABLE `plugins` (
  `id` int(11) NOT NULL AUTO_INCREMENT,
  `class` varchar(150) COLLATE utf8_unicode_ci NOT NULL,
  `version` char(15) COLLATE utf8_unicode_ci NOT NULL,
  `enabled` tinyint(1) unsigned NOT NULL DEFAULT '0',
  `settings` text COLLATE utf8_unicode_ci,
  `installDate` datetime NOT NULL,
  `dateCreated` datetime NOT NULL,
  `dateUpdated` datetime NOT NULL,
  `uid` char(36) COLLATE utf8_unicode_ci NOT NULL DEFAULT '0',
  PRIMARY KEY (`id`)
) ENGINE=InnoDB AUTO_INCREMENT=3 DEFAULT CHARSET=utf8 COLLATE=utf8_unicode_ci;

--
-- Data for table `plugins`
--

INSERT INTO `plugins` (`id`, `class`, `version`, `enabled`, `settings`, `installDate`, `dateCreated`, `dateUpdated`, `uid`) VALUES ('2', 'ContactForm', '1.4', '1', '{\"toEmail\":\"joeonmars@gmail.com\",\"prependSender\":\"Website visitor\",\"prependSubject\":\"New message from Grace Experience\",\"allowAttachments\":\"\",\"honeypotField\":\"honeypot\"}', '2015-04-30 04:33:31', '2015-04-30 04:33:31', '2015-05-16 16:46:49', 'f0e32434-533e-4433-893f-7f5c7ad25bc7');



DROP TABLE IF EXISTS `rackspaceaccess`;


--
-- Schema for table `rackspaceaccess`
--
CREATE TABLE `rackspaceaccess` (
  `id` int(11) NOT NULL AUTO_INCREMENT,
  `connectionKey` varchar(255) COLLATE utf8_unicode_ci NOT NULL,
  `token` varchar(255) COLLATE utf8_unicode_ci NOT NULL,
  `storageUrl` varchar(255) COLLATE utf8_unicode_ci NOT NULL,
  `cdnUrl` varchar(255) COLLATE utf8_unicode_ci NOT NULL,
  `dateCreated` datetime NOT NULL,
  `dateUpdated` datetime NOT NULL,
  `uid` char(36) COLLATE utf8_unicode_ci NOT NULL DEFAULT '0',
  PRIMARY KEY (`id`),
  UNIQUE KEY `rackspaceaccess_connectionKey_unq_idx` (`connectionKey`)
) ENGINE=InnoDB DEFAULT CHARSET=utf8 COLLATE=utf8_unicode_ci;

DROP TABLE IF EXISTS `relations`;


--
-- Schema for table `relations`
--
CREATE TABLE `relations` (
  `id` int(11) NOT NULL AUTO_INCREMENT,
  `fieldId` int(11) NOT NULL,
  `sourceId` int(11) NOT NULL,
  `sourceLocale` char(12) COLLATE utf8_unicode_ci DEFAULT NULL,
  `targetId` int(11) NOT NULL,
  `sortOrder` smallint(6) DEFAULT NULL,
  `dateCreated` datetime NOT NULL,
  `dateUpdated` datetime NOT NULL,
  `uid` char(36) COLLATE utf8_unicode_ci NOT NULL DEFAULT '0',
  PRIMARY KEY (`id`),
  UNIQUE KEY `relations_fieldId_sourceId_sourceLocale_targetId_unq_idx` (`fieldId`,`sourceId`,`sourceLocale`,`targetId`),
  KEY `relations_sourceId_fk` (`sourceId`),
  KEY `relations_sourceLocale_fk` (`sourceLocale`),
  KEY `relations_targetId_fk` (`targetId`)
) ENGINE=InnoDB AUTO_INCREMENT=586 DEFAULT CHARSET=utf8 COLLATE=utf8_unicode_ci;

--
-- Data for table `relations`
--

INSERT INTO `relations` (`id`, `fieldId`, `sourceId`, `sourceLocale`, `targetId`, `sortOrder`, `dateCreated`, `dateUpdated`, `uid`) VALUES ('123', '48', '53', NULL, '38', '1', '2015-05-10 19:08:32', '2015-05-10 19:08:32', '1f0112e6-0d1f-4783-b1cc-2c742c9dd6f5');
INSERT INTO `relations` (`id`, `fieldId`, `sourceId`, `sourceLocale`, `targetId`, `sortOrder`, `dateCreated`, `dateUpdated`, `uid`) VALUES ('350', '13', '48', NULL, '8', '1', '2015-05-15 05:47:18', '2015-05-15 05:47:18', '3d437bbc-3f81-43fa-a833-40b522b01197');
INSERT INTO `relations` (`id`, `fieldId`, `sourceId`, `sourceLocale`, `targetId`, `sortOrder`, `dateCreated`, `dateUpdated`, `uid`) VALUES ('351', '28', '49', NULL, '15', '1', '2015-05-15 05:47:18', '2015-05-15 05:47:18', '2b9907b5-28c4-45c3-82ee-0fcccf3a32e4');
INSERT INTO `relations` (`id`, `fieldId`, `sourceId`, `sourceLocale`, `targetId`, `sortOrder`, `dateCreated`, `dateUpdated`, `uid`) VALUES ('352', '42', '48', NULL, '17', '1', '2015-05-15 05:47:18', '2015-05-15 05:47:18', 'e51a2998-9b2e-4301-9469-e41d621a9874');
INSERT INTO `relations` (`id`, `fieldId`, `sourceId`, `sourceLocale`, `targetId`, `sortOrder`, `dateCreated`, `dateUpdated`, `uid`) VALUES ('353', '44', '48', NULL, '16', '1', '2015-05-15 05:47:18', '2015-05-15 05:47:18', 'd6d4b38f-4f21-453e-874b-727b28a65bfd');
INSERT INTO `relations` (`id`, `fieldId`, `sourceId`, `sourceLocale`, `targetId`, `sortOrder`, `dateCreated`, `dateUpdated`, `uid`) VALUES ('354', '43', '48', NULL, '18', '1', '2015-05-15 05:47:18', '2015-05-15 05:47:18', '70e02650-9583-4da1-9060-2cc581667062');
INSERT INTO `relations` (`id`, `fieldId`, `sourceId`, `sourceLocale`, `targetId`, `sortOrder`, `dateCreated`, `dateUpdated`, `uid`) VALUES ('375', '13', '46', NULL, '8', '1', '2015-05-15 05:48:29', '2015-05-15 05:48:29', '088e9944-b065-4719-8268-8ee78e0560be');
INSERT INTO `relations` (`id`, `fieldId`, `sourceId`, `sourceLocale`, `targetId`, `sortOrder`, `dateCreated`, `dateUpdated`, `uid`) VALUES ('376', '28', '47', NULL, '15', '1', '2015-05-15 05:48:29', '2015-05-15 05:48:29', '29cfc5ae-1e81-4ebe-97af-5b230ae6bca3');
INSERT INTO `relations` (`id`, `fieldId`, `sourceId`, `sourceLocale`, `targetId`, `sortOrder`, `dateCreated`, `dateUpdated`, `uid`) VALUES ('377', '42', '46', NULL, '17', '1', '2015-05-15 05:48:29', '2015-05-15 05:48:29', '8f7dfdfb-2f44-4877-ad36-759e50f8abd3');
INSERT INTO `relations` (`id`, `fieldId`, `sourceId`, `sourceLocale`, `targetId`, `sortOrder`, `dateCreated`, `dateUpdated`, `uid`) VALUES ('378', '44', '46', NULL, '16', '1', '2015-05-15 05:48:29', '2015-05-15 05:48:29', '09a7ef8e-9265-4e49-b784-4939fe55e288');
INSERT INTO `relations` (`id`, `fieldId`, `sourceId`, `sourceLocale`, `targetId`, `sortOrder`, `dateCreated`, `dateUpdated`, `uid`) VALUES ('379', '43', '46', NULL, '18', '1', '2015-05-15 05:48:29', '2015-05-15 05:48:29', 'a8d6ee66-f162-4814-9b15-67e099d05a69');
INSERT INTO `relations` (`id`, `fieldId`, `sourceId`, `sourceLocale`, `targetId`, `sortOrder`, `dateCreated`, `dateUpdated`, `uid`) VALUES ('380', '13', '44', NULL, '8', '1', '2015-05-15 05:48:34', '2015-05-15 05:48:34', 'ed1b2feb-1176-4e24-926c-e7fabf2ce65a');
INSERT INTO `relations` (`id`, `fieldId`, `sourceId`, `sourceLocale`, `targetId`, `sortOrder`, `dateCreated`, `dateUpdated`, `uid`) VALUES ('381', '28', '45', NULL, '15', '1', '2015-05-15 05:48:34', '2015-05-15 05:48:34', '1d349e15-a9cf-424a-b72d-945a17c53eef');
INSERT INTO `relations` (`id`, `fieldId`, `sourceId`, `sourceLocale`, `targetId`, `sortOrder`, `dateCreated`, `dateUpdated`, `uid`) VALUES ('382', '42', '44', NULL, '17', '1', '2015-05-15 05:48:34', '2015-05-15 05:48:34', '0df6d8b3-9bd8-49db-96ad-39b9ef2ffc47');
INSERT INTO `relations` (`id`, `fieldId`, `sourceId`, `sourceLocale`, `targetId`, `sortOrder`, `dateCreated`, `dateUpdated`, `uid`) VALUES ('383', '44', '44', NULL, '16', '1', '2015-05-15 05:48:34', '2015-05-15 05:48:34', 'a31fa81e-3b8a-4635-b190-87a329b39a03');
INSERT INTO `relations` (`id`, `fieldId`, `sourceId`, `sourceLocale`, `targetId`, `sortOrder`, `dateCreated`, `dateUpdated`, `uid`) VALUES ('384', '43', '44', NULL, '18', '1', '2015-05-15 05:48:34', '2015-05-15 05:48:34', '2b6875a5-3664-4eb2-8d35-5a261a02b383');
INSERT INTO `relations` (`id`, `fieldId`, `sourceId`, `sourceLocale`, `targetId`, `sortOrder`, `dateCreated`, `dateUpdated`, `uid`) VALUES ('390', '13', '40', NULL, '8', '1', '2015-05-15 05:48:45', '2015-05-15 05:48:45', 'a50d5745-e346-4b8a-a64f-965150ce908e');
INSERT INTO `relations` (`id`, `fieldId`, `sourceId`, `sourceLocale`, `targetId`, `sortOrder`, `dateCreated`, `dateUpdated`, `uid`) VALUES ('391', '28', '41', NULL, '15', '1', '2015-05-15 05:48:45', '2015-05-15 05:48:45', '1ff8ec09-8817-47e3-911a-a06ae5e3f477');
INSERT INTO `relations` (`id`, `fieldId`, `sourceId`, `sourceLocale`, `targetId`, `sortOrder`, `dateCreated`, `dateUpdated`, `uid`) VALUES ('392', '42', '40', NULL, '17', '1', '2015-05-15 05:48:45', '2015-05-15 05:48:45', '02a877e1-d932-40c1-aa79-9762c1fc9fb9');
INSERT INTO `relations` (`id`, `fieldId`, `sourceId`, `sourceLocale`, `targetId`, `sortOrder`, `dateCreated`, `dateUpdated`, `uid`) VALUES ('393', '44', '40', NULL, '16', '1', '2015-05-15 05:48:45', '2015-05-15 05:48:45', 'f252d692-50de-4d65-8cea-d733c0eaf074');
INSERT INTO `relations` (`id`, `fieldId`, `sourceId`, `sourceLocale`, `targetId`, `sortOrder`, `dateCreated`, `dateUpdated`, `uid`) VALUES ('394', '43', '40', NULL, '18', '1', '2015-05-15 05:48:45', '2015-05-15 05:48:45', '4df88553-10ce-4f29-9a4b-f7522d77c578');
INSERT INTO `relations` (`id`, `fieldId`, `sourceId`, `sourceLocale`, `targetId`, `sortOrder`, `dateCreated`, `dateUpdated`, `uid`) VALUES ('395', '13', '38', NULL, '8', '1', '2015-05-15 05:48:52', '2015-05-15 05:48:52', '8aeafed6-f6e1-48d0-afee-175c3dd341ac');
INSERT INTO `relations` (`id`, `fieldId`, `sourceId`, `sourceLocale`, `targetId`, `sortOrder`, `dateCreated`, `dateUpdated`, `uid`) VALUES ('396', '28', '39', NULL, '15', '1', '2015-05-15 05:48:52', '2015-05-15 05:48:52', 'a3c8442f-9adc-4cbf-8260-eeb6b284473b');
INSERT INTO `relations` (`id`, `fieldId`, `sourceId`, `sourceLocale`, `targetId`, `sortOrder`, `dateCreated`, `dateUpdated`, `uid`) VALUES ('397', '42', '38', NULL, '17', '1', '2015-05-15 05:48:52', '2015-05-15 05:48:52', '595da94a-e024-4b3c-8a56-baf42e5cb996');
INSERT INTO `relations` (`id`, `fieldId`, `sourceId`, `sourceLocale`, `targetId`, `sortOrder`, `dateCreated`, `dateUpdated`, `uid`) VALUES ('398', '44', '38', NULL, '16', '1', '2015-05-15 05:48:52', '2015-05-15 05:48:52', '8dc06599-aa9a-4d72-a769-5e30fb89f085');
INSERT INTO `relations` (`id`, `fieldId`, `sourceId`, `sourceLocale`, `targetId`, `sortOrder`, `dateCreated`, `dateUpdated`, `uid`) VALUES ('399', '43', '38', NULL, '18', '1', '2015-05-15 05:48:52', '2015-05-15 05:48:52', '65372030-9f41-484d-960d-6cbdd64f574b');
INSERT INTO `relations` (`id`, `fieldId`, `sourceId`, `sourceLocale`, `targetId`, `sortOrder`, `dateCreated`, `dateUpdated`, `uid`) VALUES ('400', '13', '36', NULL, '8', '1', '2015-05-15 05:48:56', '2015-05-15 05:48:56', 'b5044391-8a67-4232-bb9d-df2206b160cf');
INSERT INTO `relations` (`id`, `fieldId`, `sourceId`, `sourceLocale`, `targetId`, `sortOrder`, `dateCreated`, `dateUpdated`, `uid`) VALUES ('401', '28', '37', NULL, '15', '1', '2015-05-15 05:48:56', '2015-05-15 05:48:56', '04d048d6-afa2-4994-bb94-8d0c9920b359');
INSERT INTO `relations` (`id`, `fieldId`, `sourceId`, `sourceLocale`, `targetId`, `sortOrder`, `dateCreated`, `dateUpdated`, `uid`) VALUES ('402', '42', '36', NULL, '17', '1', '2015-05-15 05:48:56', '2015-05-15 05:48:56', 'ec6d1a84-8a37-40e3-b5ec-e72547254dd4');
INSERT INTO `relations` (`id`, `fieldId`, `sourceId`, `sourceLocale`, `targetId`, `sortOrder`, `dateCreated`, `dateUpdated`, `uid`) VALUES ('403', '44', '36', NULL, '16', '1', '2015-05-15 05:48:56', '2015-05-15 05:48:56', '227253a1-6a2f-424e-8e03-66c5d52e3170');
INSERT INTO `relations` (`id`, `fieldId`, `sourceId`, `sourceLocale`, `targetId`, `sortOrder`, `dateCreated`, `dateUpdated`, `uid`) VALUES ('404', '43', '36', NULL, '18', '1', '2015-05-15 05:48:56', '2015-05-15 05:48:56', 'd811c636-948c-4292-b33c-b38b58612526');
INSERT INTO `relations` (`id`, `fieldId`, `sourceId`, `sourceLocale`, `targetId`, `sortOrder`, `dateCreated`, `dateUpdated`, `uid`) VALUES ('410', '13', '32', NULL, '7', '1', '2015-05-15 05:49:10', '2015-05-15 05:49:10', '4e61492a-3b11-425e-819e-3170d94f74db');
INSERT INTO `relations` (`id`, `fieldId`, `sourceId`, `sourceLocale`, `targetId`, `sortOrder`, `dateCreated`, `dateUpdated`, `uid`) VALUES ('411', '28', '33', NULL, '15', '1', '2015-05-15 05:49:10', '2015-05-15 05:49:10', '144f9750-e0e1-4d54-9736-0a7ac5bfdb12');
INSERT INTO `relations` (`id`, `fieldId`, `sourceId`, `sourceLocale`, `targetId`, `sortOrder`, `dateCreated`, `dateUpdated`, `uid`) VALUES ('412', '42', '32', NULL, '17', '1', '2015-05-15 05:49:10', '2015-05-15 05:49:10', '97cad338-be57-4d8a-99d7-2dd8e69b24cb');
INSERT INTO `relations` (`id`, `fieldId`, `sourceId`, `sourceLocale`, `targetId`, `sortOrder`, `dateCreated`, `dateUpdated`, `uid`) VALUES ('413', '44', '32', NULL, '16', '1', '2015-05-15 05:49:10', '2015-05-15 05:49:10', '4c9b9b69-88cb-4f18-a6a9-8177aa2170a3');
INSERT INTO `relations` (`id`, `fieldId`, `sourceId`, `sourceLocale`, `targetId`, `sortOrder`, `dateCreated`, `dateUpdated`, `uid`) VALUES ('414', '43', '32', NULL, '18', '1', '2015-05-15 05:49:10', '2015-05-15 05:49:10', '928565db-aeb3-4008-8048-52390c7d30d7');
INSERT INTO `relations` (`id`, `fieldId`, `sourceId`, `sourceLocale`, `targetId`, `sortOrder`, `dateCreated`, `dateUpdated`, `uid`) VALUES ('425', '13', '24', NULL, '7', '1', '2015-05-15 05:49:29', '2015-05-15 05:49:29', 'b417dcdf-a602-4d32-bdd6-deeae834f77b');
INSERT INTO `relations` (`id`, `fieldId`, `sourceId`, `sourceLocale`, `targetId`, `sortOrder`, `dateCreated`, `dateUpdated`, `uid`) VALUES ('426', '28', '25', NULL, '15', '1', '2015-05-15 05:49:29', '2015-05-15 05:49:29', 'ce48f052-ebe7-49d9-8987-2e053e864b73');
INSERT INTO `relations` (`id`, `fieldId`, `sourceId`, `sourceLocale`, `targetId`, `sortOrder`, `dateCreated`, `dateUpdated`, `uid`) VALUES ('427', '42', '24', NULL, '17', '1', '2015-05-15 05:49:29', '2015-05-15 05:49:29', '16122b92-7959-48b1-a259-104566cc4120');
INSERT INTO `relations` (`id`, `fieldId`, `sourceId`, `sourceLocale`, `targetId`, `sortOrder`, `dateCreated`, `dateUpdated`, `uid`) VALUES ('428', '44', '24', NULL, '16', '1', '2015-05-15 05:49:29', '2015-05-15 05:49:29', '96552209-2c1e-4a4c-87db-f0602ee66dc9');
INSERT INTO `relations` (`id`, `fieldId`, `sourceId`, `sourceLocale`, `targetId`, `sortOrder`, `dateCreated`, `dateUpdated`, `uid`) VALUES ('429', '43', '24', NULL, '18', '1', '2015-05-15 05:49:29', '2015-05-15 05:49:29', '08933acb-b7c7-461e-82f2-cd9e3bdf4cb4');
INSERT INTO `relations` (`id`, `fieldId`, `sourceId`, `sourceLocale`, `targetId`, `sortOrder`, `dateCreated`, `dateUpdated`, `uid`) VALUES ('440', '13', '10', NULL, '7', '1', '2015-05-15 05:49:43', '2015-05-15 05:49:43', 'd79005fd-29f2-4d89-aed2-50130b8af864');
INSERT INTO `relations` (`id`, `fieldId`, `sourceId`, `sourceLocale`, `targetId`, `sortOrder`, `dateCreated`, `dateUpdated`, `uid`) VALUES ('441', '28', '19', NULL, '15', '1', '2015-05-15 05:49:43', '2015-05-15 05:49:43', '32aa9107-676a-4004-8989-43e851ee7b58');
INSERT INTO `relations` (`id`, `fieldId`, `sourceId`, `sourceLocale`, `targetId`, `sortOrder`, `dateCreated`, `dateUpdated`, `uid`) VALUES ('442', '55', '65', NULL, '67', '1', '2015-05-15 05:49:43', '2015-05-15 05:49:43', 'f3e8f13c-ed1c-46f5-b07c-63b5d68aa44c');
INSERT INTO `relations` (`id`, `fieldId`, `sourceId`, `sourceLocale`, `targetId`, `sortOrder`, `dateCreated`, `dateUpdated`, `uid`) VALUES ('443', '56', '65', NULL, '66', '1', '2015-05-15 05:49:43', '2015-05-15 05:49:43', 'a73c9152-c7a5-445b-b97d-118c023fa690');
INSERT INTO `relations` (`id`, `fieldId`, `sourceId`, `sourceLocale`, `targetId`, `sortOrder`, `dateCreated`, `dateUpdated`, `uid`) VALUES ('444', '57', '65', NULL, '64', '1', '2015-05-15 05:49:43', '2015-05-15 05:49:43', '0ae44623-2ee6-40aa-a9e5-479269c3bf39');
INSERT INTO `relations` (`id`, `fieldId`, `sourceId`, `sourceLocale`, `targetId`, `sortOrder`, `dateCreated`, `dateUpdated`, `uid`) VALUES ('445', '42', '10', NULL, '17', '1', '2015-05-15 05:49:43', '2015-05-15 05:49:43', '8c4e7fd9-ba55-4e5e-8419-80500d688f4f');
INSERT INTO `relations` (`id`, `fieldId`, `sourceId`, `sourceLocale`, `targetId`, `sortOrder`, `dateCreated`, `dateUpdated`, `uid`) VALUES ('446', '44', '10', NULL, '16', '1', '2015-05-15 05:49:43', '2015-05-15 05:49:43', '67b00b3e-7d3c-41c0-ac7a-926b5c60df71');
INSERT INTO `relations` (`id`, `fieldId`, `sourceId`, `sourceLocale`, `targetId`, `sortOrder`, `dateCreated`, `dateUpdated`, `uid`) VALUES ('447', '43', '10', NULL, '18', '1', '2015-05-15 05:49:43', '2015-05-15 05:49:43', 'e3ac3daf-4c9b-4e89-98a7-6afda416e61b');
INSERT INTO `relations` (`id`, `fieldId`, `sourceId`, `sourceLocale`, `targetId`, `sortOrder`, `dateCreated`, `dateUpdated`, `uid`) VALUES ('448', '13', '9', NULL, '8', '1', '2015-05-15 05:49:47', '2015-05-15 05:49:47', 'fec80a3b-47b2-4eef-aea4-391c1c8bff6b');
INSERT INTO `relations` (`id`, `fieldId`, `sourceId`, `sourceLocale`, `targetId`, `sortOrder`, `dateCreated`, `dateUpdated`, `uid`) VALUES ('449', '28', '20', NULL, '15', '1', '2015-05-15 05:49:47', '2015-05-15 05:49:47', '579cebef-ed6e-4ab6-8100-57b022d7e4f9');
INSERT INTO `relations` (`id`, `fieldId`, `sourceId`, `sourceLocale`, `targetId`, `sortOrder`, `dateCreated`, `dateUpdated`, `uid`) VALUES ('450', '42', '9', NULL, '17', '1', '2015-05-15 05:49:47', '2015-05-15 05:49:47', '992612be-e6ad-4ce9-9a3b-05e7735f3757');
INSERT INTO `relations` (`id`, `fieldId`, `sourceId`, `sourceLocale`, `targetId`, `sortOrder`, `dateCreated`, `dateUpdated`, `uid`) VALUES ('451', '44', '9', NULL, '16', '1', '2015-05-15 05:49:47', '2015-05-15 05:49:47', 'c0d56a7d-d99a-4a2e-9acc-40314f8e07eb');
INSERT INTO `relations` (`id`, `fieldId`, `sourceId`, `sourceLocale`, `targetId`, `sortOrder`, `dateCreated`, `dateUpdated`, `uid`) VALUES ('452', '43', '9', NULL, '18', '1', '2015-05-15 05:49:47', '2015-05-15 05:49:47', 'eed7d916-f6ea-42d1-9b0e-7955b69f2e33');
INSERT INTO `relations` (`id`, `fieldId`, `sourceId`, `sourceLocale`, `targetId`, `sortOrder`, `dateCreated`, `dateUpdated`, `uid`) VALUES ('465', '13', '22', NULL, '8', '1', '2015-05-15 06:14:34', '2015-05-15 06:14:34', 'df6273ae-a154-4e6f-b7ed-ce1813edd55d');
INSERT INTO `relations` (`id`, `fieldId`, `sourceId`, `sourceLocale`, `targetId`, `sortOrder`, `dateCreated`, `dateUpdated`, `uid`) VALUES ('466', '28', '23', NULL, '15', '1', '2015-05-15 06:14:34', '2015-05-15 06:14:34', 'cc668bf7-8607-498c-838a-b98696dafab3');
INSERT INTO `relations` (`id`, `fieldId`, `sourceId`, `sourceLocale`, `targetId`, `sortOrder`, `dateCreated`, `dateUpdated`, `uid`) VALUES ('467', '42', '22', NULL, '17', '1', '2015-05-15 06:14:34', '2015-05-15 06:14:34', '2355898a-c7f3-4f8a-ae17-a521059a185a');
INSERT INTO `relations` (`id`, `fieldId`, `sourceId`, `sourceLocale`, `targetId`, `sortOrder`, `dateCreated`, `dateUpdated`, `uid`) VALUES ('468', '44', '22', NULL, '69', '1', '2015-05-15 06:14:34', '2015-05-15 06:14:34', '69bace74-f661-4e9b-9697-76a7dc64d0ba');
INSERT INTO `relations` (`id`, `fieldId`, `sourceId`, `sourceLocale`, `targetId`, `sortOrder`, `dateCreated`, `dateUpdated`, `uid`) VALUES ('469', '43', '22', NULL, '18', '1', '2015-05-15 06:14:34', '2015-05-15 06:14:34', '4f11a9ba-c1c5-44ad-9d28-268467e09028');
INSERT INTO `relations` (`id`, `fieldId`, `sourceId`, `sourceLocale`, `targetId`, `sortOrder`, `dateCreated`, `dateUpdated`, `uid`) VALUES ('470', '13', '12', NULL, '7', '1', '2015-05-15 06:24:40', '2015-05-15 06:24:40', '85811152-3fb7-4ad2-ad04-01d13bf73fe2');
INSERT INTO `relations` (`id`, `fieldId`, `sourceId`, `sourceLocale`, `targetId`, `sortOrder`, `dateCreated`, `dateUpdated`, `uid`) VALUES ('471', '28', '13', NULL, '15', '1', '2015-05-15 06:24:40', '2015-05-15 06:24:40', '70e8e29d-70b8-4bc7-971c-6366ad93c003');
INSERT INTO `relations` (`id`, `fieldId`, `sourceId`, `sourceLocale`, `targetId`, `sortOrder`, `dateCreated`, `dateUpdated`, `uid`) VALUES ('472', '42', '12', NULL, '17', '1', '2015-05-15 06:24:40', '2015-05-15 06:24:40', '9732d7f3-d895-4972-bc89-973def66b1ac');
INSERT INTO `relations` (`id`, `fieldId`, `sourceId`, `sourceLocale`, `targetId`, `sortOrder`, `dateCreated`, `dateUpdated`, `uid`) VALUES ('473', '44', '12', NULL, '70', '1', '2015-05-15 06:24:40', '2015-05-15 06:24:40', '6607cade-750a-4ce1-8698-debab02d14a7');
INSERT INTO `relations` (`id`, `fieldId`, `sourceId`, `sourceLocale`, `targetId`, `sortOrder`, `dateCreated`, `dateUpdated`, `uid`) VALUES ('474', '43', '12', NULL, '18', '1', '2015-05-15 06:24:40', '2015-05-15 06:24:40', '808a859d-d908-4599-9dcb-e564f2920d21');
INSERT INTO `relations` (`id`, `fieldId`, `sourceId`, `sourceLocale`, `targetId`, `sortOrder`, `dateCreated`, `dateUpdated`, `uid`) VALUES ('475', '13', '28', NULL, '7', '1', '2015-05-15 06:31:39', '2015-05-15 06:31:39', '6fe7d2e1-4e47-4350-a6f9-70785fe31279');
INSERT INTO `relations` (`id`, `fieldId`, `sourceId`, `sourceLocale`, `targetId`, `sortOrder`, `dateCreated`, `dateUpdated`, `uid`) VALUES ('476', '28', '29', NULL, '15', '1', '2015-05-15 06:31:39', '2015-05-15 06:31:39', 'd50c4aac-efba-4e4e-ba7e-429e224cad79');
INSERT INTO `relations` (`id`, `fieldId`, `sourceId`, `sourceLocale`, `targetId`, `sortOrder`, `dateCreated`, `dateUpdated`, `uid`) VALUES ('477', '42', '28', NULL, '17', '1', '2015-05-15 06:31:39', '2015-05-15 06:31:39', 'b2f7d8ab-6617-49d7-8e58-08ec3f116dcf');
INSERT INTO `relations` (`id`, `fieldId`, `sourceId`, `sourceLocale`, `targetId`, `sortOrder`, `dateCreated`, `dateUpdated`, `uid`) VALUES ('478', '44', '28', NULL, '71', '1', '2015-05-15 06:31:39', '2015-05-15 06:31:39', 'ab196b34-30ba-4257-b0ea-48fafd8cb392');
INSERT INTO `relations` (`id`, `fieldId`, `sourceId`, `sourceLocale`, `targetId`, `sortOrder`, `dateCreated`, `dateUpdated`, `uid`) VALUES ('479', '43', '28', NULL, '18', '1', '2015-05-15 06:31:39', '2015-05-15 06:31:39', 'a592e7a5-6a48-43a6-9e71-351a0c950942');
INSERT INTO `relations` (`id`, `fieldId`, `sourceId`, `sourceLocale`, `targetId`, `sortOrder`, `dateCreated`, `dateUpdated`, `uid`) VALUES ('490', '13', '30', NULL, '7', '1', '2015-05-15 06:40:28', '2015-05-15 06:40:28', 'f6f52032-490b-4784-8867-f46c12dfc8d6');
INSERT INTO `relations` (`id`, `fieldId`, `sourceId`, `sourceLocale`, `targetId`, `sortOrder`, `dateCreated`, `dateUpdated`, `uid`) VALUES ('491', '28', '31', NULL, '15', '1', '2015-05-15 06:40:28', '2015-05-15 06:40:28', 'ba8e17ed-1476-4786-8c91-22da5b146978');
INSERT INTO `relations` (`id`, `fieldId`, `sourceId`, `sourceLocale`, `targetId`, `sortOrder`, `dateCreated`, `dateUpdated`, `uid`) VALUES ('492', '42', '30', NULL, '17', '1', '2015-05-15 06:40:28', '2015-05-15 06:40:28', 'd19ac799-05a4-496a-a46f-22fb10b1c588');
INSERT INTO `relations` (`id`, `fieldId`, `sourceId`, `sourceLocale`, `targetId`, `sortOrder`, `dateCreated`, `dateUpdated`, `uid`) VALUES ('493', '44', '30', NULL, '72', '1', '2015-05-15 06:40:28', '2015-05-15 06:40:28', 'b418a5bf-8daf-4294-a2bb-ab119f7f530c');
INSERT INTO `relations` (`id`, `fieldId`, `sourceId`, `sourceLocale`, `targetId`, `sortOrder`, `dateCreated`, `dateUpdated`, `uid`) VALUES ('494', '43', '30', NULL, '18', '1', '2015-05-15 06:40:28', '2015-05-15 06:40:28', 'eeb874ce-e821-481d-825e-57c7243edebc');
INSERT INTO `relations` (`id`, `fieldId`, `sourceId`, `sourceLocale`, `targetId`, `sortOrder`, `dateCreated`, `dateUpdated`, `uid`) VALUES ('500', '13', '26', NULL, '7', '1', '2015-05-15 06:50:44', '2015-05-15 06:50:44', 'd3b7c327-c47f-4181-999e-4eedb53ed69a');
INSERT INTO `relations` (`id`, `fieldId`, `sourceId`, `sourceLocale`, `targetId`, `sortOrder`, `dateCreated`, `dateUpdated`, `uid`) VALUES ('501', '28', '27', NULL, '15', '1', '2015-05-15 06:50:44', '2015-05-15 06:50:44', 'eef5946d-f2ec-4b74-80d9-4e515eb51c75');
INSERT INTO `relations` (`id`, `fieldId`, `sourceId`, `sourceLocale`, `targetId`, `sortOrder`, `dateCreated`, `dateUpdated`, `uid`) VALUES ('502', '42', '26', NULL, '17', '1', '2015-05-15 06:50:44', '2015-05-15 06:50:44', 'ec1ebc52-c083-4ce3-bb96-127b9d0104c3');
INSERT INTO `relations` (`id`, `fieldId`, `sourceId`, `sourceLocale`, `targetId`, `sortOrder`, `dateCreated`, `dateUpdated`, `uid`) VALUES ('503', '44', '26', NULL, '76', '1', '2015-05-15 06:50:44', '2015-05-15 06:50:44', '8ba79f82-6dfb-4228-a987-ebc45f9081d5');
INSERT INTO `relations` (`id`, `fieldId`, `sourceId`, `sourceLocale`, `targetId`, `sortOrder`, `dateCreated`, `dateUpdated`, `uid`) VALUES ('504', '43', '26', NULL, '18', '1', '2015-05-15 06:50:44', '2015-05-15 06:50:44', '00b930d0-590d-490d-80d6-ef3e7cdefd95');
INSERT INTO `relations` (`id`, `fieldId`, `sourceId`, `sourceLocale`, `targetId`, `sortOrder`, `dateCreated`, `dateUpdated`, `uid`) VALUES ('510', '13', '34', NULL, '7', '1', '2015-05-15 07:06:15', '2015-05-15 07:06:15', '5f95070c-bb83-4cab-9ddb-2c21fff9a169');
INSERT INTO `relations` (`id`, `fieldId`, `sourceId`, `sourceLocale`, `targetId`, `sortOrder`, `dateCreated`, `dateUpdated`, `uid`) VALUES ('511', '28', '35', NULL, '15', '1', '2015-05-15 07:06:15', '2015-05-15 07:06:15', 'b74ec8ed-a48d-4be5-824c-a7532738571d');
INSERT INTO `relations` (`id`, `fieldId`, `sourceId`, `sourceLocale`, `targetId`, `sortOrder`, `dateCreated`, `dateUpdated`, `uid`) VALUES ('512', '42', '34', NULL, '17', '1', '2015-05-15 07:06:15', '2015-05-15 07:06:15', 'd00c450f-c096-4de8-bb27-efb48055e422');
INSERT INTO `relations` (`id`, `fieldId`, `sourceId`, `sourceLocale`, `targetId`, `sortOrder`, `dateCreated`, `dateUpdated`, `uid`) VALUES ('513', '44', '34', NULL, '78', '1', '2015-05-15 07:06:15', '2015-05-15 07:06:15', '50d1feb0-a0e1-4e1e-8416-8047ef017348');
INSERT INTO `relations` (`id`, `fieldId`, `sourceId`, `sourceLocale`, `targetId`, `sortOrder`, `dateCreated`, `dateUpdated`, `uid`) VALUES ('514', '43', '34', NULL, '18', '1', '2015-05-15 07:06:15', '2015-05-15 07:06:15', '40b10d5e-9a49-4d5a-92ad-22a3cb91b86e');
INSERT INTO `relations` (`id`, `fieldId`, `sourceId`, `sourceLocale`, `targetId`, `sortOrder`, `dateCreated`, `dateUpdated`, `uid`) VALUES ('539', '13', '42', NULL, '8', '1', '2015-05-15 07:31:16', '2015-05-15 07:31:16', 'c1dd2724-4a00-4d8a-aeda-d1b54e75c33e');
INSERT INTO `relations` (`id`, `fieldId`, `sourceId`, `sourceLocale`, `targetId`, `sortOrder`, `dateCreated`, `dateUpdated`, `uid`) VALUES ('540', '28', '43', NULL, '15', '1', '2015-05-15 07:31:16', '2015-05-15 07:31:16', '0b97c01e-648a-40a8-9990-6327748a650f');
INSERT INTO `relations` (`id`, `fieldId`, `sourceId`, `sourceLocale`, `targetId`, `sortOrder`, `dateCreated`, `dateUpdated`, `uid`) VALUES ('541', '42', '42', NULL, '17', '1', '2015-05-15 07:31:16', '2015-05-15 07:31:16', 'e78279c2-a6ca-440e-be55-693a3c5150cb');
INSERT INTO `relations` (`id`, `fieldId`, `sourceId`, `sourceLocale`, `targetId`, `sortOrder`, `dateCreated`, `dateUpdated`, `uid`) VALUES ('542', '44', '42', NULL, '82', '1', '2015-05-15 07:31:16', '2015-05-15 07:31:16', '6e54d881-d474-4bee-aa13-8db16fb5c0c0');
INSERT INTO `relations` (`id`, `fieldId`, `sourceId`, `sourceLocale`, `targetId`, `sortOrder`, `dateCreated`, `dateUpdated`, `uid`) VALUES ('543', '43', '42', NULL, '18', '1', '2015-05-15 07:31:16', '2015-05-15 07:31:16', '84a79e1b-a889-4322-8025-a6c6311212d6');
INSERT INTO `relations` (`id`, `fieldId`, `sourceId`, `sourceLocale`, `targetId`, `sortOrder`, `dateCreated`, `dateUpdated`, `uid`) VALUES ('571', '13', '6', NULL, '7', '1', '2015-05-17 23:29:44', '2015-05-17 23:29:44', '86060afd-f93c-4578-9460-d1ab8aab28f4');
INSERT INTO `relations` (`id`, `fieldId`, `sourceId`, `sourceLocale`, `targetId`, `sortOrder`, `dateCreated`, `dateUpdated`, `uid`) VALUES ('572', '40', '55', NULL, '57', '1', '2015-05-17 23:29:44', '2015-05-17 23:29:44', 'c5f0e232-9040-4be4-89e5-ff92513958b0');
INSERT INTO `relations` (`id`, `fieldId`, `sourceId`, `sourceLocale`, `targetId`, `sortOrder`, `dateCreated`, `dateUpdated`, `uid`) VALUES ('573', '40', '56', NULL, '54', '1', '2015-05-17 23:29:44', '2015-05-17 23:29:44', '674d9637-143d-42c5-8e0d-28bc5575c643');
INSERT INTO `relations` (`id`, `fieldId`, `sourceId`, `sourceLocale`, `targetId`, `sortOrder`, `dateCreated`, `dateUpdated`, `uid`) VALUES ('574', '28', '21', NULL, '15', '1', '2015-05-17 23:29:44', '2015-05-17 23:29:44', '79f66e70-9aaa-41b6-9a43-3e76d3e21bde');
INSERT INTO `relations` (`id`, `fieldId`, `sourceId`, `sourceLocale`, `targetId`, `sortOrder`, `dateCreated`, `dateUpdated`, `uid`) VALUES ('575', '28', '61', NULL, '14', '1', '2015-05-17 23:29:44', '2015-05-17 23:29:44', '8f707009-f968-4397-967a-ffab64842458');
INSERT INTO `relations` (`id`, `fieldId`, `sourceId`, `sourceLocale`, `targetId`, `sortOrder`, `dateCreated`, `dateUpdated`, `uid`) VALUES ('576', '28', '61', NULL, '15', '2', '2015-05-17 23:29:44', '2015-05-17 23:29:44', 'cc2c9f35-cd1f-48c6-965a-7ea52c9c95d6');
INSERT INTO `relations` (`id`, `fieldId`, `sourceId`, `sourceLocale`, `targetId`, `sortOrder`, `dateCreated`, `dateUpdated`, `uid`) VALUES ('577', '28', '61', NULL, '84', '3', '2015-05-17 23:29:44', '2015-05-17 23:29:44', '22dee06d-98da-4abe-8c0b-04a7e967e9d1');
INSERT INTO `relations` (`id`, `fieldId`, `sourceId`, `sourceLocale`, `targetId`, `sortOrder`, `dateCreated`, `dateUpdated`, `uid`) VALUES ('578', '28', '61', NULL, '85', '4', '2015-05-17 23:29:44', '2015-05-17 23:29:44', '40199e58-6033-4e98-ae39-fdd5ab60cc7d');
INSERT INTO `relations` (`id`, `fieldId`, `sourceId`, `sourceLocale`, `targetId`, `sortOrder`, `dateCreated`, `dateUpdated`, `uid`) VALUES ('579', '28', '68', NULL, '15', '1', '2015-05-17 23:29:44', '2015-05-17 23:29:44', 'c1eeffb0-e2bc-43dc-8532-07db640793ac');
INSERT INTO `relations` (`id`, `fieldId`, `sourceId`, `sourceLocale`, `targetId`, `sortOrder`, `dateCreated`, `dateUpdated`, `uid`) VALUES ('580', '28', '68', NULL, '86', '2', '2015-05-17 23:29:44', '2015-05-17 23:29:44', '315d2b22-cc32-45f3-8feb-99dc999ae77c');
INSERT INTO `relations` (`id`, `fieldId`, `sourceId`, `sourceLocale`, `targetId`, `sortOrder`, `dateCreated`, `dateUpdated`, `uid`) VALUES ('581', '38', '60', NULL, '58', '1', '2015-05-17 23:29:44', '2015-05-17 23:29:44', '36e7cb6f-f4d6-459f-ba55-096488d48673');
INSERT INTO `relations` (`id`, `fieldId`, `sourceId`, `sourceLocale`, `targetId`, `sortOrder`, `dateCreated`, `dateUpdated`, `uid`) VALUES ('582', '38', '60', NULL, '59', '2', '2015-05-17 23:29:44', '2015-05-17 23:29:44', '72584003-2889-447c-98e3-2a8141922a69');
INSERT INTO `relations` (`id`, `fieldId`, `sourceId`, `sourceLocale`, `targetId`, `sortOrder`, `dateCreated`, `dateUpdated`, `uid`) VALUES ('583', '42', '6', NULL, '17', '1', '2015-05-17 23:29:44', '2015-05-17 23:29:44', '33d0b0b6-31f8-47ac-b424-74dd14bd6b07');
INSERT INTO `relations` (`id`, `fieldId`, `sourceId`, `sourceLocale`, `targetId`, `sortOrder`, `dateCreated`, `dateUpdated`, `uid`) VALUES ('584', '44', '6', NULL, '80', '1', '2015-05-17 23:29:44', '2015-05-17 23:29:44', 'b2479ec7-4ca4-4cf4-b5a7-595b3c3ec078');
INSERT INTO `relations` (`id`, `fieldId`, `sourceId`, `sourceLocale`, `targetId`, `sortOrder`, `dateCreated`, `dateUpdated`, `uid`) VALUES ('585', '43', '6', NULL, '18', '1', '2015-05-17 23:29:44', '2015-05-17 23:29:44', '6d23bee1-2dcc-4846-b406-4a5a4d53ecfe');



DROP TABLE IF EXISTS `routes`;


--
-- Schema for table `routes`
--
CREATE TABLE `routes` (
  `id` int(11) NOT NULL AUTO_INCREMENT,
  `locale` char(12) COLLATE utf8_unicode_ci DEFAULT NULL,
  `urlParts` varchar(255) COLLATE utf8_unicode_ci NOT NULL,
  `urlPattern` varchar(255) COLLATE utf8_unicode_ci NOT NULL,
  `template` varchar(255) COLLATE utf8_unicode_ci NOT NULL,
  `sortOrder` tinyint(4) DEFAULT NULL,
  `dateCreated` datetime NOT NULL,
  `dateUpdated` datetime NOT NULL,
  `uid` char(36) COLLATE utf8_unicode_ci NOT NULL DEFAULT '0',
  PRIMARY KEY (`id`),
  UNIQUE KEY `routes_urlPattern_unq_idx` (`urlPattern`),
  KEY `routes_locale_idx` (`locale`)
) ENGINE=InnoDB DEFAULT CHARSET=utf8 COLLATE=utf8_unicode_ci;

DROP TABLE IF EXISTS `searchindex`;


--
-- Schema for table `searchindex`
--
CREATE TABLE `searchindex` (
  `elementId` int(11) NOT NULL,
  `attribute` varchar(25) COLLATE utf8_unicode_ci NOT NULL,
  `fieldId` int(11) NOT NULL,
  `locale` char(12) COLLATE utf8_unicode_ci NOT NULL,
  `keywords` text COLLATE utf8_unicode_ci NOT NULL,
  PRIMARY KEY (`elementId`,`attribute`,`fieldId`,`locale`),
  FULLTEXT KEY `searchindex_keywords_idx` (`keywords`)
) ENGINE=MyISAM DEFAULT CHARSET=utf8 COLLATE=utf8_unicode_ci;

--
-- Data for table `searchindex`
--

INSERT INTO `searchindex` (`elementId`, `attribute`, `fieldId`, `locale`, `keywords`) VALUES ('1', 'username', '0', 'en_us', ' joeonmars ');
INSERT INTO `searchindex` (`elementId`, `attribute`, `fieldId`, `locale`, `keywords`) VALUES ('1', 'firstname', '0', 'en_us', '');
INSERT INTO `searchindex` (`elementId`, `attribute`, `fieldId`, `locale`, `keywords`) VALUES ('1', 'lastname', '0', 'en_us', '');
INSERT INTO `searchindex` (`elementId`, `attribute`, `fieldId`, `locale`, `keywords`) VALUES ('1', 'fullname', '0', 'en_us', '');
INSERT INTO `searchindex` (`elementId`, `attribute`, `fieldId`, `locale`, `keywords`) VALUES ('1', 'email', '0', 'en_us', ' joeonmars gmail com ');
INSERT INTO `searchindex` (`elementId`, `attribute`, `fieldId`, `locale`, `keywords`) VALUES ('1', 'slug', '0', 'en_us', '');
INSERT INTO `searchindex` (`elementId`, `attribute`, `fieldId`, `locale`, `keywords`) VALUES ('2', 'field', '1', 'en_us', ' it s true this site doesn t have a whole lot of content yet but don t worry our web developers have just installed the cms and they re setting things up for the content editors this very moment soon graceux dev will be an oasis of fresh perspectives sharp analyses and astute opinions that will keep you coming back again and again ');
INSERT INTO `searchindex` (`elementId`, `attribute`, `fieldId`, `locale`, `keywords`) VALUES ('2', 'slug', '0', 'en_us', ' home ');
INSERT INTO `searchindex` (`elementId`, `attribute`, `fieldId`, `locale`, `keywords`) VALUES ('2', 'title', '0', 'en_us', ' home ');
INSERT INTO `searchindex` (`elementId`, `attribute`, `fieldId`, `locale`, `keywords`) VALUES ('3', 'field', '1', 'en_us', ' craft is the cms that s powering graceux dev it s beautiful powerful flexible and easy to use and it s made by pixel tonic we can t wait to dive in and see what it s capable of this is even more captivating content which you couldn t see on the news index page because it was entered after a page break and the news index template only likes to show the content on the first page craft a nice alternative to word if you re making a website ');
INSERT INTO `searchindex` (`elementId`, `attribute`, `fieldId`, `locale`, `keywords`) VALUES ('3', 'field', '2', 'en_us', '');
INSERT INTO `searchindex` (`elementId`, `attribute`, `fieldId`, `locale`, `keywords`) VALUES ('3', 'slug', '0', 'en_us', '');
INSERT INTO `searchindex` (`elementId`, `attribute`, `fieldId`, `locale`, `keywords`) VALUES ('3', 'title', '0', 'en_us', ' we just installed craft ');
INSERT INTO `searchindex` (`elementId`, `attribute`, `fieldId`, `locale`, `keywords`) VALUES ('4', 'username', '0', 'en_us', ' graceux ');
INSERT INTO `searchindex` (`elementId`, `attribute`, `fieldId`, `locale`, `keywords`) VALUES ('4', 'firstname', '0', 'en_us', ' grace ');
INSERT INTO `searchindex` (`elementId`, `attribute`, `fieldId`, `locale`, `keywords`) VALUES ('4', 'lastname', '0', 'en_us', ' fan ');
INSERT INTO `searchindex` (`elementId`, `attribute`, `fieldId`, `locale`, `keywords`) VALUES ('4', 'fullname', '0', 'en_us', ' grace fan ');
INSERT INTO `searchindex` (`elementId`, `attribute`, `fieldId`, `locale`, `keywords`) VALUES ('4', 'email', '0', 'en_us', ' yueinteractive gmail com ');
INSERT INTO `searchindex` (`elementId`, `attribute`, `fieldId`, `locale`, `keywords`) VALUES ('4', 'slug', '0', 'en_us', '');
INSERT INTO `searchindex` (`elementId`, `attribute`, `fieldId`, `locale`, `keywords`) VALUES ('6', 'field', '3', 'en_us', ' fengshui also known as geomantic omen literally translated to wind and water in chinese fengshui has some primary disciplines in terms of aesthetics psychology and environmental science ');
INSERT INTO `searchindex` (`elementId`, `attribute`, `fieldId`, `locale`, `keywords`) VALUES ('6', 'field', '4', 'en_us', ' 2014 ');
INSERT INTO `searchindex` (`elementId`, `attribute`, `fieldId`, `locale`, `keywords`) VALUES ('6', 'field', '10', 'en_us', '');
INSERT INTO `searchindex` (`elementId`, `attribute`, `fieldId`, `locale`, `keywords`) VALUES ('6', 'field', '11', 'en_us', '');
INSERT INTO `searchindex` (`elementId`, `attribute`, `fieldId`, `locale`, `keywords`) VALUES ('6', 'field', '12', 'en_us', ' ux 2d 3d visual design development ');
INSERT INTO `searchindex` (`elementId`, `attribute`, `fieldId`, `locale`, `keywords`) VALUES ('6', 'field', '9', 'en_us', ' aftereffects flash photoshop blender css3 html5 javascript sketch webgl ');
INSERT INTO `searchindex` (`elementId`, `attribute`, `fieldId`, `locale`, `keywords`) VALUES ('6', 'slug', '0', 'en_us', ' real time fengshui ');
INSERT INTO `searchindex` (`elementId`, `attribute`, `fieldId`, `locale`, `keywords`) VALUES ('6', 'title', '0', 'en_us', ' real time fengshui ');
INSERT INTO `searchindex` (`elementId`, `attribute`, `fieldId`, `locale`, `keywords`) VALUES ('7', 'slug', '0', 'en_us', ' projects ');
INSERT INTO `searchindex` (`elementId`, `attribute`, `fieldId`, `locale`, `keywords`) VALUES ('7', 'title', '0', 'en_us', ' projects ');
INSERT INTO `searchindex` (`elementId`, `attribute`, `fieldId`, `locale`, `keywords`) VALUES ('8', 'slug', '0', 'en_us', ' labs ');
INSERT INTO `searchindex` (`elementId`, `attribute`, `fieldId`, `locale`, `keywords`) VALUES ('8', 'title', '0', 'en_us', ' labs ');
INSERT INTO `searchindex` (`elementId`, `attribute`, `fieldId`, `locale`, `keywords`) VALUES ('6', 'field', '13', 'en_us', ' projects ');
INSERT INTO `searchindex` (`elementId`, `attribute`, `fieldId`, `locale`, `keywords`) VALUES ('9', 'field', '13', 'en_us', ' labs ');
INSERT INTO `searchindex` (`elementId`, `attribute`, `fieldId`, `locale`, `keywords`) VALUES ('9', 'field', '3', 'en_us', ' this is the project description ');
INSERT INTO `searchindex` (`elementId`, `attribute`, `fieldId`, `locale`, `keywords`) VALUES ('9', 'field', '4', 'en_us', ' 2014 ');
INSERT INTO `searchindex` (`elementId`, `attribute`, `fieldId`, `locale`, `keywords`) VALUES ('9', 'field', '10', 'en_us', '');
INSERT INTO `searchindex` (`elementId`, `attribute`, `fieldId`, `locale`, `keywords`) VALUES ('9', 'field', '11', 'en_us', '');
INSERT INTO `searchindex` (`elementId`, `attribute`, `fieldId`, `locale`, `keywords`) VALUES ('9', 'field', '12', 'en_us', ' ux wireframe visual design ');
INSERT INTO `searchindex` (`elementId`, `attribute`, `fieldId`, `locale`, `keywords`) VALUES ('9', 'field', '9', 'en_us', ' photoshop justinmind sketch ');
INSERT INTO `searchindex` (`elementId`, `attribute`, `fieldId`, `locale`, `keywords`) VALUES ('9', 'slug', '0', 'en_us', ' sleep well ');
INSERT INTO `searchindex` (`elementId`, `attribute`, `fieldId`, `locale`, `keywords`) VALUES ('9', 'title', '0', 'en_us', ' sleep well concept ');
INSERT INTO `searchindex` (`elementId`, `attribute`, `fieldId`, `locale`, `keywords`) VALUES ('7', 'field', '14', 'en_us', ' this is the projects page ');
INSERT INTO `searchindex` (`elementId`, `attribute`, `fieldId`, `locale`, `keywords`) VALUES ('7', 'field', '15', 'en_us', ' hello from projects page ');
INSERT INTO `searchindex` (`elementId`, `attribute`, `fieldId`, `locale`, `keywords`) VALUES ('8', 'field', '14', 'en_us', ' this is the labs page ');
INSERT INTO `searchindex` (`elementId`, `attribute`, `fieldId`, `locale`, `keywords`) VALUES ('8', 'field', '15', 'en_us', ' hello from labs page ');
INSERT INTO `searchindex` (`elementId`, `attribute`, `fieldId`, `locale`, `keywords`) VALUES ('10', 'field', '13', 'en_us', ' projects ');
INSERT INTO `searchindex` (`elementId`, `attribute`, `fieldId`, `locale`, `keywords`) VALUES ('10', 'field', '3', 'en_us', ' the official website design for liveperson ');
INSERT INTO `searchindex` (`elementId`, `attribute`, `fieldId`, `locale`, `keywords`) VALUES ('10', 'field', '4', 'en_us', ' 2015 ');
INSERT INTO `searchindex` (`elementId`, `attribute`, `fieldId`, `locale`, `keywords`) VALUES ('10', 'field', '10', 'en_us', ' liveperson ');
INSERT INTO `searchindex` (`elementId`, `attribute`, `fieldId`, `locale`, `keywords`) VALUES ('10', 'field', '11', 'en_us', ' http www liveperson com ');
INSERT INTO `searchindex` (`elementId`, `attribute`, `fieldId`, `locale`, `keywords`) VALUES ('10', 'field', '12', 'en_us', ' visual design ');
INSERT INTO `searchindex` (`elementId`, `attribute`, `fieldId`, `locale`, `keywords`) VALUES ('10', 'field', '9', 'en_us', ' photoshop ');
INSERT INTO `searchindex` (`elementId`, `attribute`, `fieldId`, `locale`, `keywords`) VALUES ('10', 'slug', '0', 'en_us', ' liveperson website ');
INSERT INTO `searchindex` (`elementId`, `attribute`, `fieldId`, `locale`, `keywords`) VALUES ('10', 'title', '0', 'en_us', ' liveperson website ');
INSERT INTO `searchindex` (`elementId`, `attribute`, `fieldId`, `locale`, `keywords`) VALUES ('6', 'field', '16', 'en_us', '');
INSERT INTO `searchindex` (`elementId`, `attribute`, `fieldId`, `locale`, `keywords`) VALUES ('6', 'field', '17', 'en_us', '');
INSERT INTO `searchindex` (`elementId`, `attribute`, `fieldId`, `locale`, `keywords`) VALUES ('6', 'field', '18', 'en_us', '');
INSERT INTO `searchindex` (`elementId`, `attribute`, `fieldId`, `locale`, `keywords`) VALUES ('10', 'field', '17', 'en_us', '');
INSERT INTO `searchindex` (`elementId`, `attribute`, `fieldId`, `locale`, `keywords`) VALUES ('10', 'field', '20', 'en_us', ' this is a cool website ');
INSERT INTO `searchindex` (`elementId`, `attribute`, `fieldId`, `locale`, `keywords`) VALUES ('10', 'field', '19', 'en_us', ' project brief ');
INSERT INTO `searchindex` (`elementId`, `attribute`, `fieldId`, `locale`, `keywords`) VALUES ('10', 'field', '16', 'en_us', '');
INSERT INTO `searchindex` (`elementId`, `attribute`, `fieldId`, `locale`, `keywords`) VALUES ('10', 'field', '18', 'en_us', '');
INSERT INTO `searchindex` (`elementId`, `attribute`, `fieldId`, `locale`, `keywords`) VALUES ('10', 'field', '21', 'en_us', ' what i ve learned ');
INSERT INTO `searchindex` (`elementId`, `attribute`, `fieldId`, `locale`, `keywords`) VALUES ('10', 'field', '22', 'en_us', ' i ve learned a lot ');
INSERT INTO `searchindex` (`elementId`, `attribute`, `fieldId`, `locale`, `keywords`) VALUES ('9', 'field', '16', 'en_us', '');
INSERT INTO `searchindex` (`elementId`, `attribute`, `fieldId`, `locale`, `keywords`) VALUES ('9', 'field', '19', 'en_us', ' project brief ');
INSERT INTO `searchindex` (`elementId`, `attribute`, `fieldId`, `locale`, `keywords`) VALUES ('9', 'field', '20', 'en_us', ' this is a cool project ');
INSERT INTO `searchindex` (`elementId`, `attribute`, `fieldId`, `locale`, `keywords`) VALUES ('9', 'field', '17', 'en_us', '');
INSERT INTO `searchindex` (`elementId`, `attribute`, `fieldId`, `locale`, `keywords`) VALUES ('9', 'field', '18', 'en_us', '');
INSERT INTO `searchindex` (`elementId`, `attribute`, `fieldId`, `locale`, `keywords`) VALUES ('9', 'field', '21', 'en_us', ' what i ve learned ');
INSERT INTO `searchindex` (`elementId`, `attribute`, `fieldId`, `locale`, `keywords`) VALUES ('9', 'field', '22', 'en_us', ' i ve learned a lot ');
INSERT INTO `searchindex` (`elementId`, `attribute`, `fieldId`, `locale`, `keywords`) VALUES ('6', 'field', '19', 'en_us', ' project brief ');
INSERT INTO `searchindex` (`elementId`, `attribute`, `fieldId`, `locale`, `keywords`) VALUES ('6', 'field', '20', 'en_us', ' this is a cool project ');
INSERT INTO `searchindex` (`elementId`, `attribute`, `fieldId`, `locale`, `keywords`) VALUES ('6', 'field', '21', 'en_us', ' what i ve learned ');
INSERT INTO `searchindex` (`elementId`, `attribute`, `fieldId`, `locale`, `keywords`) VALUES ('6', 'field', '22', 'en_us', ' i ve learned a lot ');
INSERT INTO `searchindex` (`elementId`, `attribute`, `fieldId`, `locale`, `keywords`) VALUES ('14', 'kind', '0', 'en_us', ' image ');
INSERT INTO `searchindex` (`elementId`, `attribute`, `fieldId`, `locale`, `keywords`) VALUES ('14', 'extension', '0', 'en_us', ' gif ');
INSERT INTO `searchindex` (`elementId`, `attribute`, `fieldId`, `locale`, `keywords`) VALUES ('14', 'filename', '0', 'en_us', ' 600x600 gif ');
INSERT INTO `searchindex` (`elementId`, `attribute`, `fieldId`, `locale`, `keywords`) VALUES ('12', 'field', '19', 'en_us', ' project brief ');
INSERT INTO `searchindex` (`elementId`, `attribute`, `fieldId`, `locale`, `keywords`) VALUES ('12', 'field', '16', 'en_us', ' composer hsin lei chen portfolio ');
INSERT INTO `searchindex` (`elementId`, `attribute`, `fieldId`, `locale`, `keywords`) VALUES ('12', 'field', '13', 'en_us', ' projects ');
INSERT INTO `searchindex` (`elementId`, `attribute`, `fieldId`, `locale`, `keywords`) VALUES ('12', 'field', '20', 'en_us', ' this is the project brief text ');
INSERT INTO `searchindex` (`elementId`, `attribute`, `fieldId`, `locale`, `keywords`) VALUES ('12', 'field', '3', 'en_us', ' the portfolio website of composer hsin lei chen ');
INSERT INTO `searchindex` (`elementId`, `attribute`, `fieldId`, `locale`, `keywords`) VALUES ('12', 'field', '17', 'en_us', ' this is the og description ');
INSERT INTO `searchindex` (`elementId`, `attribute`, `fieldId`, `locale`, `keywords`) VALUES ('12', 'field', '18', 'en_us', '');
INSERT INTO `searchindex` (`elementId`, `attribute`, `fieldId`, `locale`, `keywords`) VALUES ('12', 'field', '4', 'en_us', ' 2015 ');
INSERT INTO `searchindex` (`elementId`, `attribute`, `fieldId`, `locale`, `keywords`) VALUES ('12', 'field', '23', 'en_us', ' project analysis ');
INSERT INTO `searchindex` (`elementId`, `attribute`, `fieldId`, `locale`, `keywords`) VALUES ('12', 'field', '10', 'en_us', ' hsin lei chen ');
INSERT INTO `searchindex` (`elementId`, `attribute`, `fieldId`, `locale`, `keywords`) VALUES ('12', 'field', '24', 'en_us', ' this is the project analysis text ');
INSERT INTO `searchindex` (`elementId`, `attribute`, `fieldId`, `locale`, `keywords`) VALUES ('12', 'field', '39', 'en_us', '');
INSERT INTO `searchindex` (`elementId`, `attribute`, `fieldId`, `locale`, `keywords`) VALUES ('12', 'field', '11', 'en_us', ' http hsinlei com ');
INSERT INTO `searchindex` (`elementId`, `attribute`, `fieldId`, `locale`, `keywords`) VALUES ('12', 'field', '25', 'en_us', ' this is feature 1 text this is feature 1 fluid 640x480 ');
INSERT INTO `searchindex` (`elementId`, `attribute`, `fieldId`, `locale`, `keywords`) VALUES ('12', 'field', '12', 'en_us', ' visual design ');
INSERT INTO `searchindex` (`elementId`, `attribute`, `fieldId`, `locale`, `keywords`) VALUES ('12', 'field', '9', 'en_us', ' flash css3 html5 javascript sketch webgl ');
INSERT INTO `searchindex` (`elementId`, `attribute`, `fieldId`, `locale`, `keywords`) VALUES ('12', 'field', '21', 'en_us', ' what i ve learned ');
INSERT INTO `searchindex` (`elementId`, `attribute`, `fieldId`, `locale`, `keywords`) VALUES ('12', 'field', '42', 'en_us', ' 600x600 ');
INSERT INTO `searchindex` (`elementId`, `attribute`, `fieldId`, `locale`, `keywords`) VALUES ('12', 'field', '22', 'en_us', ' i have learned a lot of things ');
INSERT INTO `searchindex` (`elementId`, `attribute`, `fieldId`, `locale`, `keywords`) VALUES ('12', 'field', '44', 'en_us', ' hsinlei branding ');
INSERT INTO `searchindex` (`elementId`, `attribute`, `fieldId`, `locale`, `keywords`) VALUES ('12', 'field', '43', 'en_us', ' 400x200 ');
INSERT INTO `searchindex` (`elementId`, `attribute`, `fieldId`, `locale`, `keywords`) VALUES ('12', 'slug', '0', 'en_us', ' hsin lei ');
INSERT INTO `searchindex` (`elementId`, `attribute`, `fieldId`, `locale`, `keywords`) VALUES ('12', 'title', '0', 'en_us', ' composer hsin lei chen portfolio ');
INSERT INTO `searchindex` (`elementId`, `attribute`, `fieldId`, `locale`, `keywords`) VALUES ('13', 'field', '26', 'en_us', ' this is feature 1 ');
INSERT INTO `searchindex` (`elementId`, `attribute`, `fieldId`, `locale`, `keywords`) VALUES ('13', 'field', '27', 'en_us', ' this is feature 1 text ');
INSERT INTO `searchindex` (`elementId`, `attribute`, `fieldId`, `locale`, `keywords`) VALUES ('13', 'field', '28', 'en_us', ' 640x480 ');
INSERT INTO `searchindex` (`elementId`, `attribute`, `fieldId`, `locale`, `keywords`) VALUES ('13', 'field', '29', 'en_us', ' fluid ');
INSERT INTO `searchindex` (`elementId`, `attribute`, `fieldId`, `locale`, `keywords`) VALUES ('13', 'slug', '0', 'en_us', '');
INSERT INTO `searchindex` (`elementId`, `attribute`, `fieldId`, `locale`, `keywords`) VALUES ('14', 'slug', '0', 'en_us', '');
INSERT INTO `searchindex` (`elementId`, `attribute`, `fieldId`, `locale`, `keywords`) VALUES ('14', 'title', '0', 'en_us', ' 600x600 ');
INSERT INTO `searchindex` (`elementId`, `attribute`, `fieldId`, `locale`, `keywords`) VALUES ('15', 'filename', '0', 'en_us', ' 640x480 gif ');
INSERT INTO `searchindex` (`elementId`, `attribute`, `fieldId`, `locale`, `keywords`) VALUES ('15', 'extension', '0', 'en_us', ' gif ');
INSERT INTO `searchindex` (`elementId`, `attribute`, `fieldId`, `locale`, `keywords`) VALUES ('15', 'kind', '0', 'en_us', ' image ');
INSERT INTO `searchindex` (`elementId`, `attribute`, `fieldId`, `locale`, `keywords`) VALUES ('15', 'slug', '0', 'en_us', '');
INSERT INTO `searchindex` (`elementId`, `attribute`, `fieldId`, `locale`, `keywords`) VALUES ('15', 'title', '0', 'en_us', ' 640x480 ');
INSERT INTO `searchindex` (`elementId`, `attribute`, `fieldId`, `locale`, `keywords`) VALUES ('16', 'filename', '0', 'en_us', ' 1024x768 gif ');
INSERT INTO `searchindex` (`elementId`, `attribute`, `fieldId`, `locale`, `keywords`) VALUES ('16', 'extension', '0', 'en_us', ' gif ');
INSERT INTO `searchindex` (`elementId`, `attribute`, `fieldId`, `locale`, `keywords`) VALUES ('16', 'kind', '0', 'en_us', ' image ');
INSERT INTO `searchindex` (`elementId`, `attribute`, `fieldId`, `locale`, `keywords`) VALUES ('16', 'slug', '0', 'en_us', '');
INSERT INTO `searchindex` (`elementId`, `attribute`, `fieldId`, `locale`, `keywords`) VALUES ('16', 'title', '0', 'en_us', ' 1024x768 ');
INSERT INTO `searchindex` (`elementId`, `attribute`, `fieldId`, `locale`, `keywords`) VALUES ('17', 'filename', '0', 'en_us', ' 600x600 gif ');
INSERT INTO `searchindex` (`elementId`, `attribute`, `fieldId`, `locale`, `keywords`) VALUES ('17', 'extension', '0', 'en_us', ' gif ');
INSERT INTO `searchindex` (`elementId`, `attribute`, `fieldId`, `locale`, `keywords`) VALUES ('17', 'kind', '0', 'en_us', ' image ');
INSERT INTO `searchindex` (`elementId`, `attribute`, `fieldId`, `locale`, `keywords`) VALUES ('17', 'slug', '0', 'en_us', '');
INSERT INTO `searchindex` (`elementId`, `attribute`, `fieldId`, `locale`, `keywords`) VALUES ('17', 'title', '0', 'en_us', ' 600x600 ');
INSERT INTO `searchindex` (`elementId`, `attribute`, `fieldId`, `locale`, `keywords`) VALUES ('18', 'filename', '0', 'en_us', ' 400x200 gif ');
INSERT INTO `searchindex` (`elementId`, `attribute`, `fieldId`, `locale`, `keywords`) VALUES ('18', 'extension', '0', 'en_us', ' gif ');
INSERT INTO `searchindex` (`elementId`, `attribute`, `fieldId`, `locale`, `keywords`) VALUES ('18', 'kind', '0', 'en_us', ' image ');
INSERT INTO `searchindex` (`elementId`, `attribute`, `fieldId`, `locale`, `keywords`) VALUES ('18', 'slug', '0', 'en_us', '');
INSERT INTO `searchindex` (`elementId`, `attribute`, `fieldId`, `locale`, `keywords`) VALUES ('18', 'title', '0', 'en_us', ' 400x200 ');
INSERT INTO `searchindex` (`elementId`, `attribute`, `fieldId`, `locale`, `keywords`) VALUES ('10', 'field', '23', 'en_us', '');
INSERT INTO `searchindex` (`elementId`, `attribute`, `fieldId`, `locale`, `keywords`) VALUES ('10', 'field', '24', 'en_us', '');
INSERT INTO `searchindex` (`elementId`, `attribute`, `fieldId`, `locale`, `keywords`) VALUES ('10', 'field', '39', 'en_us', '');
INSERT INTO `searchindex` (`elementId`, `attribute`, `fieldId`, `locale`, `keywords`) VALUES ('10', 'field', '25', 'en_us', ' this is the feature texts feature 1 fluid 640x480 this is the text content for responsive design feature this is the text content for responsive design feature this is the text content for responsive design feature this is the text content for responsive design feature liveperson desktop screen responsive design 414x736 liveperson jp ');
INSERT INTO `searchindex` (`elementId`, `attribute`, `fieldId`, `locale`, `keywords`) VALUES ('10', 'field', '42', 'en_us', ' 600x600 ');
INSERT INTO `searchindex` (`elementId`, `attribute`, `fieldId`, `locale`, `keywords`) VALUES ('10', 'field', '44', 'en_us', ' 1024x768 ');
INSERT INTO `searchindex` (`elementId`, `attribute`, `fieldId`, `locale`, `keywords`) VALUES ('10', 'field', '43', 'en_us', ' 400x200 ');
INSERT INTO `searchindex` (`elementId`, `attribute`, `fieldId`, `locale`, `keywords`) VALUES ('19', 'field', '26', 'en_us', ' feature 1 ');
INSERT INTO `searchindex` (`elementId`, `attribute`, `fieldId`, `locale`, `keywords`) VALUES ('19', 'field', '27', 'en_us', ' this is the feature texts ');
INSERT INTO `searchindex` (`elementId`, `attribute`, `fieldId`, `locale`, `keywords`) VALUES ('19', 'field', '28', 'en_us', ' 640x480 ');
INSERT INTO `searchindex` (`elementId`, `attribute`, `fieldId`, `locale`, `keywords`) VALUES ('19', 'field', '29', 'en_us', ' fluid ');
INSERT INTO `searchindex` (`elementId`, `attribute`, `fieldId`, `locale`, `keywords`) VALUES ('19', 'slug', '0', 'en_us', '');
INSERT INTO `searchindex` (`elementId`, `attribute`, `fieldId`, `locale`, `keywords`) VALUES ('9', 'field', '23', 'en_us', '');
INSERT INTO `searchindex` (`elementId`, `attribute`, `fieldId`, `locale`, `keywords`) VALUES ('9', 'field', '24', 'en_us', '');
INSERT INTO `searchindex` (`elementId`, `attribute`, `fieldId`, `locale`, `keywords`) VALUES ('9', 'field', '39', 'en_us', '');
INSERT INTO `searchindex` (`elementId`, `attribute`, `fieldId`, `locale`, `keywords`) VALUES ('9', 'field', '25', 'en_us', ' this is feature1 texts feature1 fluid 640x480 ');
INSERT INTO `searchindex` (`elementId`, `attribute`, `fieldId`, `locale`, `keywords`) VALUES ('9', 'field', '42', 'en_us', ' 600x600 ');
INSERT INTO `searchindex` (`elementId`, `attribute`, `fieldId`, `locale`, `keywords`) VALUES ('9', 'field', '44', 'en_us', ' 1024x768 ');
INSERT INTO `searchindex` (`elementId`, `attribute`, `fieldId`, `locale`, `keywords`) VALUES ('9', 'field', '43', 'en_us', ' 400x200 ');
INSERT INTO `searchindex` (`elementId`, `attribute`, `fieldId`, `locale`, `keywords`) VALUES ('20', 'field', '26', 'en_us', ' feature1 ');
INSERT INTO `searchindex` (`elementId`, `attribute`, `fieldId`, `locale`, `keywords`) VALUES ('20', 'field', '27', 'en_us', ' this is feature1 texts ');
INSERT INTO `searchindex` (`elementId`, `attribute`, `fieldId`, `locale`, `keywords`) VALUES ('20', 'field', '28', 'en_us', ' 640x480 ');
INSERT INTO `searchindex` (`elementId`, `attribute`, `fieldId`, `locale`, `keywords`) VALUES ('20', 'field', '29', 'en_us', ' fluid ');
INSERT INTO `searchindex` (`elementId`, `attribute`, `fieldId`, `locale`, `keywords`) VALUES ('20', 'slug', '0', 'en_us', '');
INSERT INTO `searchindex` (`elementId`, `attribute`, `fieldId`, `locale`, `keywords`) VALUES ('6', 'field', '23', 'en_us', ' subject research analysis ');
INSERT INTO `searchindex` (`elementId`, `attribute`, `fieldId`, `locale`, `keywords`) VALUES ('6', 'field', '24', 'en_us', ' the related cultural symbols and patterns tend to be abused and with a page full of incomprehensible theories it appears to be pseudoscience ultimately they all contribute to an obscure reading experience that one can feel difficult to learn from with my project fengshui real time i want to introduce this theory through storytelling and teach its principals through real time problem solving as well as give the user down to earth tips ');
INSERT INTO `searchindex` (`elementId`, `attribute`, `fieldId`, `locale`, `keywords`) VALUES ('6', 'field', '39', 'en_us', ' this is analysis flow 1 caption 960x500 2x this is analysis flow 2 caption 960x500 ');
INSERT INTO `searchindex` (`elementId`, `attribute`, `fieldId`, `locale`, `keywords`) VALUES ('6', 'field', '25', 'en_us', ' this is feature 1 texts feature 1 fluid 640x480 this is feature 2 text feature 2 is very amazing fluid 600x600 640x480 fengshui ipad boysroom fengshui top view this is feature 3 text feature 3 fluid 640x480 fengshui goldfish this is the comparison text before this is a comparison 960x500 640x480 after ');
INSERT INTO `searchindex` (`elementId`, `attribute`, `fieldId`, `locale`, `keywords`) VALUES ('6', 'field', '42', 'en_us', ' 600x600 ');
INSERT INTO `searchindex` (`elementId`, `attribute`, `fieldId`, `locale`, `keywords`) VALUES ('6', 'field', '44', 'en_us', ' fengshui branding ');
INSERT INTO `searchindex` (`elementId`, `attribute`, `fieldId`, `locale`, `keywords`) VALUES ('6', 'field', '43', 'en_us', ' 400x200 ');
INSERT INTO `searchindex` (`elementId`, `attribute`, `fieldId`, `locale`, `keywords`) VALUES ('21', 'field', '26', 'en_us', ' feature 1 ');
INSERT INTO `searchindex` (`elementId`, `attribute`, `fieldId`, `locale`, `keywords`) VALUES ('21', 'field', '27', 'en_us', ' this is feature 1 texts ');
INSERT INTO `searchindex` (`elementId`, `attribute`, `fieldId`, `locale`, `keywords`) VALUES ('21', 'field', '28', 'en_us', ' 640x480 ');
INSERT INTO `searchindex` (`elementId`, `attribute`, `fieldId`, `locale`, `keywords`) VALUES ('21', 'field', '29', 'en_us', ' fluid ');
INSERT INTO `searchindex` (`elementId`, `attribute`, `fieldId`, `locale`, `keywords`) VALUES ('21', 'slug', '0', 'en_us', '');
INSERT INTO `searchindex` (`elementId`, `attribute`, `fieldId`, `locale`, `keywords`) VALUES ('22', 'field', '19', 'en_us', ' project brief ');
INSERT INTO `searchindex` (`elementId`, `attribute`, `fieldId`, `locale`, `keywords`) VALUES ('22', 'field', '16', 'en_us', '');
INSERT INTO `searchindex` (`elementId`, `attribute`, `fieldId`, `locale`, `keywords`) VALUES ('22', 'field', '13', 'en_us', ' labs ');
INSERT INTO `searchindex` (`elementId`, `attribute`, `fieldId`, `locale`, `keywords`) VALUES ('22', 'field', '20', 'en_us', ' this is the project brief texts ');
INSERT INTO `searchindex` (`elementId`, `attribute`, `fieldId`, `locale`, `keywords`) VALUES ('22', 'field', '3', 'en_us', ' this is the project description ');
INSERT INTO `searchindex` (`elementId`, `attribute`, `fieldId`, `locale`, `keywords`) VALUES ('22', 'field', '17', 'en_us', '');
INSERT INTO `searchindex` (`elementId`, `attribute`, `fieldId`, `locale`, `keywords`) VALUES ('22', 'field', '18', 'en_us', '');
INSERT INTO `searchindex` (`elementId`, `attribute`, `fieldId`, `locale`, `keywords`) VALUES ('22', 'field', '4', 'en_us', ' 2013 ');
INSERT INTO `searchindex` (`elementId`, `attribute`, `fieldId`, `locale`, `keywords`) VALUES ('22', 'field', '23', 'en_us', ' project analysis ');
INSERT INTO `searchindex` (`elementId`, `attribute`, `fieldId`, `locale`, `keywords`) VALUES ('22', 'field', '10', 'en_us', ' beverage trail ');
INSERT INTO `searchindex` (`elementId`, `attribute`, `fieldId`, `locale`, `keywords`) VALUES ('22', 'field', '24', 'en_us', ' this is the analysis texts ');
INSERT INTO `searchindex` (`elementId`, `attribute`, `fieldId`, `locale`, `keywords`) VALUES ('22', 'field', '39', 'en_us', '');
INSERT INTO `searchindex` (`elementId`, `attribute`, `fieldId`, `locale`, `keywords`) VALUES ('22', 'field', '11', 'en_us', '');
INSERT INTO `searchindex` (`elementId`, `attribute`, `fieldId`, `locale`, `keywords`) VALUES ('22', 'field', '25', 'en_us', ' this is feature 1 texts feature 1 fluid 640x480 ');
INSERT INTO `searchindex` (`elementId`, `attribute`, `fieldId`, `locale`, `keywords`) VALUES ('22', 'field', '12', 'en_us', ' ux design visual design development ');
INSERT INTO `searchindex` (`elementId`, `attribute`, `fieldId`, `locale`, `keywords`) VALUES ('22', 'field', '9', 'en_us', ' photoshop css3 html5 javascript ');
INSERT INTO `searchindex` (`elementId`, `attribute`, `fieldId`, `locale`, `keywords`) VALUES ('22', 'field', '21', 'en_us', ' what i ve learned ');
INSERT INTO `searchindex` (`elementId`, `attribute`, `fieldId`, `locale`, `keywords`) VALUES ('22', 'field', '42', 'en_us', ' 600x600 ');
INSERT INTO `searchindex` (`elementId`, `attribute`, `fieldId`, `locale`, `keywords`) VALUES ('22', 'field', '22', 'en_us', ' this is what i ve learned ');
INSERT INTO `searchindex` (`elementId`, `attribute`, `fieldId`, `locale`, `keywords`) VALUES ('22', 'field', '44', 'en_us', ' cbt branding ');
INSERT INTO `searchindex` (`elementId`, `attribute`, `fieldId`, `locale`, `keywords`) VALUES ('22', 'field', '43', 'en_us', ' 400x200 ');
INSERT INTO `searchindex` (`elementId`, `attribute`, `fieldId`, `locale`, `keywords`) VALUES ('22', 'slug', '0', 'en_us', ' beverage trail ');
INSERT INTO `searchindex` (`elementId`, `attribute`, `fieldId`, `locale`, `keywords`) VALUES ('22', 'title', '0', 'en_us', ' beverage trail ');
INSERT INTO `searchindex` (`elementId`, `attribute`, `fieldId`, `locale`, `keywords`) VALUES ('23', 'field', '26', 'en_us', ' feature 1 ');
INSERT INTO `searchindex` (`elementId`, `attribute`, `fieldId`, `locale`, `keywords`) VALUES ('23', 'field', '27', 'en_us', ' this is feature 1 texts ');
INSERT INTO `searchindex` (`elementId`, `attribute`, `fieldId`, `locale`, `keywords`) VALUES ('23', 'field', '28', 'en_us', ' 640x480 ');
INSERT INTO `searchindex` (`elementId`, `attribute`, `fieldId`, `locale`, `keywords`) VALUES ('23', 'field', '29', 'en_us', ' fluid ');
INSERT INTO `searchindex` (`elementId`, `attribute`, `fieldId`, `locale`, `keywords`) VALUES ('23', 'slug', '0', 'en_us', '');
INSERT INTO `searchindex` (`elementId`, `attribute`, `fieldId`, `locale`, `keywords`) VALUES ('24', 'field', '19', 'en_us', ' project brief ');
INSERT INTO `searchindex` (`elementId`, `attribute`, `fieldId`, `locale`, `keywords`) VALUES ('24', 'field', '16', 'en_us', '');
INSERT INTO `searchindex` (`elementId`, `attribute`, `fieldId`, `locale`, `keywords`) VALUES ('24', 'field', '13', 'en_us', ' projects ');
INSERT INTO `searchindex` (`elementId`, `attribute`, `fieldId`, `locale`, `keywords`) VALUES ('24', 'field', '20', 'en_us', ' this is the project brief texts ');
INSERT INTO `searchindex` (`elementId`, `attribute`, `fieldId`, `locale`, `keywords`) VALUES ('24', 'field', '3', 'en_us', ' this is the project description ');
INSERT INTO `searchindex` (`elementId`, `attribute`, `fieldId`, `locale`, `keywords`) VALUES ('24', 'field', '17', 'en_us', '');
INSERT INTO `searchindex` (`elementId`, `attribute`, `fieldId`, `locale`, `keywords`) VALUES ('24', 'field', '18', 'en_us', '');
INSERT INTO `searchindex` (`elementId`, `attribute`, `fieldId`, `locale`, `keywords`) VALUES ('24', 'field', '4', 'en_us', ' 2014 ');
INSERT INTO `searchindex` (`elementId`, `attribute`, `fieldId`, `locale`, `keywords`) VALUES ('24', 'field', '23', 'en_us', ' project analysis ');
INSERT INTO `searchindex` (`elementId`, `attribute`, `fieldId`, `locale`, `keywords`) VALUES ('24', 'field', '10', 'en_us', '');
INSERT INTO `searchindex` (`elementId`, `attribute`, `fieldId`, `locale`, `keywords`) VALUES ('24', 'field', '24', 'en_us', ' this is the project analysis texts ');
INSERT INTO `searchindex` (`elementId`, `attribute`, `fieldId`, `locale`, `keywords`) VALUES ('24', 'field', '39', 'en_us', '');
INSERT INTO `searchindex` (`elementId`, `attribute`, `fieldId`, `locale`, `keywords`) VALUES ('24', 'field', '11', 'en_us', '');
INSERT INTO `searchindex` (`elementId`, `attribute`, `fieldId`, `locale`, `keywords`) VALUES ('24', 'field', '25', 'en_us', ' this is feature 1 texts feature 1 fluid 640x480 ');
INSERT INTO `searchindex` (`elementId`, `attribute`, `fieldId`, `locale`, `keywords`) VALUES ('24', 'field', '12', 'en_us', ' ux design wireframe ');
INSERT INTO `searchindex` (`elementId`, `attribute`, `fieldId`, `locale`, `keywords`) VALUES ('24', 'field', '9', 'en_us', ' justinmind ');
INSERT INTO `searchindex` (`elementId`, `attribute`, `fieldId`, `locale`, `keywords`) VALUES ('24', 'field', '21', 'en_us', ' what i ve learned ');
INSERT INTO `searchindex` (`elementId`, `attribute`, `fieldId`, `locale`, `keywords`) VALUES ('24', 'field', '42', 'en_us', ' 600x600 ');
INSERT INTO `searchindex` (`elementId`, `attribute`, `fieldId`, `locale`, `keywords`) VALUES ('24', 'field', '22', 'en_us', ' this is what i ve learned ');
INSERT INTO `searchindex` (`elementId`, `attribute`, `fieldId`, `locale`, `keywords`) VALUES ('24', 'field', '44', 'en_us', ' 1024x768 ');
INSERT INTO `searchindex` (`elementId`, `attribute`, `fieldId`, `locale`, `keywords`) VALUES ('24', 'field', '43', 'en_us', ' 400x200 ');
INSERT INTO `searchindex` (`elementId`, `attribute`, `fieldId`, `locale`, `keywords`) VALUES ('24', 'slug', '0', 'en_us', ' party planner ');
INSERT INTO `searchindex` (`elementId`, `attribute`, `fieldId`, `locale`, `keywords`) VALUES ('24', 'title', '0', 'en_us', ' party planner ');
INSERT INTO `searchindex` (`elementId`, `attribute`, `fieldId`, `locale`, `keywords`) VALUES ('25', 'field', '26', 'en_us', ' feature 1 ');
INSERT INTO `searchindex` (`elementId`, `attribute`, `fieldId`, `locale`, `keywords`) VALUES ('25', 'field', '27', 'en_us', ' this is feature 1 texts ');
INSERT INTO `searchindex` (`elementId`, `attribute`, `fieldId`, `locale`, `keywords`) VALUES ('25', 'field', '28', 'en_us', ' 640x480 ');
INSERT INTO `searchindex` (`elementId`, `attribute`, `fieldId`, `locale`, `keywords`) VALUES ('25', 'field', '29', 'en_us', ' fluid ');
INSERT INTO `searchindex` (`elementId`, `attribute`, `fieldId`, `locale`, `keywords`) VALUES ('25', 'slug', '0', 'en_us', '');
INSERT INTO `searchindex` (`elementId`, `attribute`, `fieldId`, `locale`, `keywords`) VALUES ('26', 'field', '19', 'en_us', ' project brief ');
INSERT INTO `searchindex` (`elementId`, `attribute`, `fieldId`, `locale`, `keywords`) VALUES ('26', 'field', '16', 'en_us', '');
INSERT INTO `searchindex` (`elementId`, `attribute`, `fieldId`, `locale`, `keywords`) VALUES ('26', 'field', '13', 'en_us', ' projects ');
INSERT INTO `searchindex` (`elementId`, `attribute`, `fieldId`, `locale`, `keywords`) VALUES ('26', 'field', '20', 'en_us', ' this is the project brief texts ');
INSERT INTO `searchindex` (`elementId`, `attribute`, `fieldId`, `locale`, `keywords`) VALUES ('26', 'field', '3', 'en_us', ' this is the project description ');
INSERT INTO `searchindex` (`elementId`, `attribute`, `fieldId`, `locale`, `keywords`) VALUES ('26', 'field', '17', 'en_us', '');
INSERT INTO `searchindex` (`elementId`, `attribute`, `fieldId`, `locale`, `keywords`) VALUES ('26', 'field', '18', 'en_us', '');
INSERT INTO `searchindex` (`elementId`, `attribute`, `fieldId`, `locale`, `keywords`) VALUES ('26', 'field', '4', 'en_us', ' 2013 ');
INSERT INTO `searchindex` (`elementId`, `attribute`, `fieldId`, `locale`, `keywords`) VALUES ('26', 'field', '23', 'en_us', ' project analysis ');
INSERT INTO `searchindex` (`elementId`, `attribute`, `fieldId`, `locale`, `keywords`) VALUES ('26', 'field', '10', 'en_us', ' kanjy ');
INSERT INTO `searchindex` (`elementId`, `attribute`, `fieldId`, `locale`, `keywords`) VALUES ('26', 'field', '24', 'en_us', ' this is the project analysis texts ');
INSERT INTO `searchindex` (`elementId`, `attribute`, `fieldId`, `locale`, `keywords`) VALUES ('26', 'field', '39', 'en_us', '');
INSERT INTO `searchindex` (`elementId`, `attribute`, `fieldId`, `locale`, `keywords`) VALUES ('26', 'field', '11', 'en_us', '');
INSERT INTO `searchindex` (`elementId`, `attribute`, `fieldId`, `locale`, `keywords`) VALUES ('26', 'field', '25', 'en_us', ' this is feature 1 texts feature 1 fluid 640x480 ');
INSERT INTO `searchindex` (`elementId`, `attribute`, `fieldId`, `locale`, `keywords`) VALUES ('26', 'field', '12', 'en_us', ' ux design wireframe prototype ');
INSERT INTO `searchindex` (`elementId`, `attribute`, `fieldId`, `locale`, `keywords`) VALUES ('26', 'field', '9', 'en_us', ' adobe indesign photoshop justinmind ');
INSERT INTO `searchindex` (`elementId`, `attribute`, `fieldId`, `locale`, `keywords`) VALUES ('26', 'field', '21', 'en_us', ' what i ve learned ');
INSERT INTO `searchindex` (`elementId`, `attribute`, `fieldId`, `locale`, `keywords`) VALUES ('26', 'field', '42', 'en_us', ' 600x600 ');
INSERT INTO `searchindex` (`elementId`, `attribute`, `fieldId`, `locale`, `keywords`) VALUES ('26', 'field', '22', 'en_us', ' this is what i ve learned ');
INSERT INTO `searchindex` (`elementId`, `attribute`, `fieldId`, `locale`, `keywords`) VALUES ('26', 'field', '44', 'en_us', ' kanjy branding ');
INSERT INTO `searchindex` (`elementId`, `attribute`, `fieldId`, `locale`, `keywords`) VALUES ('26', 'field', '43', 'en_us', ' 400x200 ');
INSERT INTO `searchindex` (`elementId`, `attribute`, `fieldId`, `locale`, `keywords`) VALUES ('26', 'slug', '0', 'en_us', ' kanjy website ');
INSERT INTO `searchindex` (`elementId`, `attribute`, `fieldId`, `locale`, `keywords`) VALUES ('26', 'title', '0', 'en_us', ' kanjy website ');
INSERT INTO `searchindex` (`elementId`, `attribute`, `fieldId`, `locale`, `keywords`) VALUES ('27', 'field', '26', 'en_us', ' feature 1 ');
INSERT INTO `searchindex` (`elementId`, `attribute`, `fieldId`, `locale`, `keywords`) VALUES ('27', 'field', '27', 'en_us', ' this is feature 1 texts ');
INSERT INTO `searchindex` (`elementId`, `attribute`, `fieldId`, `locale`, `keywords`) VALUES ('27', 'field', '28', 'en_us', ' 640x480 ');
INSERT INTO `searchindex` (`elementId`, `attribute`, `fieldId`, `locale`, `keywords`) VALUES ('27', 'field', '29', 'en_us', ' fluid ');
INSERT INTO `searchindex` (`elementId`, `attribute`, `fieldId`, `locale`, `keywords`) VALUES ('27', 'slug', '0', 'en_us', '');
INSERT INTO `searchindex` (`elementId`, `attribute`, `fieldId`, `locale`, `keywords`) VALUES ('28', 'field', '19', 'en_us', ' project brief ');
INSERT INTO `searchindex` (`elementId`, `attribute`, `fieldId`, `locale`, `keywords`) VALUES ('28', 'field', '16', 'en_us', '');
INSERT INTO `searchindex` (`elementId`, `attribute`, `fieldId`, `locale`, `keywords`) VALUES ('28', 'field', '13', 'en_us', ' projects ');
INSERT INTO `searchindex` (`elementId`, `attribute`, `fieldId`, `locale`, `keywords`) VALUES ('28', 'field', '20', 'en_us', ' this is the project brief texts ');
INSERT INTO `searchindex` (`elementId`, `attribute`, `fieldId`, `locale`, `keywords`) VALUES ('28', 'field', '3', 'en_us', ' this is the project description ');
INSERT INTO `searchindex` (`elementId`, `attribute`, `fieldId`, `locale`, `keywords`) VALUES ('28', 'field', '17', 'en_us', '');
INSERT INTO `searchindex` (`elementId`, `attribute`, `fieldId`, `locale`, `keywords`) VALUES ('28', 'field', '18', 'en_us', '');
INSERT INTO `searchindex` (`elementId`, `attribute`, `fieldId`, `locale`, `keywords`) VALUES ('28', 'field', '4', 'en_us', ' 2012 ');
INSERT INTO `searchindex` (`elementId`, `attribute`, `fieldId`, `locale`, `keywords`) VALUES ('28', 'field', '23', 'en_us', ' project analysis ');
INSERT INTO `searchindex` (`elementId`, `attribute`, `fieldId`, `locale`, `keywords`) VALUES ('28', 'field', '10', 'en_us', ' falcon ');
INSERT INTO `searchindex` (`elementId`, `attribute`, `fieldId`, `locale`, `keywords`) VALUES ('28', 'field', '24', 'en_us', ' this is the project analysis texts ');
INSERT INTO `searchindex` (`elementId`, `attribute`, `fieldId`, `locale`, `keywords`) VALUES ('28', 'field', '39', 'en_us', '');
INSERT INTO `searchindex` (`elementId`, `attribute`, `fieldId`, `locale`, `keywords`) VALUES ('28', 'field', '11', 'en_us', '');
INSERT INTO `searchindex` (`elementId`, `attribute`, `fieldId`, `locale`, `keywords`) VALUES ('28', 'field', '25', 'en_us', ' this is project feature 1 texts feature 1 fluid 640x480 ');
INSERT INTO `searchindex` (`elementId`, `attribute`, `fieldId`, `locale`, `keywords`) VALUES ('28', 'field', '12', 'en_us', ' visual design ');
INSERT INTO `searchindex` (`elementId`, `attribute`, `fieldId`, `locale`, `keywords`) VALUES ('28', 'field', '9', 'en_us', ' photoshop ');
INSERT INTO `searchindex` (`elementId`, `attribute`, `fieldId`, `locale`, `keywords`) VALUES ('28', 'field', '21', 'en_us', ' what i ve learned ');
INSERT INTO `searchindex` (`elementId`, `attribute`, `fieldId`, `locale`, `keywords`) VALUES ('28', 'field', '42', 'en_us', ' 600x600 ');
INSERT INTO `searchindex` (`elementId`, `attribute`, `fieldId`, `locale`, `keywords`) VALUES ('28', 'field', '22', 'en_us', ' this is what i ve learned ');
INSERT INTO `searchindex` (`elementId`, `attribute`, `fieldId`, `locale`, `keywords`) VALUES ('28', 'field', '44', 'en_us', ' falcon branding ');
INSERT INTO `searchindex` (`elementId`, `attribute`, `fieldId`, `locale`, `keywords`) VALUES ('28', 'field', '43', 'en_us', ' 400x200 ');
INSERT INTO `searchindex` (`elementId`, `attribute`, `fieldId`, `locale`, `keywords`) VALUES ('28', 'slug', '0', 'en_us', ' falcon ');
INSERT INTO `searchindex` (`elementId`, `attribute`, `fieldId`, `locale`, `keywords`) VALUES ('28', 'title', '0', 'en_us', ' falcon ');
INSERT INTO `searchindex` (`elementId`, `attribute`, `fieldId`, `locale`, `keywords`) VALUES ('29', 'field', '26', 'en_us', ' feature 1 ');
INSERT INTO `searchindex` (`elementId`, `attribute`, `fieldId`, `locale`, `keywords`) VALUES ('29', 'field', '27', 'en_us', ' this is project feature 1 texts ');
INSERT INTO `searchindex` (`elementId`, `attribute`, `fieldId`, `locale`, `keywords`) VALUES ('29', 'field', '28', 'en_us', ' 640x480 ');
INSERT INTO `searchindex` (`elementId`, `attribute`, `fieldId`, `locale`, `keywords`) VALUES ('29', 'field', '29', 'en_us', ' fluid ');
INSERT INTO `searchindex` (`elementId`, `attribute`, `fieldId`, `locale`, `keywords`) VALUES ('29', 'slug', '0', 'en_us', '');
INSERT INTO `searchindex` (`elementId`, `attribute`, `fieldId`, `locale`, `keywords`) VALUES ('30', 'field', '19', 'en_us', ' project brief ');
INSERT INTO `searchindex` (`elementId`, `attribute`, `fieldId`, `locale`, `keywords`) VALUES ('30', 'field', '16', 'en_us', '');
INSERT INTO `searchindex` (`elementId`, `attribute`, `fieldId`, `locale`, `keywords`) VALUES ('30', 'field', '13', 'en_us', ' projects ');
INSERT INTO `searchindex` (`elementId`, `attribute`, `fieldId`, `locale`, `keywords`) VALUES ('30', 'field', '20', 'en_us', ' this is the project brief texts ');
INSERT INTO `searchindex` (`elementId`, `attribute`, `fieldId`, `locale`, `keywords`) VALUES ('30', 'field', '3', 'en_us', ' this is the project description ');
INSERT INTO `searchindex` (`elementId`, `attribute`, `fieldId`, `locale`, `keywords`) VALUES ('30', 'field', '17', 'en_us', '');
INSERT INTO `searchindex` (`elementId`, `attribute`, `fieldId`, `locale`, `keywords`) VALUES ('30', 'field', '18', 'en_us', '');
INSERT INTO `searchindex` (`elementId`, `attribute`, `fieldId`, `locale`, `keywords`) VALUES ('30', 'field', '4', 'en_us', ' 2011 ');
INSERT INTO `searchindex` (`elementId`, `attribute`, `fieldId`, `locale`, `keywords`) VALUES ('30', 'field', '23', 'en_us', ' project analysis ');
INSERT INTO `searchindex` (`elementId`, `attribute`, `fieldId`, `locale`, `keywords`) VALUES ('30', 'field', '10', 'en_us', '');
INSERT INTO `searchindex` (`elementId`, `attribute`, `fieldId`, `locale`, `keywords`) VALUES ('30', 'field', '24', 'en_us', ' this is the project analysis texts ');
INSERT INTO `searchindex` (`elementId`, `attribute`, `fieldId`, `locale`, `keywords`) VALUES ('30', 'field', '39', 'en_us', '');
INSERT INTO `searchindex` (`elementId`, `attribute`, `fieldId`, `locale`, `keywords`) VALUES ('30', 'field', '11', 'en_us', '');
INSERT INTO `searchindex` (`elementId`, `attribute`, `fieldId`, `locale`, `keywords`) VALUES ('30', 'field', '25', 'en_us', ' this is feature 1 texts feature 1 fluid 640x480 ');
INSERT INTO `searchindex` (`elementId`, `attribute`, `fieldId`, `locale`, `keywords`) VALUES ('30', 'field', '12', 'en_us', ' ux design visual design prototype ');
INSERT INTO `searchindex` (`elementId`, `attribute`, `fieldId`, `locale`, `keywords`) VALUES ('30', 'field', '9', 'en_us', ' adobe indesign justinmind ');
INSERT INTO `searchindex` (`elementId`, `attribute`, `fieldId`, `locale`, `keywords`) VALUES ('30', 'field', '21', 'en_us', ' what i ve learned ');
INSERT INTO `searchindex` (`elementId`, `attribute`, `fieldId`, `locale`, `keywords`) VALUES ('30', 'field', '42', 'en_us', ' 600x600 ');
INSERT INTO `searchindex` (`elementId`, `attribute`, `fieldId`, `locale`, `keywords`) VALUES ('30', 'field', '22', 'en_us', ' this is what i ve learned ');
INSERT INTO `searchindex` (`elementId`, `attribute`, `fieldId`, `locale`, `keywords`) VALUES ('30', 'field', '44', 'en_us', ' dresssmart branding ');
INSERT INTO `searchindex` (`elementId`, `attribute`, `fieldId`, `locale`, `keywords`) VALUES ('30', 'field', '43', 'en_us', ' 400x200 ');
INSERT INTO `searchindex` (`elementId`, `attribute`, `fieldId`, `locale`, `keywords`) VALUES ('30', 'slug', '0', 'en_us', ' dresssmart ');
INSERT INTO `searchindex` (`elementId`, `attribute`, `fieldId`, `locale`, `keywords`) VALUES ('30', 'title', '0', 'en_us', ' dresssmart ');
INSERT INTO `searchindex` (`elementId`, `attribute`, `fieldId`, `locale`, `keywords`) VALUES ('31', 'field', '26', 'en_us', ' feature 1 ');
INSERT INTO `searchindex` (`elementId`, `attribute`, `fieldId`, `locale`, `keywords`) VALUES ('31', 'field', '27', 'en_us', ' this is feature 1 texts ');
INSERT INTO `searchindex` (`elementId`, `attribute`, `fieldId`, `locale`, `keywords`) VALUES ('31', 'field', '28', 'en_us', ' 640x480 ');
INSERT INTO `searchindex` (`elementId`, `attribute`, `fieldId`, `locale`, `keywords`) VALUES ('31', 'field', '29', 'en_us', ' fluid ');
INSERT INTO `searchindex` (`elementId`, `attribute`, `fieldId`, `locale`, `keywords`) VALUES ('31', 'slug', '0', 'en_us', '');
INSERT INTO `searchindex` (`elementId`, `attribute`, `fieldId`, `locale`, `keywords`) VALUES ('32', 'field', '19', 'en_us', ' project brief ');
INSERT INTO `searchindex` (`elementId`, `attribute`, `fieldId`, `locale`, `keywords`) VALUES ('32', 'field', '16', 'en_us', '');
INSERT INTO `searchindex` (`elementId`, `attribute`, `fieldId`, `locale`, `keywords`) VALUES ('32', 'field', '13', 'en_us', ' projects ');
INSERT INTO `searchindex` (`elementId`, `attribute`, `fieldId`, `locale`, `keywords`) VALUES ('32', 'field', '20', 'en_us', ' this is the project brief texts ');
INSERT INTO `searchindex` (`elementId`, `attribute`, `fieldId`, `locale`, `keywords`) VALUES ('32', 'field', '3', 'en_us', ' this is the project description ');
INSERT INTO `searchindex` (`elementId`, `attribute`, `fieldId`, `locale`, `keywords`) VALUES ('32', 'field', '17', 'en_us', '');
INSERT INTO `searchindex` (`elementId`, `attribute`, `fieldId`, `locale`, `keywords`) VALUES ('32', 'field', '18', 'en_us', '');
INSERT INTO `searchindex` (`elementId`, `attribute`, `fieldId`, `locale`, `keywords`) VALUES ('32', 'field', '4', 'en_us', ' 2015 ');
INSERT INTO `searchindex` (`elementId`, `attribute`, `fieldId`, `locale`, `keywords`) VALUES ('32', 'field', '23', 'en_us', ' project analysis ');
INSERT INTO `searchindex` (`elementId`, `attribute`, `fieldId`, `locale`, `keywords`) VALUES ('32', 'field', '10', 'en_us', ' sandata ');
INSERT INTO `searchindex` (`elementId`, `attribute`, `fieldId`, `locale`, `keywords`) VALUES ('32', 'field', '24', 'en_us', ' this is the analysis texts ');
INSERT INTO `searchindex` (`elementId`, `attribute`, `fieldId`, `locale`, `keywords`) VALUES ('32', 'field', '39', 'en_us', '');
INSERT INTO `searchindex` (`elementId`, `attribute`, `fieldId`, `locale`, `keywords`) VALUES ('32', 'field', '11', 'en_us', '');
INSERT INTO `searchindex` (`elementId`, `attribute`, `fieldId`, `locale`, `keywords`) VALUES ('32', 'field', '25', 'en_us', ' this is feature1 texts feature 1 fluid 640x480 ');
INSERT INTO `searchindex` (`elementId`, `attribute`, `fieldId`, `locale`, `keywords`) VALUES ('32', 'field', '12', 'en_us', ' visual design ');
INSERT INTO `searchindex` (`elementId`, `attribute`, `fieldId`, `locale`, `keywords`) VALUES ('32', 'field', '9', 'en_us', ' photoshop ');
INSERT INTO `searchindex` (`elementId`, `attribute`, `fieldId`, `locale`, `keywords`) VALUES ('32', 'field', '21', 'en_us', ' what i ve learned ');
INSERT INTO `searchindex` (`elementId`, `attribute`, `fieldId`, `locale`, `keywords`) VALUES ('32', 'field', '42', 'en_us', ' 600x600 ');
INSERT INTO `searchindex` (`elementId`, `attribute`, `fieldId`, `locale`, `keywords`) VALUES ('32', 'field', '22', 'en_us', ' this is what i ve learned ');
INSERT INTO `searchindex` (`elementId`, `attribute`, `fieldId`, `locale`, `keywords`) VALUES ('32', 'field', '44', 'en_us', ' 1024x768 ');
INSERT INTO `searchindex` (`elementId`, `attribute`, `fieldId`, `locale`, `keywords`) VALUES ('32', 'field', '43', 'en_us', ' 400x200 ');
INSERT INTO `searchindex` (`elementId`, `attribute`, `fieldId`, `locale`, `keywords`) VALUES ('32', 'slug', '0', 'en_us', ' sandata ');
INSERT INTO `searchindex` (`elementId`, `attribute`, `fieldId`, `locale`, `keywords`) VALUES ('32', 'title', '0', 'en_us', ' sandata ');
INSERT INTO `searchindex` (`elementId`, `attribute`, `fieldId`, `locale`, `keywords`) VALUES ('33', 'field', '26', 'en_us', ' feature 1 ');
INSERT INTO `searchindex` (`elementId`, `attribute`, `fieldId`, `locale`, `keywords`) VALUES ('33', 'field', '27', 'en_us', ' this is feature1 texts ');
INSERT INTO `searchindex` (`elementId`, `attribute`, `fieldId`, `locale`, `keywords`) VALUES ('33', 'field', '28', 'en_us', ' 640x480 ');
INSERT INTO `searchindex` (`elementId`, `attribute`, `fieldId`, `locale`, `keywords`) VALUES ('33', 'field', '29', 'en_us', ' fluid ');
INSERT INTO `searchindex` (`elementId`, `attribute`, `fieldId`, `locale`, `keywords`) VALUES ('33', 'slug', '0', 'en_us', '');
INSERT INTO `searchindex` (`elementId`, `attribute`, `fieldId`, `locale`, `keywords`) VALUES ('34', 'field', '19', 'en_us', ' project brief ');
INSERT INTO `searchindex` (`elementId`, `attribute`, `fieldId`, `locale`, `keywords`) VALUES ('34', 'field', '16', 'en_us', '');
INSERT INTO `searchindex` (`elementId`, `attribute`, `fieldId`, `locale`, `keywords`) VALUES ('34', 'field', '13', 'en_us', ' projects ');
INSERT INTO `searchindex` (`elementId`, `attribute`, `fieldId`, `locale`, `keywords`) VALUES ('34', 'field', '20', 'en_us', ' this is the project brief texts ');
INSERT INTO `searchindex` (`elementId`, `attribute`, `fieldId`, `locale`, `keywords`) VALUES ('34', 'field', '3', 'en_us', ' this is the project description ');
INSERT INTO `searchindex` (`elementId`, `attribute`, `fieldId`, `locale`, `keywords`) VALUES ('34', 'field', '17', 'en_us', '');
INSERT INTO `searchindex` (`elementId`, `attribute`, `fieldId`, `locale`, `keywords`) VALUES ('34', 'field', '18', 'en_us', '');
INSERT INTO `searchindex` (`elementId`, `attribute`, `fieldId`, `locale`, `keywords`) VALUES ('34', 'field', '4', 'en_us', ' 2013 ');
INSERT INTO `searchindex` (`elementId`, `attribute`, `fieldId`, `locale`, `keywords`) VALUES ('34', 'field', '23', 'en_us', ' project analysis ');
INSERT INTO `searchindex` (`elementId`, `attribute`, `fieldId`, `locale`, `keywords`) VALUES ('34', 'field', '10', 'en_us', ' ideation llc ');
INSERT INTO `searchindex` (`elementId`, `attribute`, `fieldId`, `locale`, `keywords`) VALUES ('34', 'field', '24', 'en_us', ' this is project analysis texts ');
INSERT INTO `searchindex` (`elementId`, `attribute`, `fieldId`, `locale`, `keywords`) VALUES ('34', 'field', '39', 'en_us', '');
INSERT INTO `searchindex` (`elementId`, `attribute`, `fieldId`, `locale`, `keywords`) VALUES ('34', 'field', '11', 'en_us', ' http www ideationnyc com ');
INSERT INTO `searchindex` (`elementId`, `attribute`, `fieldId`, `locale`, `keywords`) VALUES ('34', 'field', '25', 'en_us', ' this is feature 1 texts feature 1 fluid 640x480 ');
INSERT INTO `searchindex` (`elementId`, `attribute`, `fieldId`, `locale`, `keywords`) VALUES ('34', 'field', '12', 'en_us', ' ux design visual design ');
INSERT INTO `searchindex` (`elementId`, `attribute`, `fieldId`, `locale`, `keywords`) VALUES ('34', 'field', '9', 'en_us', ' photoshop ');
INSERT INTO `searchindex` (`elementId`, `attribute`, `fieldId`, `locale`, `keywords`) VALUES ('34', 'field', '21', 'en_us', ' what i ve learned ');
INSERT INTO `searchindex` (`elementId`, `attribute`, `fieldId`, `locale`, `keywords`) VALUES ('34', 'field', '42', 'en_us', ' 600x600 ');
INSERT INTO `searchindex` (`elementId`, `attribute`, `fieldId`, `locale`, `keywords`) VALUES ('34', 'field', '22', 'en_us', ' this is what i ve learned ');
INSERT INTO `searchindex` (`elementId`, `attribute`, `fieldId`, `locale`, `keywords`) VALUES ('34', 'field', '44', 'en_us', ' ideation branding ');
INSERT INTO `searchindex` (`elementId`, `attribute`, `fieldId`, `locale`, `keywords`) VALUES ('34', 'field', '43', 'en_us', ' 400x200 ');
INSERT INTO `searchindex` (`elementId`, `attribute`, `fieldId`, `locale`, `keywords`) VALUES ('34', 'slug', '0', 'en_us', ' ideation website ');
INSERT INTO `searchindex` (`elementId`, `attribute`, `fieldId`, `locale`, `keywords`) VALUES ('34', 'title', '0', 'en_us', ' ideation website ');
INSERT INTO `searchindex` (`elementId`, `attribute`, `fieldId`, `locale`, `keywords`) VALUES ('35', 'field', '26', 'en_us', ' feature 1 ');
INSERT INTO `searchindex` (`elementId`, `attribute`, `fieldId`, `locale`, `keywords`) VALUES ('35', 'field', '27', 'en_us', ' this is feature 1 texts ');
INSERT INTO `searchindex` (`elementId`, `attribute`, `fieldId`, `locale`, `keywords`) VALUES ('35', 'field', '28', 'en_us', ' 640x480 ');
INSERT INTO `searchindex` (`elementId`, `attribute`, `fieldId`, `locale`, `keywords`) VALUES ('35', 'field', '29', 'en_us', ' fluid ');
INSERT INTO `searchindex` (`elementId`, `attribute`, `fieldId`, `locale`, `keywords`) VALUES ('35', 'slug', '0', 'en_us', '');
INSERT INTO `searchindex` (`elementId`, `attribute`, `fieldId`, `locale`, `keywords`) VALUES ('36', 'field', '19', 'en_us', ' project brief ');
INSERT INTO `searchindex` (`elementId`, `attribute`, `fieldId`, `locale`, `keywords`) VALUES ('36', 'field', '16', 'en_us', '');
INSERT INTO `searchindex` (`elementId`, `attribute`, `fieldId`, `locale`, `keywords`) VALUES ('36', 'field', '13', 'en_us', ' labs ');
INSERT INTO `searchindex` (`elementId`, `attribute`, `fieldId`, `locale`, `keywords`) VALUES ('36', 'field', '20', 'en_us', ' this is the project brief texts ');
INSERT INTO `searchindex` (`elementId`, `attribute`, `fieldId`, `locale`, `keywords`) VALUES ('36', 'field', '3', 'en_us', ' this is the project description ');
INSERT INTO `searchindex` (`elementId`, `attribute`, `fieldId`, `locale`, `keywords`) VALUES ('36', 'field', '17', 'en_us', '');
INSERT INTO `searchindex` (`elementId`, `attribute`, `fieldId`, `locale`, `keywords`) VALUES ('36', 'field', '18', 'en_us', '');
INSERT INTO `searchindex` (`elementId`, `attribute`, `fieldId`, `locale`, `keywords`) VALUES ('36', 'field', '4', 'en_us', ' 2011 ');
INSERT INTO `searchindex` (`elementId`, `attribute`, `fieldId`, `locale`, `keywords`) VALUES ('36', 'field', '23', 'en_us', ' project analysis ');
INSERT INTO `searchindex` (`elementId`, `attribute`, `fieldId`, `locale`, `keywords`) VALUES ('36', 'field', '10', 'en_us', ' wedwu ');
INSERT INTO `searchindex` (`elementId`, `attribute`, `fieldId`, `locale`, `keywords`) VALUES ('36', 'field', '24', 'en_us', ' this is project analysis texts ');
INSERT INTO `searchindex` (`elementId`, `attribute`, `fieldId`, `locale`, `keywords`) VALUES ('36', 'field', '39', 'en_us', '');
INSERT INTO `searchindex` (`elementId`, `attribute`, `fieldId`, `locale`, `keywords`) VALUES ('36', 'field', '11', 'en_us', '');
INSERT INTO `searchindex` (`elementId`, `attribute`, `fieldId`, `locale`, `keywords`) VALUES ('36', 'field', '25', 'en_us', ' this is feature 1 texts feature 1 fluid 640x480 ');
INSERT INTO `searchindex` (`elementId`, `attribute`, `fieldId`, `locale`, `keywords`) VALUES ('36', 'field', '12', 'en_us', ' ux design ');
INSERT INTO `searchindex` (`elementId`, `attribute`, `fieldId`, `locale`, `keywords`) VALUES ('36', 'field', '9', 'en_us', ' axure ');
INSERT INTO `searchindex` (`elementId`, `attribute`, `fieldId`, `locale`, `keywords`) VALUES ('36', 'field', '21', 'en_us', ' what i ve learned ');
INSERT INTO `searchindex` (`elementId`, `attribute`, `fieldId`, `locale`, `keywords`) VALUES ('36', 'field', '42', 'en_us', ' 600x600 ');
INSERT INTO `searchindex` (`elementId`, `attribute`, `fieldId`, `locale`, `keywords`) VALUES ('36', 'field', '22', 'en_us', ' this is what i ve learned ');
INSERT INTO `searchindex` (`elementId`, `attribute`, `fieldId`, `locale`, `keywords`) VALUES ('36', 'field', '44', 'en_us', ' 1024x768 ');
INSERT INTO `searchindex` (`elementId`, `attribute`, `fieldId`, `locale`, `keywords`) VALUES ('36', 'field', '43', 'en_us', ' 400x200 ');
INSERT INTO `searchindex` (`elementId`, `attribute`, `fieldId`, `locale`, `keywords`) VALUES ('36', 'slug', '0', 'en_us', ' wedwu redesign ');
INSERT INTO `searchindex` (`elementId`, `attribute`, `fieldId`, `locale`, `keywords`) VALUES ('36', 'title', '0', 'en_us', ' wedwu redesign ');
INSERT INTO `searchindex` (`elementId`, `attribute`, `fieldId`, `locale`, `keywords`) VALUES ('37', 'field', '26', 'en_us', ' feature 1 ');
INSERT INTO `searchindex` (`elementId`, `attribute`, `fieldId`, `locale`, `keywords`) VALUES ('37', 'field', '27', 'en_us', ' this is feature 1 texts ');
INSERT INTO `searchindex` (`elementId`, `attribute`, `fieldId`, `locale`, `keywords`) VALUES ('37', 'field', '28', 'en_us', ' 640x480 ');
INSERT INTO `searchindex` (`elementId`, `attribute`, `fieldId`, `locale`, `keywords`) VALUES ('37', 'field', '29', 'en_us', ' fluid ');
INSERT INTO `searchindex` (`elementId`, `attribute`, `fieldId`, `locale`, `keywords`) VALUES ('37', 'slug', '0', 'en_us', '');
INSERT INTO `searchindex` (`elementId`, `attribute`, `fieldId`, `locale`, `keywords`) VALUES ('38', 'field', '19', 'en_us', ' this is the project brief ');
INSERT INTO `searchindex` (`elementId`, `attribute`, `fieldId`, `locale`, `keywords`) VALUES ('38', 'field', '16', 'en_us', '');
INSERT INTO `searchindex` (`elementId`, `attribute`, `fieldId`, `locale`, `keywords`) VALUES ('38', 'field', '13', 'en_us', ' labs ');
INSERT INTO `searchindex` (`elementId`, `attribute`, `fieldId`, `locale`, `keywords`) VALUES ('38', 'field', '20', 'en_us', ' this is the project brief texts ');
INSERT INTO `searchindex` (`elementId`, `attribute`, `fieldId`, `locale`, `keywords`) VALUES ('38', 'field', '3', 'en_us', ' this is the project description ');
INSERT INTO `searchindex` (`elementId`, `attribute`, `fieldId`, `locale`, `keywords`) VALUES ('38', 'field', '17', 'en_us', '');
INSERT INTO `searchindex` (`elementId`, `attribute`, `fieldId`, `locale`, `keywords`) VALUES ('38', 'field', '18', 'en_us', '');
INSERT INTO `searchindex` (`elementId`, `attribute`, `fieldId`, `locale`, `keywords`) VALUES ('38', 'field', '4', 'en_us', ' 2015 ');
INSERT INTO `searchindex` (`elementId`, `attribute`, `fieldId`, `locale`, `keywords`) VALUES ('38', 'field', '23', 'en_us', ' project analysis ');
INSERT INTO `searchindex` (`elementId`, `attribute`, `fieldId`, `locale`, `keywords`) VALUES ('38', 'field', '10', 'en_us', '');
INSERT INTO `searchindex` (`elementId`, `attribute`, `fieldId`, `locale`, `keywords`) VALUES ('38', 'field', '24', 'en_us', ' this is the project analysis texts ');
INSERT INTO `searchindex` (`elementId`, `attribute`, `fieldId`, `locale`, `keywords`) VALUES ('38', 'field', '39', 'en_us', '');
INSERT INTO `searchindex` (`elementId`, `attribute`, `fieldId`, `locale`, `keywords`) VALUES ('38', 'field', '11', 'en_us', '');
INSERT INTO `searchindex` (`elementId`, `attribute`, `fieldId`, `locale`, `keywords`) VALUES ('38', 'field', '25', 'en_us', ' this is project feature 1 texts feature 1 fluid 640x480 ');
INSERT INTO `searchindex` (`elementId`, `attribute`, `fieldId`, `locale`, `keywords`) VALUES ('38', 'field', '12', 'en_us', ' ux design wireframe visual design ');
INSERT INTO `searchindex` (`elementId`, `attribute`, `fieldId`, `locale`, `keywords`) VALUES ('38', 'field', '9', 'en_us', ' invision sketch ');
INSERT INTO `searchindex` (`elementId`, `attribute`, `fieldId`, `locale`, `keywords`) VALUES ('38', 'field', '21', 'en_us', ' what i ve learned ');
INSERT INTO `searchindex` (`elementId`, `attribute`, `fieldId`, `locale`, `keywords`) VALUES ('38', 'field', '42', 'en_us', ' 600x600 ');
INSERT INTO `searchindex` (`elementId`, `attribute`, `fieldId`, `locale`, `keywords`) VALUES ('38', 'field', '22', 'en_us', ' this is what i ve learned ');
INSERT INTO `searchindex` (`elementId`, `attribute`, `fieldId`, `locale`, `keywords`) VALUES ('38', 'field', '44', 'en_us', ' 1024x768 ');
INSERT INTO `searchindex` (`elementId`, `attribute`, `fieldId`, `locale`, `keywords`) VALUES ('38', 'field', '43', 'en_us', ' 400x200 ');
INSERT INTO `searchindex` (`elementId`, `attribute`, `fieldId`, `locale`, `keywords`) VALUES ('38', 'slug', '0', 'en_us', ' train tracker app ');
INSERT INTO `searchindex` (`elementId`, `attribute`, `fieldId`, `locale`, `keywords`) VALUES ('38', 'title', '0', 'en_us', ' train tracker app ');
INSERT INTO `searchindex` (`elementId`, `attribute`, `fieldId`, `locale`, `keywords`) VALUES ('39', 'field', '26', 'en_us', ' feature 1 ');
INSERT INTO `searchindex` (`elementId`, `attribute`, `fieldId`, `locale`, `keywords`) VALUES ('39', 'field', '27', 'en_us', ' this is project feature 1 texts ');
INSERT INTO `searchindex` (`elementId`, `attribute`, `fieldId`, `locale`, `keywords`) VALUES ('39', 'field', '28', 'en_us', ' 640x480 ');
INSERT INTO `searchindex` (`elementId`, `attribute`, `fieldId`, `locale`, `keywords`) VALUES ('39', 'field', '29', 'en_us', ' fluid ');
INSERT INTO `searchindex` (`elementId`, `attribute`, `fieldId`, `locale`, `keywords`) VALUES ('39', 'slug', '0', 'en_us', '');
INSERT INTO `searchindex` (`elementId`, `attribute`, `fieldId`, `locale`, `keywords`) VALUES ('40', 'field', '19', 'en_us', ' project brief ');
INSERT INTO `searchindex` (`elementId`, `attribute`, `fieldId`, `locale`, `keywords`) VALUES ('40', 'field', '16', 'en_us', '');
INSERT INTO `searchindex` (`elementId`, `attribute`, `fieldId`, `locale`, `keywords`) VALUES ('40', 'field', '13', 'en_us', ' labs ');
INSERT INTO `searchindex` (`elementId`, `attribute`, `fieldId`, `locale`, `keywords`) VALUES ('40', 'field', '20', 'en_us', ' this is the project brief texts ');
INSERT INTO `searchindex` (`elementId`, `attribute`, `fieldId`, `locale`, `keywords`) VALUES ('40', 'field', '3', 'en_us', ' this is the project description ');
INSERT INTO `searchindex` (`elementId`, `attribute`, `fieldId`, `locale`, `keywords`) VALUES ('40', 'field', '17', 'en_us', '');
INSERT INTO `searchindex` (`elementId`, `attribute`, `fieldId`, `locale`, `keywords`) VALUES ('40', 'field', '18', 'en_us', '');
INSERT INTO `searchindex` (`elementId`, `attribute`, `fieldId`, `locale`, `keywords`) VALUES ('40', 'field', '4', 'en_us', ' 2012 ');
INSERT INTO `searchindex` (`elementId`, `attribute`, `fieldId`, `locale`, `keywords`) VALUES ('40', 'field', '23', 'en_us', ' project analysis ');
INSERT INTO `searchindex` (`elementId`, `attribute`, `fieldId`, `locale`, `keywords`) VALUES ('40', 'field', '10', 'en_us', ' joe zhou ');
INSERT INTO `searchindex` (`elementId`, `attribute`, `fieldId`, `locale`, `keywords`) VALUES ('40', 'field', '24', 'en_us', ' this is the project analysis texts ');
INSERT INTO `searchindex` (`elementId`, `attribute`, `fieldId`, `locale`, `keywords`) VALUES ('40', 'field', '39', 'en_us', '');
INSERT INTO `searchindex` (`elementId`, `attribute`, `fieldId`, `locale`, `keywords`) VALUES ('40', 'field', '11', 'en_us', ' http www joeonmars com ');
INSERT INTO `searchindex` (`elementId`, `attribute`, `fieldId`, `locale`, `keywords`) VALUES ('40', 'field', '25', 'en_us', ' this is feature 1 texts feature 1 fluid 640x480 ');
INSERT INTO `searchindex` (`elementId`, `attribute`, `fieldId`, `locale`, `keywords`) VALUES ('40', 'field', '12', 'en_us', ' created this amazing piece ');
INSERT INTO `searchindex` (`elementId`, `attribute`, `fieldId`, `locale`, `keywords`) VALUES ('40', 'field', '9', 'en_us', ' photoshop ');
INSERT INTO `searchindex` (`elementId`, `attribute`, `fieldId`, `locale`, `keywords`) VALUES ('40', 'field', '21', 'en_us', ' what i ve learned ');
INSERT INTO `searchindex` (`elementId`, `attribute`, `fieldId`, `locale`, `keywords`) VALUES ('40', 'field', '42', 'en_us', ' 600x600 ');
INSERT INTO `searchindex` (`elementId`, `attribute`, `fieldId`, `locale`, `keywords`) VALUES ('40', 'field', '22', 'en_us', ' this is what i ve learned ');
INSERT INTO `searchindex` (`elementId`, `attribute`, `fieldId`, `locale`, `keywords`) VALUES ('40', 'field', '44', 'en_us', ' 1024x768 ');
INSERT INTO `searchindex` (`elementId`, `attribute`, `fieldId`, `locale`, `keywords`) VALUES ('40', 'field', '43', 'en_us', ' 400x200 ');
INSERT INTO `searchindex` (`elementId`, `attribute`, `fieldId`, `locale`, `keywords`) VALUES ('40', 'slug', '0', 'en_us', ' music box ');
INSERT INTO `searchindex` (`elementId`, `attribute`, `fieldId`, `locale`, `keywords`) VALUES ('40', 'title', '0', 'en_us', ' music box ');
INSERT INTO `searchindex` (`elementId`, `attribute`, `fieldId`, `locale`, `keywords`) VALUES ('41', 'field', '26', 'en_us', ' feature 1 ');
INSERT INTO `searchindex` (`elementId`, `attribute`, `fieldId`, `locale`, `keywords`) VALUES ('41', 'field', '27', 'en_us', ' this is feature 1 texts ');
INSERT INTO `searchindex` (`elementId`, `attribute`, `fieldId`, `locale`, `keywords`) VALUES ('41', 'field', '28', 'en_us', ' 640x480 ');
INSERT INTO `searchindex` (`elementId`, `attribute`, `fieldId`, `locale`, `keywords`) VALUES ('41', 'field', '29', 'en_us', ' fluid ');
INSERT INTO `searchindex` (`elementId`, `attribute`, `fieldId`, `locale`, `keywords`) VALUES ('41', 'slug', '0', 'en_us', '');
INSERT INTO `searchindex` (`elementId`, `attribute`, `fieldId`, `locale`, `keywords`) VALUES ('42', 'field', '19', 'en_us', ' project brief ');
INSERT INTO `searchindex` (`elementId`, `attribute`, `fieldId`, `locale`, `keywords`) VALUES ('42', 'field', '16', 'en_us', '');
INSERT INTO `searchindex` (`elementId`, `attribute`, `fieldId`, `locale`, `keywords`) VALUES ('42', 'field', '13', 'en_us', ' labs ');
INSERT INTO `searchindex` (`elementId`, `attribute`, `fieldId`, `locale`, `keywords`) VALUES ('42', 'field', '20', 'en_us', ' this is the project brief texts ');
INSERT INTO `searchindex` (`elementId`, `attribute`, `fieldId`, `locale`, `keywords`) VALUES ('42', 'field', '3', 'en_us', ' this is the project description ');
INSERT INTO `searchindex` (`elementId`, `attribute`, `fieldId`, `locale`, `keywords`) VALUES ('42', 'field', '17', 'en_us', '');
INSERT INTO `searchindex` (`elementId`, `attribute`, `fieldId`, `locale`, `keywords`) VALUES ('42', 'field', '18', 'en_us', '');
INSERT INTO `searchindex` (`elementId`, `attribute`, `fieldId`, `locale`, `keywords`) VALUES ('42', 'field', '4', 'en_us', ' 2014 ');
INSERT INTO `searchindex` (`elementId`, `attribute`, `fieldId`, `locale`, `keywords`) VALUES ('42', 'field', '23', 'en_us', ' project analysis ');
INSERT INTO `searchindex` (`elementId`, `attribute`, `fieldId`, `locale`, `keywords`) VALUES ('42', 'field', '10', 'en_us', ' verbalized ');
INSERT INTO `searchindex` (`elementId`, `attribute`, `fieldId`, `locale`, `keywords`) VALUES ('42', 'field', '24', 'en_us', ' this is the project analysis texts ');
INSERT INTO `searchindex` (`elementId`, `attribute`, `fieldId`, `locale`, `keywords`) VALUES ('42', 'field', '39', 'en_us', '');
INSERT INTO `searchindex` (`elementId`, `attribute`, `fieldId`, `locale`, `keywords`) VALUES ('42', 'field', '11', 'en_us', ' http www verbalizeit com ');
INSERT INTO `searchindex` (`elementId`, `attribute`, `fieldId`, `locale`, `keywords`) VALUES ('42', 'field', '25', 'en_us', ' this is feature 1 texts feature 1 fluid 640x480 ');
INSERT INTO `searchindex` (`elementId`, `attribute`, `fieldId`, `locale`, `keywords`) VALUES ('42', 'field', '12', 'en_us', ' presentation design ');
INSERT INTO `searchindex` (`elementId`, `attribute`, `fieldId`, `locale`, `keywords`) VALUES ('42', 'field', '9', 'en_us', ' sketch ');
INSERT INTO `searchindex` (`elementId`, `attribute`, `fieldId`, `locale`, `keywords`) VALUES ('42', 'field', '21', 'en_us', ' what i ve learned ');
INSERT INTO `searchindex` (`elementId`, `attribute`, `fieldId`, `locale`, `keywords`) VALUES ('42', 'field', '42', 'en_us', ' 600x600 ');
INSERT INTO `searchindex` (`elementId`, `attribute`, `fieldId`, `locale`, `keywords`) VALUES ('42', 'field', '22', 'en_us', ' this is what i ve learned ');
INSERT INTO `searchindex` (`elementId`, `attribute`, `fieldId`, `locale`, `keywords`) VALUES ('42', 'field', '44', 'en_us', ' verbalizeit branding ');
INSERT INTO `searchindex` (`elementId`, `attribute`, `fieldId`, `locale`, `keywords`) VALUES ('42', 'field', '43', 'en_us', ' 400x200 ');
INSERT INTO `searchindex` (`elementId`, `attribute`, `fieldId`, `locale`, `keywords`) VALUES ('42', 'slug', '0', 'en_us', ' innovative presentation for verbalized ');
INSERT INTO `searchindex` (`elementId`, `attribute`, `fieldId`, `locale`, `keywords`) VALUES ('42', 'title', '0', 'en_us', ' innovative presentation for verbalized ');
INSERT INTO `searchindex` (`elementId`, `attribute`, `fieldId`, `locale`, `keywords`) VALUES ('43', 'field', '26', 'en_us', ' feature 1 ');
INSERT INTO `searchindex` (`elementId`, `attribute`, `fieldId`, `locale`, `keywords`) VALUES ('43', 'field', '27', 'en_us', ' this is feature 1 texts ');
INSERT INTO `searchindex` (`elementId`, `attribute`, `fieldId`, `locale`, `keywords`) VALUES ('43', 'field', '28', 'en_us', ' 640x480 ');
INSERT INTO `searchindex` (`elementId`, `attribute`, `fieldId`, `locale`, `keywords`) VALUES ('43', 'field', '29', 'en_us', ' fluid ');
INSERT INTO `searchindex` (`elementId`, `attribute`, `fieldId`, `locale`, `keywords`) VALUES ('43', 'slug', '0', 'en_us', '');
INSERT INTO `searchindex` (`elementId`, `attribute`, `fieldId`, `locale`, `keywords`) VALUES ('44', 'field', '19', 'en_us', ' project brief ');
INSERT INTO `searchindex` (`elementId`, `attribute`, `fieldId`, `locale`, `keywords`) VALUES ('44', 'field', '16', 'en_us', '');
INSERT INTO `searchindex` (`elementId`, `attribute`, `fieldId`, `locale`, `keywords`) VALUES ('44', 'field', '13', 'en_us', ' labs ');
INSERT INTO `searchindex` (`elementId`, `attribute`, `fieldId`, `locale`, `keywords`) VALUES ('44', 'field', '20', 'en_us', ' this is the project brief texts ');
INSERT INTO `searchindex` (`elementId`, `attribute`, `fieldId`, `locale`, `keywords`) VALUES ('44', 'field', '3', 'en_us', ' this is the project description ');
INSERT INTO `searchindex` (`elementId`, `attribute`, `fieldId`, `locale`, `keywords`) VALUES ('44', 'field', '17', 'en_us', '');
INSERT INTO `searchindex` (`elementId`, `attribute`, `fieldId`, `locale`, `keywords`) VALUES ('44', 'field', '18', 'en_us', '');
INSERT INTO `searchindex` (`elementId`, `attribute`, `fieldId`, `locale`, `keywords`) VALUES ('44', 'field', '4', 'en_us', ' 2012 ');
INSERT INTO `searchindex` (`elementId`, `attribute`, `fieldId`, `locale`, `keywords`) VALUES ('44', 'field', '23', 'en_us', ' project analysis ');
INSERT INTO `searchindex` (`elementId`, `attribute`, `fieldId`, `locale`, `keywords`) VALUES ('44', 'field', '10', 'en_us', '');
INSERT INTO `searchindex` (`elementId`, `attribute`, `fieldId`, `locale`, `keywords`) VALUES ('44', 'field', '24', 'en_us', ' this is analysis texts ');
INSERT INTO `searchindex` (`elementId`, `attribute`, `fieldId`, `locale`, `keywords`) VALUES ('44', 'field', '39', 'en_us', '');
INSERT INTO `searchindex` (`elementId`, `attribute`, `fieldId`, `locale`, `keywords`) VALUES ('44', 'field', '11', 'en_us', '');
INSERT INTO `searchindex` (`elementId`, `attribute`, `fieldId`, `locale`, `keywords`) VALUES ('44', 'field', '25', 'en_us', ' this is feature 1 texts feature 1 fluid 640x480 ');
INSERT INTO `searchindex` (`elementId`, `attribute`, `fieldId`, `locale`, `keywords`) VALUES ('44', 'field', '12', 'en_us', ' ux design ');
INSERT INTO `searchindex` (`elementId`, `attribute`, `fieldId`, `locale`, `keywords`) VALUES ('44', 'field', '9', 'en_us', ' photoshop ');
INSERT INTO `searchindex` (`elementId`, `attribute`, `fieldId`, `locale`, `keywords`) VALUES ('44', 'field', '21', 'en_us', ' what i ve learned ');
INSERT INTO `searchindex` (`elementId`, `attribute`, `fieldId`, `locale`, `keywords`) VALUES ('44', 'field', '42', 'en_us', ' 600x600 ');
INSERT INTO `searchindex` (`elementId`, `attribute`, `fieldId`, `locale`, `keywords`) VALUES ('44', 'field', '22', 'en_us', ' this is what i ve learned ');
INSERT INTO `searchindex` (`elementId`, `attribute`, `fieldId`, `locale`, `keywords`) VALUES ('44', 'field', '44', 'en_us', ' 1024x768 ');
INSERT INTO `searchindex` (`elementId`, `attribute`, `fieldId`, `locale`, `keywords`) VALUES ('44', 'field', '43', 'en_us', ' 400x200 ');
INSERT INTO `searchindex` (`elementId`, `attribute`, `fieldId`, `locale`, `keywords`) VALUES ('44', 'slug', '0', 'en_us', ' gym research ');
INSERT INTO `searchindex` (`elementId`, `attribute`, `fieldId`, `locale`, `keywords`) VALUES ('44', 'title', '0', 'en_us', ' gym research ');
INSERT INTO `searchindex` (`elementId`, `attribute`, `fieldId`, `locale`, `keywords`) VALUES ('45', 'field', '26', 'en_us', ' feature 1 ');
INSERT INTO `searchindex` (`elementId`, `attribute`, `fieldId`, `locale`, `keywords`) VALUES ('45', 'field', '27', 'en_us', ' this is feature 1 texts ');
INSERT INTO `searchindex` (`elementId`, `attribute`, `fieldId`, `locale`, `keywords`) VALUES ('45', 'field', '28', 'en_us', ' 640x480 ');
INSERT INTO `searchindex` (`elementId`, `attribute`, `fieldId`, `locale`, `keywords`) VALUES ('45', 'field', '29', 'en_us', ' fluid ');
INSERT INTO `searchindex` (`elementId`, `attribute`, `fieldId`, `locale`, `keywords`) VALUES ('45', 'slug', '0', 'en_us', '');
INSERT INTO `searchindex` (`elementId`, `attribute`, `fieldId`, `locale`, `keywords`) VALUES ('46', 'field', '19', 'en_us', ' project brief ');
INSERT INTO `searchindex` (`elementId`, `attribute`, `fieldId`, `locale`, `keywords`) VALUES ('46', 'field', '16', 'en_us', '');
INSERT INTO `searchindex` (`elementId`, `attribute`, `fieldId`, `locale`, `keywords`) VALUES ('46', 'field', '13', 'en_us', ' labs ');
INSERT INTO `searchindex` (`elementId`, `attribute`, `fieldId`, `locale`, `keywords`) VALUES ('46', 'field', '20', 'en_us', ' this is the project brief texts ');
INSERT INTO `searchindex` (`elementId`, `attribute`, `fieldId`, `locale`, `keywords`) VALUES ('46', 'field', '3', 'en_us', ' this is the project description ');
INSERT INTO `searchindex` (`elementId`, `attribute`, `fieldId`, `locale`, `keywords`) VALUES ('46', 'field', '17', 'en_us', '');
INSERT INTO `searchindex` (`elementId`, `attribute`, `fieldId`, `locale`, `keywords`) VALUES ('46', 'field', '18', 'en_us', '');
INSERT INTO `searchindex` (`elementId`, `attribute`, `fieldId`, `locale`, `keywords`) VALUES ('46', 'field', '4', 'en_us', ' 2013 ');
INSERT INTO `searchindex` (`elementId`, `attribute`, `fieldId`, `locale`, `keywords`) VALUES ('46', 'field', '23', 'en_us', ' project analysis ');
INSERT INTO `searchindex` (`elementId`, `attribute`, `fieldId`, `locale`, `keywords`) VALUES ('46', 'field', '10', 'en_us', '');
INSERT INTO `searchindex` (`elementId`, `attribute`, `fieldId`, `locale`, `keywords`) VALUES ('46', 'field', '24', 'en_us', ' this is the project analysis texts ');
INSERT INTO `searchindex` (`elementId`, `attribute`, `fieldId`, `locale`, `keywords`) VALUES ('46', 'field', '39', 'en_us', '');
INSERT INTO `searchindex` (`elementId`, `attribute`, `fieldId`, `locale`, `keywords`) VALUES ('46', 'field', '11', 'en_us', '');
INSERT INTO `searchindex` (`elementId`, `attribute`, `fieldId`, `locale`, `keywords`) VALUES ('46', 'field', '25', 'en_us', ' this is feature 1 texts feature 1 fluid 640x480 ');
INSERT INTO `searchindex` (`elementId`, `attribute`, `fieldId`, `locale`, `keywords`) VALUES ('46', 'field', '12', 'en_us', ' visual design wireframe ');
INSERT INTO `searchindex` (`elementId`, `attribute`, `fieldId`, `locale`, `keywords`) VALUES ('46', 'field', '9', 'en_us', ' photoshop axure ');
INSERT INTO `searchindex` (`elementId`, `attribute`, `fieldId`, `locale`, `keywords`) VALUES ('46', 'field', '21', 'en_us', ' what i ve learned ');
INSERT INTO `searchindex` (`elementId`, `attribute`, `fieldId`, `locale`, `keywords`) VALUES ('46', 'field', '42', 'en_us', ' 600x600 ');
INSERT INTO `searchindex` (`elementId`, `attribute`, `fieldId`, `locale`, `keywords`) VALUES ('46', 'field', '22', 'en_us', ' this is what i ve learned ');
INSERT INTO `searchindex` (`elementId`, `attribute`, `fieldId`, `locale`, `keywords`) VALUES ('46', 'field', '44', 'en_us', ' 1024x768 ');
INSERT INTO `searchindex` (`elementId`, `attribute`, `fieldId`, `locale`, `keywords`) VALUES ('46', 'field', '43', 'en_us', ' 400x200 ');
INSERT INTO `searchindex` (`elementId`, `attribute`, `fieldId`, `locale`, `keywords`) VALUES ('46', 'slug', '0', 'en_us', ' music image app for the ipad ');
INSERT INTO `searchindex` (`elementId`, `attribute`, `fieldId`, `locale`, `keywords`) VALUES ('46', 'title', '0', 'en_us', ' music image app for the ipad ');
INSERT INTO `searchindex` (`elementId`, `attribute`, `fieldId`, `locale`, `keywords`) VALUES ('47', 'field', '26', 'en_us', ' feature 1 ');
INSERT INTO `searchindex` (`elementId`, `attribute`, `fieldId`, `locale`, `keywords`) VALUES ('47', 'field', '27', 'en_us', ' this is feature 1 texts ');
INSERT INTO `searchindex` (`elementId`, `attribute`, `fieldId`, `locale`, `keywords`) VALUES ('47', 'field', '28', 'en_us', ' 640x480 ');
INSERT INTO `searchindex` (`elementId`, `attribute`, `fieldId`, `locale`, `keywords`) VALUES ('47', 'field', '29', 'en_us', ' fluid ');
INSERT INTO `searchindex` (`elementId`, `attribute`, `fieldId`, `locale`, `keywords`) VALUES ('47', 'slug', '0', 'en_us', '');
INSERT INTO `searchindex` (`elementId`, `attribute`, `fieldId`, `locale`, `keywords`) VALUES ('48', 'field', '19', 'en_us', ' project brief ');
INSERT INTO `searchindex` (`elementId`, `attribute`, `fieldId`, `locale`, `keywords`) VALUES ('48', 'field', '16', 'en_us', '');
INSERT INTO `searchindex` (`elementId`, `attribute`, `fieldId`, `locale`, `keywords`) VALUES ('48', 'field', '13', 'en_us', ' labs ');
INSERT INTO `searchindex` (`elementId`, `attribute`, `fieldId`, `locale`, `keywords`) VALUES ('48', 'field', '20', 'en_us', ' this is the project brief texts ');
INSERT INTO `searchindex` (`elementId`, `attribute`, `fieldId`, `locale`, `keywords`) VALUES ('48', 'field', '3', 'en_us', ' this is the project description ');
INSERT INTO `searchindex` (`elementId`, `attribute`, `fieldId`, `locale`, `keywords`) VALUES ('48', 'field', '17', 'en_us', '');
INSERT INTO `searchindex` (`elementId`, `attribute`, `fieldId`, `locale`, `keywords`) VALUES ('48', 'field', '18', 'en_us', '');
INSERT INTO `searchindex` (`elementId`, `attribute`, `fieldId`, `locale`, `keywords`) VALUES ('48', 'field', '4', 'en_us', ' 2012 ');
INSERT INTO `searchindex` (`elementId`, `attribute`, `fieldId`, `locale`, `keywords`) VALUES ('48', 'field', '23', 'en_us', ' project analysis ');
INSERT INTO `searchindex` (`elementId`, `attribute`, `fieldId`, `locale`, `keywords`) VALUES ('48', 'field', '10', 'en_us', '');
INSERT INTO `searchindex` (`elementId`, `attribute`, `fieldId`, `locale`, `keywords`) VALUES ('48', 'field', '24', 'en_us', ' this is the project analysis texts ');
INSERT INTO `searchindex` (`elementId`, `attribute`, `fieldId`, `locale`, `keywords`) VALUES ('48', 'field', '39', 'en_us', '');
INSERT INTO `searchindex` (`elementId`, `attribute`, `fieldId`, `locale`, `keywords`) VALUES ('48', 'field', '11', 'en_us', '');
INSERT INTO `searchindex` (`elementId`, `attribute`, `fieldId`, `locale`, `keywords`) VALUES ('48', 'field', '25', 'en_us', ' this is the feature 1 texts feature 1 fluid 640x480 ');
INSERT INTO `searchindex` (`elementId`, `attribute`, `fieldId`, `locale`, `keywords`) VALUES ('48', 'field', '12', 'en_us', ' visual design ');
INSERT INTO `searchindex` (`elementId`, `attribute`, `fieldId`, `locale`, `keywords`) VALUES ('48', 'field', '9', 'en_us', ' aftereffects adobe indesign photoshop ');
INSERT INTO `searchindex` (`elementId`, `attribute`, `fieldId`, `locale`, `keywords`) VALUES ('48', 'field', '21', 'en_us', ' what i ve learned ');
INSERT INTO `searchindex` (`elementId`, `attribute`, `fieldId`, `locale`, `keywords`) VALUES ('48', 'field', '42', 'en_us', ' 600x600 ');
INSERT INTO `searchindex` (`elementId`, `attribute`, `fieldId`, `locale`, `keywords`) VALUES ('48', 'field', '22', 'en_us', ' this is what i ve learned ');
INSERT INTO `searchindex` (`elementId`, `attribute`, `fieldId`, `locale`, `keywords`) VALUES ('48', 'field', '44', 'en_us', ' 1024x768 ');
INSERT INTO `searchindex` (`elementId`, `attribute`, `fieldId`, `locale`, `keywords`) VALUES ('48', 'field', '43', 'en_us', ' 400x200 ');
INSERT INTO `searchindex` (`elementId`, `attribute`, `fieldId`, `locale`, `keywords`) VALUES ('48', 'slug', '0', 'en_us', ' branding designs ');
INSERT INTO `searchindex` (`elementId`, `attribute`, `fieldId`, `locale`, `keywords`) VALUES ('48', 'title', '0', 'en_us', ' branding designs ');
INSERT INTO `searchindex` (`elementId`, `attribute`, `fieldId`, `locale`, `keywords`) VALUES ('49', 'field', '26', 'en_us', ' feature 1 ');
INSERT INTO `searchindex` (`elementId`, `attribute`, `fieldId`, `locale`, `keywords`) VALUES ('49', 'field', '27', 'en_us', ' this is the feature 1 texts ');
INSERT INTO `searchindex` (`elementId`, `attribute`, `fieldId`, `locale`, `keywords`) VALUES ('49', 'field', '28', 'en_us', ' 640x480 ');
INSERT INTO `searchindex` (`elementId`, `attribute`, `fieldId`, `locale`, `keywords`) VALUES ('49', 'field', '29', 'en_us', ' fluid ');
INSERT INTO `searchindex` (`elementId`, `attribute`, `fieldId`, `locale`, `keywords`) VALUES ('49', 'slug', '0', 'en_us', '');
INSERT INTO `searchindex` (`elementId`, `attribute`, `fieldId`, `locale`, `keywords`) VALUES ('50', 'slug', '0', 'en_us', '');
INSERT INTO `searchindex` (`elementId`, `attribute`, `fieldId`, `locale`, `keywords`) VALUES ('50', 'field', '45', 'en_us', ' viewproject view case study viewproject view case study launchproject launch project launchproject launch project client client client client responsibilities responsibilities responsibilities responsibilities tools creation tools tools creation tools personalproject personal project personalproject personal project share share share share year year year year ');
INSERT INTO `searchindex` (`elementId`, `attribute`, `fieldId`, `locale`, `keywords`) VALUES ('51', 'slug', '0', 'en_us', '');
INSERT INTO `searchindex` (`elementId`, `attribute`, `fieldId`, `locale`, `keywords`) VALUES ('51', 'field', '46', 'en_us', ' dribbble http dribbble com joeonmars dribbble http dribbble com joeonmars linkedin http www linkedin com pub grace fan 4a 503 821 linkedin http www linkedin com pub grace fan 4a 503 821 behance http www behance net gracefan behance http www behance net gracefan ');
INSERT INTO `searchindex` (`elementId`, `attribute`, `fieldId`, `locale`, `keywords`) VALUES ('52', 'slug', '0', 'en_us', '');
INSERT INTO `searchindex` (`elementId`, `attribute`, `fieldId`, `locale`, `keywords`) VALUES ('52', 'field', '47', 'en_us', ' design can be art design can be aesthetics design is so simple that s why it is so complicated ');
INSERT INTO `searchindex` (`elementId`, `attribute`, `fieldId`, `locale`, `keywords`) VALUES ('53', 'slug', '0', 'en_us', ' labs ');
INSERT INTO `searchindex` (`elementId`, `attribute`, `fieldId`, `locale`, `keywords`) VALUES ('53', 'title', '0', 'en_us', ' labs ');
INSERT INTO `searchindex` (`elementId`, `attribute`, `fieldId`, `locale`, `keywords`) VALUES ('53', 'field', '14', 'en_us', ' something new always comes out of labs first ');
INSERT INTO `searchindex` (`elementId`, `attribute`, `fieldId`, `locale`, `keywords`) VALUES ('53', 'field', '1', 'en_us', ' lorem ipsum dolor sit amet consectetur adipiscing elit aliquam ultricies quam ac quam euismod tincidunt vivamus sit amet justo scelerisque bibendum diam vel varius diam vestibulum ultrices fringilla vestibulum curabitur ante tortor vehicula vitae metus et vulputate vestibulum nibh ');
INSERT INTO `searchindex` (`elementId`, `attribute`, `fieldId`, `locale`, `keywords`) VALUES ('53', 'field', '48', 'en_us', ' train tracker app ');
INSERT INTO `searchindex` (`elementId`, `attribute`, `fieldId`, `locale`, `keywords`) VALUES ('6', 'field', '49', 'en_us', ' interactive experience ');
INSERT INTO `searchindex` (`elementId`, `attribute`, `fieldId`, `locale`, `keywords`) VALUES ('28', 'field', '49', 'en_us', ' mobile application design ');
INSERT INTO `searchindex` (`elementId`, `attribute`, `fieldId`, `locale`, `keywords`) VALUES ('42', 'field', '49', 'en_us', ' presentation design ');
INSERT INTO `searchindex` (`elementId`, `attribute`, `fieldId`, `locale`, `keywords`) VALUES ('40', 'field', '49', 'en_us', ' physical computing ');
INSERT INTO `searchindex` (`elementId`, `attribute`, `fieldId`, `locale`, `keywords`) VALUES ('38', 'field', '49', 'en_us', ' mobile application design ');
INSERT INTO `searchindex` (`elementId`, `attribute`, `fieldId`, `locale`, `keywords`) VALUES ('30', 'field', '49', 'en_us', ' mobile application design ');
INSERT INTO `searchindex` (`elementId`, `attribute`, `fieldId`, `locale`, `keywords`) VALUES ('22', 'field', '49', 'en_us', ' website ');
INSERT INTO `searchindex` (`elementId`, `attribute`, `fieldId`, `locale`, `keywords`) VALUES ('26', 'field', '49', 'en_us', ' responsive web design ');
INSERT INTO `searchindex` (`elementId`, `attribute`, `fieldId`, `locale`, `keywords`) VALUES ('48', 'field', '49', 'en_us', ' graphic design ');
INSERT INTO `searchindex` (`elementId`, `attribute`, `fieldId`, `locale`, `keywords`) VALUES ('46', 'field', '49', 'en_us', ' mobile application design ');
INSERT INTO `searchindex` (`elementId`, `attribute`, `fieldId`, `locale`, `keywords`) VALUES ('44', 'field', '49', 'en_us', ' graphic design ');
INSERT INTO `searchindex` (`elementId`, `attribute`, `fieldId`, `locale`, `keywords`) VALUES ('36', 'field', '49', 'en_us', ' mobile application design ');
INSERT INTO `searchindex` (`elementId`, `attribute`, `fieldId`, `locale`, `keywords`) VALUES ('34', 'field', '49', 'en_us', ' responsive web design ');
INSERT INTO `searchindex` (`elementId`, `attribute`, `fieldId`, `locale`, `keywords`) VALUES ('32', 'field', '49', 'en_us', ' web design ');
INSERT INTO `searchindex` (`elementId`, `attribute`, `fieldId`, `locale`, `keywords`) VALUES ('24', 'field', '49', 'en_us', ' web application design ');
INSERT INTO `searchindex` (`elementId`, `attribute`, `fieldId`, `locale`, `keywords`) VALUES ('12', 'field', '49', 'en_us', ' web application ');
INSERT INTO `searchindex` (`elementId`, `attribute`, `fieldId`, `locale`, `keywords`) VALUES ('10', 'field', '49', 'en_us', ' web design ');
INSERT INTO `searchindex` (`elementId`, `attribute`, `fieldId`, `locale`, `keywords`) VALUES ('9', 'field', '49', 'en_us', ' mobile application design ');
INSERT INTO `searchindex` (`elementId`, `attribute`, `fieldId`, `locale`, `keywords`) VALUES ('6', 'field', '50', 'en_us', ' http fengshuirealtime com ');
INSERT INTO `searchindex` (`elementId`, `attribute`, `fieldId`, `locale`, `keywords`) VALUES ('54', 'filename', '0', 'en_us', ' 960x500 gif ');
INSERT INTO `searchindex` (`elementId`, `attribute`, `fieldId`, `locale`, `keywords`) VALUES ('54', 'extension', '0', 'en_us', ' gif ');
INSERT INTO `searchindex` (`elementId`, `attribute`, `fieldId`, `locale`, `keywords`) VALUES ('54', 'kind', '0', 'en_us', ' image ');
INSERT INTO `searchindex` (`elementId`, `attribute`, `fieldId`, `locale`, `keywords`) VALUES ('54', 'slug', '0', 'en_us', '');
INSERT INTO `searchindex` (`elementId`, `attribute`, `fieldId`, `locale`, `keywords`) VALUES ('54', 'title', '0', 'en_us', ' 960x500 ');
INSERT INTO `searchindex` (`elementId`, `attribute`, `fieldId`, `locale`, `keywords`) VALUES ('55', 'field', '40', 'en_us', ' 960x500 2x ');
INSERT INTO `searchindex` (`elementId`, `attribute`, `fieldId`, `locale`, `keywords`) VALUES ('55', 'field', '41', 'en_us', ' this is analysis flow 1 caption ');
INSERT INTO `searchindex` (`elementId`, `attribute`, `fieldId`, `locale`, `keywords`) VALUES ('55', 'slug', '0', 'en_us', '');
INSERT INTO `searchindex` (`elementId`, `attribute`, `fieldId`, `locale`, `keywords`) VALUES ('56', 'field', '40', 'en_us', ' 960x500 ');
INSERT INTO `searchindex` (`elementId`, `attribute`, `fieldId`, `locale`, `keywords`) VALUES ('56', 'field', '41', 'en_us', ' this is analysis flow 2 caption ');
INSERT INTO `searchindex` (`elementId`, `attribute`, `fieldId`, `locale`, `keywords`) VALUES ('56', 'slug', '0', 'en_us', '');
INSERT INTO `searchindex` (`elementId`, `attribute`, `fieldId`, `locale`, `keywords`) VALUES ('57', 'filename', '0', 'en_us', ' 960x500 2x gif ');
INSERT INTO `searchindex` (`elementId`, `attribute`, `fieldId`, `locale`, `keywords`) VALUES ('57', 'extension', '0', 'en_us', ' gif ');
INSERT INTO `searchindex` (`elementId`, `attribute`, `fieldId`, `locale`, `keywords`) VALUES ('57', 'kind', '0', 'en_us', ' image ');
INSERT INTO `searchindex` (`elementId`, `attribute`, `fieldId`, `locale`, `keywords`) VALUES ('57', 'slug', '0', 'en_us', '');
INSERT INTO `searchindex` (`elementId`, `attribute`, `fieldId`, `locale`, `keywords`) VALUES ('57', 'title', '0', 'en_us', ' 960x500 2x ');
INSERT INTO `searchindex` (`elementId`, `attribute`, `fieldId`, `locale`, `keywords`) VALUES ('58', 'filename', '0', 'en_us', ' 960x500 gif ');
INSERT INTO `searchindex` (`elementId`, `attribute`, `fieldId`, `locale`, `keywords`) VALUES ('58', 'extension', '0', 'en_us', ' gif ');
INSERT INTO `searchindex` (`elementId`, `attribute`, `fieldId`, `locale`, `keywords`) VALUES ('58', 'kind', '0', 'en_us', ' image ');
INSERT INTO `searchindex` (`elementId`, `attribute`, `fieldId`, `locale`, `keywords`) VALUES ('58', 'slug', '0', 'en_us', '');
INSERT INTO `searchindex` (`elementId`, `attribute`, `fieldId`, `locale`, `keywords`) VALUES ('58', 'title', '0', 'en_us', ' 960x500 ');
INSERT INTO `searchindex` (`elementId`, `attribute`, `fieldId`, `locale`, `keywords`) VALUES ('59', 'filename', '0', 'en_us', ' 640x480 gif ');
INSERT INTO `searchindex` (`elementId`, `attribute`, `fieldId`, `locale`, `keywords`) VALUES ('59', 'extension', '0', 'en_us', ' gif ');
INSERT INTO `searchindex` (`elementId`, `attribute`, `fieldId`, `locale`, `keywords`) VALUES ('59', 'kind', '0', 'en_us', ' image ');
INSERT INTO `searchindex` (`elementId`, `attribute`, `fieldId`, `locale`, `keywords`) VALUES ('59', 'slug', '0', 'en_us', '');
INSERT INTO `searchindex` (`elementId`, `attribute`, `fieldId`, `locale`, `keywords`) VALUES ('59', 'title', '0', 'en_us', ' 640x480 ');
INSERT INTO `searchindex` (`elementId`, `attribute`, `fieldId`, `locale`, `keywords`) VALUES ('60', 'field', '36', 'en_us', ' this is a comparison ');
INSERT INTO `searchindex` (`elementId`, `attribute`, `fieldId`, `locale`, `keywords`) VALUES ('60', 'field', '37', 'en_us', ' this is the comparison text ');
INSERT INTO `searchindex` (`elementId`, `attribute`, `fieldId`, `locale`, `keywords`) VALUES ('60', 'field', '38', 'en_us', ' 960x500 640x480 ');
INSERT INTO `searchindex` (`elementId`, `attribute`, `fieldId`, `locale`, `keywords`) VALUES ('60', 'slug', '0', 'en_us', '');
INSERT INTO `searchindex` (`elementId`, `attribute`, `fieldId`, `locale`, `keywords`) VALUES ('60', 'field', '51', 'en_us', ' before ');
INSERT INTO `searchindex` (`elementId`, `attribute`, `fieldId`, `locale`, `keywords`) VALUES ('60', 'field', '52', 'en_us', ' after ');
INSERT INTO `searchindex` (`elementId`, `attribute`, `fieldId`, `locale`, `keywords`) VALUES ('61', 'field', '26', 'en_us', ' feature 2 is very amazing ');
INSERT INTO `searchindex` (`elementId`, `attribute`, `fieldId`, `locale`, `keywords`) VALUES ('61', 'field', '27', 'en_us', ' this is feature 2 text ');
INSERT INTO `searchindex` (`elementId`, `attribute`, `fieldId`, `locale`, `keywords`) VALUES ('61', 'field', '28', 'en_us', ' 600x600 640x480 fengshui ipad boysroom fengshui top view ');
INSERT INTO `searchindex` (`elementId`, `attribute`, `fieldId`, `locale`, `keywords`) VALUES ('61', 'field', '29', 'en_us', ' fluid ');
INSERT INTO `searchindex` (`elementId`, `attribute`, `fieldId`, `locale`, `keywords`) VALUES ('61', 'slug', '0', 'en_us', '');
INSERT INTO `searchindex` (`elementId`, `attribute`, `fieldId`, `locale`, `keywords`) VALUES ('62', 'filename', '0', 'en_us', ' 1024x600 gif ');
INSERT INTO `searchindex` (`elementId`, `attribute`, `fieldId`, `locale`, `keywords`) VALUES ('62', 'extension', '0', 'en_us', ' gif ');
INSERT INTO `searchindex` (`elementId`, `attribute`, `fieldId`, `locale`, `keywords`) VALUES ('62', 'kind', '0', 'en_us', ' image ');
INSERT INTO `searchindex` (`elementId`, `attribute`, `fieldId`, `locale`, `keywords`) VALUES ('62', 'slug', '0', 'en_us', '');
INSERT INTO `searchindex` (`elementId`, `attribute`, `fieldId`, `locale`, `keywords`) VALUES ('62', 'title', '0', 'en_us', ' 1024x600 ');
INSERT INTO `searchindex` (`elementId`, `attribute`, `fieldId`, `locale`, `keywords`) VALUES ('63', 'filename', '0', 'en_us', ' 768x1024 gif ');
INSERT INTO `searchindex` (`elementId`, `attribute`, `fieldId`, `locale`, `keywords`) VALUES ('63', 'extension', '0', 'en_us', ' gif ');
INSERT INTO `searchindex` (`elementId`, `attribute`, `fieldId`, `locale`, `keywords`) VALUES ('63', 'kind', '0', 'en_us', ' image ');
INSERT INTO `searchindex` (`elementId`, `attribute`, `fieldId`, `locale`, `keywords`) VALUES ('63', 'slug', '0', 'en_us', '');
INSERT INTO `searchindex` (`elementId`, `attribute`, `fieldId`, `locale`, `keywords`) VALUES ('63', 'title', '0', 'en_us', ' 768x1024 ');
INSERT INTO `searchindex` (`elementId`, `attribute`, `fieldId`, `locale`, `keywords`) VALUES ('64', 'filename', '0', 'en_us', ' 414x736 gif ');
INSERT INTO `searchindex` (`elementId`, `attribute`, `fieldId`, `locale`, `keywords`) VALUES ('64', 'extension', '0', 'en_us', ' gif ');
INSERT INTO `searchindex` (`elementId`, `attribute`, `fieldId`, `locale`, `keywords`) VALUES ('64', 'kind', '0', 'en_us', ' image ');
INSERT INTO `searchindex` (`elementId`, `attribute`, `fieldId`, `locale`, `keywords`) VALUES ('64', 'slug', '0', 'en_us', '');
INSERT INTO `searchindex` (`elementId`, `attribute`, `fieldId`, `locale`, `keywords`) VALUES ('64', 'title', '0', 'en_us', ' 414x736 ');
INSERT INTO `searchindex` (`elementId`, `attribute`, `fieldId`, `locale`, `keywords`) VALUES ('10', 'field', '50', 'en_us', '');
INSERT INTO `searchindex` (`elementId`, `attribute`, `fieldId`, `locale`, `keywords`) VALUES ('65', 'field', '53', 'en_us', ' responsive design ');
INSERT INTO `searchindex` (`elementId`, `attribute`, `fieldId`, `locale`, `keywords`) VALUES ('65', 'field', '54', 'en_us', ' this is the text content for responsive design feature this is the text content for responsive design feature this is the text content for responsive design feature this is the text content for responsive design feature ');
INSERT INTO `searchindex` (`elementId`, `attribute`, `fieldId`, `locale`, `keywords`) VALUES ('65', 'field', '55', 'en_us', ' liveperson desktop screen ');
INSERT INTO `searchindex` (`elementId`, `attribute`, `fieldId`, `locale`, `keywords`) VALUES ('65', 'field', '56', 'en_us', ' liveperson jp ');
INSERT INTO `searchindex` (`elementId`, `attribute`, `fieldId`, `locale`, `keywords`) VALUES ('65', 'field', '57', 'en_us', ' 414x736 ');
INSERT INTO `searchindex` (`elementId`, `attribute`, `fieldId`, `locale`, `keywords`) VALUES ('65', 'slug', '0', 'en_us', '');
INSERT INTO `searchindex` (`elementId`, `attribute`, `fieldId`, `locale`, `keywords`) VALUES ('66', 'filename', '0', 'en_us', ' liveperson_jp jpg ');
INSERT INTO `searchindex` (`elementId`, `attribute`, `fieldId`, `locale`, `keywords`) VALUES ('66', 'extension', '0', 'en_us', ' jpg ');
INSERT INTO `searchindex` (`elementId`, `attribute`, `fieldId`, `locale`, `keywords`) VALUES ('66', 'kind', '0', 'en_us', ' image ');
INSERT INTO `searchindex` (`elementId`, `attribute`, `fieldId`, `locale`, `keywords`) VALUES ('66', 'slug', '0', 'en_us', '');
INSERT INTO `searchindex` (`elementId`, `attribute`, `fieldId`, `locale`, `keywords`) VALUES ('66', 'title', '0', 'en_us', ' liveperson jp ');
INSERT INTO `searchindex` (`elementId`, `attribute`, `fieldId`, `locale`, `keywords`) VALUES ('67', 'filename', '0', 'en_us', ' liveperson desktop screen jpg ');
INSERT INTO `searchindex` (`elementId`, `attribute`, `fieldId`, `locale`, `keywords`) VALUES ('67', 'extension', '0', 'en_us', ' jpg ');
INSERT INTO `searchindex` (`elementId`, `attribute`, `fieldId`, `locale`, `keywords`) VALUES ('67', 'kind', '0', 'en_us', ' image ');
INSERT INTO `searchindex` (`elementId`, `attribute`, `fieldId`, `locale`, `keywords`) VALUES ('67', 'slug', '0', 'en_us', '');
INSERT INTO `searchindex` (`elementId`, `attribute`, `fieldId`, `locale`, `keywords`) VALUES ('67', 'title', '0', 'en_us', ' liveperson desktop screen ');
INSERT INTO `searchindex` (`elementId`, `attribute`, `fieldId`, `locale`, `keywords`) VALUES ('68', 'field', '26', 'en_us', ' feature 3 ');
INSERT INTO `searchindex` (`elementId`, `attribute`, `fieldId`, `locale`, `keywords`) VALUES ('68', 'field', '27', 'en_us', ' this is feature 3 text ');
INSERT INTO `searchindex` (`elementId`, `attribute`, `fieldId`, `locale`, `keywords`) VALUES ('68', 'field', '28', 'en_us', ' 640x480 fengshui goldfish ');
INSERT INTO `searchindex` (`elementId`, `attribute`, `fieldId`, `locale`, `keywords`) VALUES ('68', 'field', '29', 'en_us', ' fluid ');
INSERT INTO `searchindex` (`elementId`, `attribute`, `fieldId`, `locale`, `keywords`) VALUES ('68', 'slug', '0', 'en_us', '');
INSERT INTO `searchindex` (`elementId`, `attribute`, `fieldId`, `locale`, `keywords`) VALUES ('10', 'field', '58', 'en_us', ' yellow ');
INSERT INTO `searchindex` (`elementId`, `attribute`, `fieldId`, `locale`, `keywords`) VALUES ('6', 'field', '58', 'en_us', ' blue ');
INSERT INTO `searchindex` (`elementId`, `attribute`, `fieldId`, `locale`, `keywords`) VALUES ('48', 'field', '58', 'en_us', ' blue ');
INSERT INTO `searchindex` (`elementId`, `attribute`, `fieldId`, `locale`, `keywords`) VALUES ('48', 'field', '50', 'en_us', '');
INSERT INTO `searchindex` (`elementId`, `attribute`, `fieldId`, `locale`, `keywords`) VALUES ('32', 'field', '58', 'en_us', ' blue ');
INSERT INTO `searchindex` (`elementId`, `attribute`, `fieldId`, `locale`, `keywords`) VALUES ('32', 'field', '50', 'en_us', '');
INSERT INTO `searchindex` (`elementId`, `attribute`, `fieldId`, `locale`, `keywords`) VALUES ('30', 'field', '58', 'en_us', ' yellow ');
INSERT INTO `searchindex` (`elementId`, `attribute`, `fieldId`, `locale`, `keywords`) VALUES ('30', 'field', '50', 'en_us', '');
INSERT INTO `searchindex` (`elementId`, `attribute`, `fieldId`, `locale`, `keywords`) VALUES ('26', 'field', '58', 'en_us', ' green ');
INSERT INTO `searchindex` (`elementId`, `attribute`, `fieldId`, `locale`, `keywords`) VALUES ('26', 'field', '50', 'en_us', '');
INSERT INTO `searchindex` (`elementId`, `attribute`, `fieldId`, `locale`, `keywords`) VALUES ('12', 'field', '58', 'en_us', ' blue ');
INSERT INTO `searchindex` (`elementId`, `attribute`, `fieldId`, `locale`, `keywords`) VALUES ('12', 'field', '50', 'en_us', '');
INSERT INTO `searchindex` (`elementId`, `attribute`, `fieldId`, `locale`, `keywords`) VALUES ('46', 'field', '58', 'en_us', ' blue ');
INSERT INTO `searchindex` (`elementId`, `attribute`, `fieldId`, `locale`, `keywords`) VALUES ('46', 'field', '50', 'en_us', '');
INSERT INTO `searchindex` (`elementId`, `attribute`, `fieldId`, `locale`, `keywords`) VALUES ('44', 'field', '58', 'en_us', ' blue ');
INSERT INTO `searchindex` (`elementId`, `attribute`, `fieldId`, `locale`, `keywords`) VALUES ('44', 'field', '50', 'en_us', '');
INSERT INTO `searchindex` (`elementId`, `attribute`, `fieldId`, `locale`, `keywords`) VALUES ('42', 'field', '58', 'en_us', ' blue ');
INSERT INTO `searchindex` (`elementId`, `attribute`, `fieldId`, `locale`, `keywords`) VALUES ('42', 'field', '50', 'en_us', '');
INSERT INTO `searchindex` (`elementId`, `attribute`, `fieldId`, `locale`, `keywords`) VALUES ('40', 'field', '58', 'en_us', ' red ');
INSERT INTO `searchindex` (`elementId`, `attribute`, `fieldId`, `locale`, `keywords`) VALUES ('40', 'field', '50', 'en_us', '');
INSERT INTO `searchindex` (`elementId`, `attribute`, `fieldId`, `locale`, `keywords`) VALUES ('38', 'field', '58', 'en_us', ' yellow ');
INSERT INTO `searchindex` (`elementId`, `attribute`, `fieldId`, `locale`, `keywords`) VALUES ('38', 'field', '50', 'en_us', '');
INSERT INTO `searchindex` (`elementId`, `attribute`, `fieldId`, `locale`, `keywords`) VALUES ('36', 'field', '58', 'en_us', ' blue ');
INSERT INTO `searchindex` (`elementId`, `attribute`, `fieldId`, `locale`, `keywords`) VALUES ('36', 'field', '50', 'en_us', '');
INSERT INTO `searchindex` (`elementId`, `attribute`, `fieldId`, `locale`, `keywords`) VALUES ('34', 'field', '58', 'en_us', ' green ');
INSERT INTO `searchindex` (`elementId`, `attribute`, `fieldId`, `locale`, `keywords`) VALUES ('34', 'field', '50', 'en_us', '');
INSERT INTO `searchindex` (`elementId`, `attribute`, `fieldId`, `locale`, `keywords`) VALUES ('28', 'field', '58', 'en_us', ' blue ');
INSERT INTO `searchindex` (`elementId`, `attribute`, `fieldId`, `locale`, `keywords`) VALUES ('28', 'field', '50', 'en_us', '');
INSERT INTO `searchindex` (`elementId`, `attribute`, `fieldId`, `locale`, `keywords`) VALUES ('24', 'field', '58', 'en_us', ' red ');
INSERT INTO `searchindex` (`elementId`, `attribute`, `fieldId`, `locale`, `keywords`) VALUES ('24', 'field', '50', 'en_us', '');
INSERT INTO `searchindex` (`elementId`, `attribute`, `fieldId`, `locale`, `keywords`) VALUES ('22', 'field', '58', 'en_us', ' green ');
INSERT INTO `searchindex` (`elementId`, `attribute`, `fieldId`, `locale`, `keywords`) VALUES ('22', 'field', '50', 'en_us', '');
INSERT INTO `searchindex` (`elementId`, `attribute`, `fieldId`, `locale`, `keywords`) VALUES ('9', 'field', '58', 'en_us', ' blue ');
INSERT INTO `searchindex` (`elementId`, `attribute`, `fieldId`, `locale`, `keywords`) VALUES ('9', 'field', '50', 'en_us', '');
INSERT INTO `searchindex` (`elementId`, `attribute`, `fieldId`, `locale`, `keywords`) VALUES ('69', 'filename', '0', 'en_us', ' cbt_branding jpg ');
INSERT INTO `searchindex` (`elementId`, `attribute`, `fieldId`, `locale`, `keywords`) VALUES ('69', 'extension', '0', 'en_us', ' jpg ');
INSERT INTO `searchindex` (`elementId`, `attribute`, `fieldId`, `locale`, `keywords`) VALUES ('69', 'kind', '0', 'en_us', ' image ');
INSERT INTO `searchindex` (`elementId`, `attribute`, `fieldId`, `locale`, `keywords`) VALUES ('69', 'slug', '0', 'en_us', '');
INSERT INTO `searchindex` (`elementId`, `attribute`, `fieldId`, `locale`, `keywords`) VALUES ('69', 'title', '0', 'en_us', ' cbt branding ');
INSERT INTO `searchindex` (`elementId`, `attribute`, `fieldId`, `locale`, `keywords`) VALUES ('70', 'filename', '0', 'en_us', ' hsinlei branding jpg ');
INSERT INTO `searchindex` (`elementId`, `attribute`, `fieldId`, `locale`, `keywords`) VALUES ('70', 'extension', '0', 'en_us', ' jpg ');
INSERT INTO `searchindex` (`elementId`, `attribute`, `fieldId`, `locale`, `keywords`) VALUES ('70', 'kind', '0', 'en_us', ' image ');
INSERT INTO `searchindex` (`elementId`, `attribute`, `fieldId`, `locale`, `keywords`) VALUES ('70', 'slug', '0', 'en_us', '');
INSERT INTO `searchindex` (`elementId`, `attribute`, `fieldId`, `locale`, `keywords`) VALUES ('70', 'title', '0', 'en_us', ' hsinlei branding ');
INSERT INTO `searchindex` (`elementId`, `attribute`, `fieldId`, `locale`, `keywords`) VALUES ('71', 'filename', '0', 'en_us', ' falcon_branding jpg ');
INSERT INTO `searchindex` (`elementId`, `attribute`, `fieldId`, `locale`, `keywords`) VALUES ('71', 'extension', '0', 'en_us', ' jpg ');
INSERT INTO `searchindex` (`elementId`, `attribute`, `fieldId`, `locale`, `keywords`) VALUES ('71', 'kind', '0', 'en_us', ' image ');
INSERT INTO `searchindex` (`elementId`, `attribute`, `fieldId`, `locale`, `keywords`) VALUES ('71', 'slug', '0', 'en_us', '');
INSERT INTO `searchindex` (`elementId`, `attribute`, `fieldId`, `locale`, `keywords`) VALUES ('71', 'title', '0', 'en_us', ' falcon branding ');
INSERT INTO `searchindex` (`elementId`, `attribute`, `fieldId`, `locale`, `keywords`) VALUES ('72', 'filename', '0', 'en_us', ' dresssmart_branding jpg ');
INSERT INTO `searchindex` (`elementId`, `attribute`, `fieldId`, `locale`, `keywords`) VALUES ('72', 'extension', '0', 'en_us', ' jpg ');
INSERT INTO `searchindex` (`elementId`, `attribute`, `fieldId`, `locale`, `keywords`) VALUES ('72', 'kind', '0', 'en_us', ' image ');
INSERT INTO `searchindex` (`elementId`, `attribute`, `fieldId`, `locale`, `keywords`) VALUES ('72', 'slug', '0', 'en_us', ' dresssmart branding ');
INSERT INTO `searchindex` (`elementId`, `attribute`, `fieldId`, `locale`, `keywords`) VALUES ('72', 'title', '0', 'en_us', ' dresssmart branding ');
INSERT INTO `searchindex` (`elementId`, `attribute`, `fieldId`, `locale`, `keywords`) VALUES ('76', 'filename', '0', 'en_us', ' kanjy_branding jpg ');
INSERT INTO `searchindex` (`elementId`, `attribute`, `fieldId`, `locale`, `keywords`) VALUES ('78', 'filename', '0', 'en_us', ' ideation_branding jpg ');
INSERT INTO `searchindex` (`elementId`, `attribute`, `fieldId`, `locale`, `keywords`) VALUES ('78', 'extension', '0', 'en_us', ' jpg ');
INSERT INTO `searchindex` (`elementId`, `attribute`, `fieldId`, `locale`, `keywords`) VALUES ('78', 'kind', '0', 'en_us', ' image ');
INSERT INTO `searchindex` (`elementId`, `attribute`, `fieldId`, `locale`, `keywords`) VALUES ('78', 'slug', '0', 'en_us', ' ideation branding ');
INSERT INTO `searchindex` (`elementId`, `attribute`, `fieldId`, `locale`, `keywords`) VALUES ('76', 'extension', '0', 'en_us', ' jpg ');
INSERT INTO `searchindex` (`elementId`, `attribute`, `fieldId`, `locale`, `keywords`) VALUES ('76', 'kind', '0', 'en_us', ' image ');
INSERT INTO `searchindex` (`elementId`, `attribute`, `fieldId`, `locale`, `keywords`) VALUES ('76', 'slug', '0', 'en_us', ' kanjy branding ');
INSERT INTO `searchindex` (`elementId`, `attribute`, `fieldId`, `locale`, `keywords`) VALUES ('76', 'title', '0', 'en_us', ' kanjy branding ');
INSERT INTO `searchindex` (`elementId`, `attribute`, `fieldId`, `locale`, `keywords`) VALUES ('78', 'title', '0', 'en_us', ' ideation branding ');
INSERT INTO `searchindex` (`elementId`, `attribute`, `fieldId`, `locale`, `keywords`) VALUES ('80', 'kind', '0', 'en_us', ' image ');
INSERT INTO `searchindex` (`elementId`, `attribute`, `fieldId`, `locale`, `keywords`) VALUES ('80', 'slug', '0', 'en_us', ' fengshui branding ');
INSERT INTO `searchindex` (`elementId`, `attribute`, `fieldId`, `locale`, `keywords`) VALUES ('80', 'extension', '0', 'en_us', ' jpg ');
INSERT INTO `searchindex` (`elementId`, `attribute`, `fieldId`, `locale`, `keywords`) VALUES ('80', 'filename', '0', 'en_us', ' fengshui_branding jpg ');
INSERT INTO `searchindex` (`elementId`, `attribute`, `fieldId`, `locale`, `keywords`) VALUES ('80', 'title', '0', 'en_us', ' fengshui branding ');
INSERT INTO `searchindex` (`elementId`, `attribute`, `fieldId`, `locale`, `keywords`) VALUES ('82', 'kind', '0', 'en_us', ' image ');
INSERT INTO `searchindex` (`elementId`, `attribute`, `fieldId`, `locale`, `keywords`) VALUES ('82', 'slug', '0', 'en_us', '');
INSERT INTO `searchindex` (`elementId`, `attribute`, `fieldId`, `locale`, `keywords`) VALUES ('82', 'extension', '0', 'en_us', ' jpg ');
INSERT INTO `searchindex` (`elementId`, `attribute`, `fieldId`, `locale`, `keywords`) VALUES ('82', 'filename', '0', 'en_us', ' verbalizeit_branding jpg ');
INSERT INTO `searchindex` (`elementId`, `attribute`, `fieldId`, `locale`, `keywords`) VALUES ('82', 'title', '0', 'en_us', ' verbalizeit branding ');
INSERT INTO `searchindex` (`elementId`, `attribute`, `fieldId`, `locale`, `keywords`) VALUES ('84', 'filename', '0', 'en_us', ' fengshui ipad boysroom mp4 ');
INSERT INTO `searchindex` (`elementId`, `attribute`, `fieldId`, `locale`, `keywords`) VALUES ('84', 'extension', '0', 'en_us', ' mp4 ');
INSERT INTO `searchindex` (`elementId`, `attribute`, `fieldId`, `locale`, `keywords`) VALUES ('84', 'kind', '0', 'en_us', ' video ');
INSERT INTO `searchindex` (`elementId`, `attribute`, `fieldId`, `locale`, `keywords`) VALUES ('84', 'slug', '0', 'en_us', ' fengshui ipad boysroom ');
INSERT INTO `searchindex` (`elementId`, `attribute`, `fieldId`, `locale`, `keywords`) VALUES ('84', 'title', '0', 'en_us', ' fengshui ipad boysroom ');
INSERT INTO `searchindex` (`elementId`, `attribute`, `fieldId`, `locale`, `keywords`) VALUES ('84', 'field', '59', 'en_us', ' 540 ');
INSERT INTO `searchindex` (`elementId`, `attribute`, `fieldId`, `locale`, `keywords`) VALUES ('84', 'field', '60', 'en_us', ' 360 ');
INSERT INTO `searchindex` (`elementId`, `attribute`, `fieldId`, `locale`, `keywords`) VALUES ('84', 'field', '62', 'en_us', ' 540 ');
INSERT INTO `searchindex` (`elementId`, `attribute`, `fieldId`, `locale`, `keywords`) VALUES ('84', 'field', '63', 'en_us', ' 360 ');
INSERT INTO `searchindex` (`elementId`, `attribute`, `fieldId`, `locale`, `keywords`) VALUES ('84', 'field', '61', 'en_us', ' 0 ');
INSERT INTO `searchindex` (`elementId`, `attribute`, `fieldId`, `locale`, `keywords`) VALUES ('83', 'field', '45', 'en_us', ' heading drop me a line heading drop me a line email your email email your email name your name name your name message what s up message what s up send send email send send email sending sending sending sending sentheading email sent sentheading email sent sentsubheading thank you soon we ll be in touch sentsubheading thank you soon we ll be in touch pleasefill please fill out this field pleasefill please fill out this field invalidemail invalid email address invalidemail invalid email address messagetooshort your message is too short messagetooshort your message is too short failheading oops a problem occurred while sending your message failheading oops a problem occurred while sending your message tryagain try again tryagain try again ');
INSERT INTO `searchindex` (`elementId`, `attribute`, `fieldId`, `locale`, `keywords`) VALUES ('83', 'slug', '0', 'en_us', '');
INSERT INTO `searchindex` (`elementId`, `attribute`, `fieldId`, `locale`, `keywords`) VALUES ('85', 'field', '62', 'en_us', ' 540 ');
INSERT INTO `searchindex` (`elementId`, `attribute`, `fieldId`, `locale`, `keywords`) VALUES ('85', 'field', '63', 'en_us', ' 400 ');
INSERT INTO `searchindex` (`elementId`, `attribute`, `fieldId`, `locale`, `keywords`) VALUES ('85', 'field', '61', 'en_us', ' 1 ');
INSERT INTO `searchindex` (`elementId`, `attribute`, `fieldId`, `locale`, `keywords`) VALUES ('85', 'filename', '0', 'en_us', ' fengshui top view mp4 ');
INSERT INTO `searchindex` (`elementId`, `attribute`, `fieldId`, `locale`, `keywords`) VALUES ('85', 'extension', '0', 'en_us', ' mp4 ');
INSERT INTO `searchindex` (`elementId`, `attribute`, `fieldId`, `locale`, `keywords`) VALUES ('85', 'kind', '0', 'en_us', ' video ');
INSERT INTO `searchindex` (`elementId`, `attribute`, `fieldId`, `locale`, `keywords`) VALUES ('85', 'slug', '0', 'en_us', ' fengshui top view ');
INSERT INTO `searchindex` (`elementId`, `attribute`, `fieldId`, `locale`, `keywords`) VALUES ('85', 'title', '0', 'en_us', ' fengshui top view ');
INSERT INTO `searchindex` (`elementId`, `attribute`, `fieldId`, `locale`, `keywords`) VALUES ('86', 'field', '62', 'en_us', ' 540 ');
INSERT INTO `searchindex` (`elementId`, `attribute`, `fieldId`, `locale`, `keywords`) VALUES ('86', 'field', '63', 'en_us', ' 420 ');
INSERT INTO `searchindex` (`elementId`, `attribute`, `fieldId`, `locale`, `keywords`) VALUES ('86', 'field', '61', 'en_us', ' 1 ');
INSERT INTO `searchindex` (`elementId`, `attribute`, `fieldId`, `locale`, `keywords`) VALUES ('86', 'filename', '0', 'en_us', ' fengshui goldfish mp4 ');
INSERT INTO `searchindex` (`elementId`, `attribute`, `fieldId`, `locale`, `keywords`) VALUES ('86', 'extension', '0', 'en_us', ' mp4 ');
INSERT INTO `searchindex` (`elementId`, `attribute`, `fieldId`, `locale`, `keywords`) VALUES ('86', 'kind', '0', 'en_us', ' video ');
INSERT INTO `searchindex` (`elementId`, `attribute`, `fieldId`, `locale`, `keywords`) VALUES ('86', 'slug', '0', 'en_us', ' fengshui goldfish ');
INSERT INTO `searchindex` (`elementId`, `attribute`, `fieldId`, `locale`, `keywords`) VALUES ('86', 'title', '0', 'en_us', ' fengshui goldfish ');



DROP TABLE IF EXISTS `sections`;


--
-- Schema for table `sections`
--
CREATE TABLE `sections` (
  `id` int(11) NOT NULL AUTO_INCREMENT,
  `structureId` int(11) DEFAULT NULL,
  `name` varchar(255) COLLATE utf8_unicode_ci NOT NULL,
  `handle` varchar(255) COLLATE utf8_unicode_ci NOT NULL,
  `type` enum('single','channel','structure') COLLATE utf8_unicode_ci NOT NULL DEFAULT 'channel',
  `hasUrls` tinyint(1) unsigned NOT NULL DEFAULT '1',
  `template` varchar(500) COLLATE utf8_unicode_ci DEFAULT NULL,
  `enableVersioning` tinyint(1) unsigned NOT NULL DEFAULT '0',
  `dateCreated` datetime NOT NULL,
  `dateUpdated` datetime NOT NULL,
  `uid` char(36) COLLATE utf8_unicode_ci NOT NULL DEFAULT '0',
  PRIMARY KEY (`id`),
  UNIQUE KEY `sections_name_unq_idx` (`name`),
  UNIQUE KEY `sections_handle_unq_idx` (`handle`),
  KEY `sections_structureId_fk` (`structureId`)
) ENGINE=InnoDB AUTO_INCREMENT=7 DEFAULT CHARSET=utf8 COLLATE=utf8_unicode_ci;

--
-- Data for table `sections`
--

INSERT INTO `sections` (`id`, `structureId`, `name`, `handle`, `type`, `hasUrls`, `template`, `enableVersioning`, `dateCreated`, `dateUpdated`, `uid`) VALUES ('1', NULL, 'Home', 'home', 'single', '1', 'index', '1', '2015-04-26 20:07:25', '2015-05-10 18:15:58', '8913cf03-aa2f-4879-8b31-b0f93360f04f');
INSERT INTO `sections` (`id`, `structureId`, `name`, `handle`, `type`, `hasUrls`, `template`, `enableVersioning`, `dateCreated`, `dateUpdated`, `uid`) VALUES ('2', NULL, 'News', 'news', 'channel', '1', 'news/_entry', '1', '2015-04-26 20:07:25', '2015-04-26 20:07:25', '21ae30b9-9b00-438d-9732-81410ffcf100');
INSERT INTO `sections` (`id`, `structureId`, `name`, `handle`, `type`, `hasUrls`, `template`, `enableVersioning`, `dateCreated`, `dateUpdated`, `uid`) VALUES ('3', NULL, 'Portfolio', 'portfolio', 'channel', '1', '_extends/_project', '1', '2015-04-29 01:57:30', '2015-05-11 00:36:57', '156852bf-9a60-4767-a790-b92bb956cda7');
INSERT INTO `sections` (`id`, `structureId`, `name`, `handle`, `type`, `hasUrls`, `template`, `enableVersioning`, `dateCreated`, `dateUpdated`, `uid`) VALUES ('5', NULL, 'About', 'about', 'single', '1', 'about', '1', '2015-04-29 01:58:37', '2015-04-29 01:58:37', 'd2b1bf88-4248-47a1-9933-d206429cdc98');
INSERT INTO `sections` (`id`, `structureId`, `name`, `handle`, `type`, `hasUrls`, `template`, `enableVersioning`, `dateCreated`, `dateUpdated`, `uid`) VALUES ('6', NULL, 'Labs', 'labs', 'single', '1', 'labs.html', '1', '2015-05-10 18:18:31', '2015-05-10 18:29:55', 'ea0d8332-3dbc-4e09-9b85-1680d97fc362');



DROP TABLE IF EXISTS `sections_i18n`;


--
-- Schema for table `sections_i18n`
--
CREATE TABLE `sections_i18n` (
  `id` int(11) NOT NULL AUTO_INCREMENT,
  `sectionId` int(11) NOT NULL,
  `locale` char(12) COLLATE utf8_unicode_ci NOT NULL,
  `enabledByDefault` tinyint(1) unsigned NOT NULL DEFAULT '1',
  `urlFormat` varchar(255) COLLATE utf8_unicode_ci DEFAULT NULL,
  `nestedUrlFormat` varchar(255) COLLATE utf8_unicode_ci DEFAULT NULL,
  `dateCreated` datetime NOT NULL,
  `dateUpdated` datetime NOT NULL,
  `uid` char(36) COLLATE utf8_unicode_ci NOT NULL DEFAULT '0',
  PRIMARY KEY (`id`),
  UNIQUE KEY `sections_i18n_sectionId_locale_unq_idx` (`sectionId`,`locale`),
  KEY `sections_i18n_locale_fk` (`locale`)
) ENGINE=InnoDB AUTO_INCREMENT=7 DEFAULT CHARSET=utf8 COLLATE=utf8_unicode_ci;

--
-- Data for table `sections_i18n`
--

INSERT INTO `sections_i18n` (`id`, `sectionId`, `locale`, `enabledByDefault`, `urlFormat`, `nestedUrlFormat`, `dateCreated`, `dateUpdated`, `uid`) VALUES ('1', '1', 'en_us', '0', '__home__', NULL, '2015-04-26 20:07:25', '2015-05-10 18:11:10', '7e6308ac-0683-4504-8533-1f33bda97fb2');
INSERT INTO `sections_i18n` (`id`, `sectionId`, `locale`, `enabledByDefault`, `urlFormat`, `nestedUrlFormat`, `dateCreated`, `dateUpdated`, `uid`) VALUES ('2', '2', 'en_us', '1', 'news/{postDate.year}/{slug}', NULL, '2015-04-26 20:07:25', '2015-04-26 20:07:25', 'cbe4ffd8-2032-4558-8de0-512708a9f710');
INSERT INTO `sections_i18n` (`id`, `sectionId`, `locale`, `enabledByDefault`, `urlFormat`, `nestedUrlFormat`, `dateCreated`, `dateUpdated`, `uid`) VALUES ('3', '3', 'en_us', '0', '{portfolioCategory.first.slug}/{slug}', NULL, '2015-04-29 01:57:30', '2015-04-29 16:42:27', '6013db14-539e-4a26-80f0-d825b766f715');
INSERT INTO `sections_i18n` (`id`, `sectionId`, `locale`, `enabledByDefault`, `urlFormat`, `nestedUrlFormat`, `dateCreated`, `dateUpdated`, `uid`) VALUES ('5', '5', 'en_us', '0', 'about', NULL, '2015-04-29 01:58:37', '2015-04-29 01:58:37', 'e512a15b-b223-436a-8e78-cbfaa5f7da67');
INSERT INTO `sections_i18n` (`id`, `sectionId`, `locale`, `enabledByDefault`, `urlFormat`, `nestedUrlFormat`, `dateCreated`, `dateUpdated`, `uid`) VALUES ('6', '6', 'en_us', '0', 'labs', NULL, '2015-05-10 18:18:31', '2015-05-10 18:19:47', 'acc1a536-0e46-40e6-9057-277ff1ffdfbb');



DROP TABLE IF EXISTS `sessions`;


--
-- Schema for table `sessions`
--
CREATE TABLE `sessions` (
  `id` int(11) NOT NULL AUTO_INCREMENT,
  `userId` int(11) NOT NULL,
  `token` char(100) COLLATE utf8_unicode_ci NOT NULL,
  `dateCreated` datetime NOT NULL,
  `dateUpdated` datetime NOT NULL,
  `uid` char(36) COLLATE utf8_unicode_ci NOT NULL DEFAULT '0',
  PRIMARY KEY (`id`),
  KEY `sessions_uid_idx` (`uid`),
  KEY `sessions_token_idx` (`token`),
  KEY `sessions_dateUpdated_idx` (`dateUpdated`),
  KEY `sessions_userId_fk` (`userId`)
) ENGINE=InnoDB AUTO_INCREMENT=6 DEFAULT CHARSET=utf8 COLLATE=utf8_unicode_ci;

DROP TABLE IF EXISTS `shunnedmessages`;


--
-- Schema for table `shunnedmessages`
--
CREATE TABLE `shunnedmessages` (
  `id` int(11) NOT NULL AUTO_INCREMENT,
  `userId` int(11) NOT NULL,
  `message` varchar(255) COLLATE utf8_unicode_ci NOT NULL,
  `expiryDate` datetime DEFAULT NULL,
  `dateCreated` datetime NOT NULL,
  `dateUpdated` datetime NOT NULL,
  `uid` char(36) COLLATE utf8_unicode_ci NOT NULL DEFAULT '0',
  PRIMARY KEY (`id`),
  UNIQUE KEY `shunnedmessages_userId_message_unq_idx` (`userId`,`message`)
) ENGINE=InnoDB DEFAULT CHARSET=utf8 COLLATE=utf8_unicode_ci;

DROP TABLE IF EXISTS `structureelements`;


--
-- Schema for table `structureelements`
--
CREATE TABLE `structureelements` (
  `id` int(11) NOT NULL AUTO_INCREMENT,
  `structureId` int(11) NOT NULL,
  `elementId` int(11) DEFAULT NULL,
  `root` int(11) unsigned DEFAULT NULL,
  `lft` int(11) unsigned NOT NULL,
  `rgt` int(11) unsigned NOT NULL,
  `level` smallint(6) unsigned NOT NULL,
  `dateCreated` datetime NOT NULL,
  `dateUpdated` datetime NOT NULL,
  `uid` char(36) COLLATE utf8_unicode_ci NOT NULL DEFAULT '0',
  PRIMARY KEY (`id`),
  UNIQUE KEY `structureelements_structureId_elementId_unq_idx` (`structureId`,`elementId`),
  KEY `structureelements_root_idx` (`root`),
  KEY `structureelements_lft_idx` (`lft`),
  KEY `structureelements_rgt_idx` (`rgt`),
  KEY `structureelements_level_idx` (`level`),
  KEY `structureelements_elementId_fk` (`elementId`)
) ENGINE=InnoDB AUTO_INCREMENT=5 DEFAULT CHARSET=utf8 COLLATE=utf8_unicode_ci;

--
-- Data for table `structureelements`
--

INSERT INTO `structureelements` (`id`, `structureId`, `elementId`, `root`, `lft`, `rgt`, `level`, `dateCreated`, `dateUpdated`, `uid`) VALUES ('1', '1', NULL, '1', '1', '2', '0', '2015-04-29 13:28:09', '2015-04-29 13:28:09', '9b67c333-dfeb-4d71-b6a6-4d0d953e5b4d');
INSERT INTO `structureelements` (`id`, `structureId`, `elementId`, `root`, `lft`, `rgt`, `level`, `dateCreated`, `dateUpdated`, `uid`) VALUES ('2', '4', NULL, '2', '1', '6', '0', '2015-04-29 14:57:45', '2015-04-29 14:57:45', 'b57af69f-b1f2-4782-ace1-2784dd4e6742');
INSERT INTO `structureelements` (`id`, `structureId`, `elementId`, `root`, `lft`, `rgt`, `level`, `dateCreated`, `dateUpdated`, `uid`) VALUES ('3', '4', '7', '2', '2', '3', '1', '2015-04-29 14:57:45', '2015-04-29 14:57:45', '15ff2aeb-08ad-4388-b14d-abf6cebee8b1');
INSERT INTO `structureelements` (`id`, `structureId`, `elementId`, `root`, `lft`, `rgt`, `level`, `dateCreated`, `dateUpdated`, `uid`) VALUES ('4', '4', '8', '2', '4', '5', '1', '2015-04-29 14:57:50', '2015-04-29 14:57:50', 'ed722587-b4ef-4b66-bb92-44f245fba89c');



DROP TABLE IF EXISTS `structures`;


--
-- Schema for table `structures`
--
CREATE TABLE `structures` (
  `id` int(11) NOT NULL AUTO_INCREMENT,
  `maxLevels` smallint(6) unsigned DEFAULT NULL,
  `dateCreated` datetime NOT NULL,
  `dateUpdated` datetime NOT NULL,
  `uid` char(36) COLLATE utf8_unicode_ci NOT NULL DEFAULT '0',
  PRIMARY KEY (`id`)
) ENGINE=InnoDB AUTO_INCREMENT=5 DEFAULT CHARSET=utf8 COLLATE=utf8_unicode_ci;

--
-- Data for table `structures`
--

INSERT INTO `structures` (`id`, `maxLevels`, `dateCreated`, `dateUpdated`, `uid`) VALUES ('1', NULL, '2015-04-29 13:27:41', '2015-04-29 13:27:41', '47d4121b-3f70-4f46-a98b-b1831d47e2c3');
INSERT INTO `structures` (`id`, `maxLevels`, `dateCreated`, `dateUpdated`, `uid`) VALUES ('2', NULL, '2015-04-29 13:31:09', '2015-04-29 13:31:09', 'cbc6ac05-ecc8-40b3-8281-703f1a9a1462');
INSERT INTO `structures` (`id`, `maxLevels`, `dateCreated`, `dateUpdated`, `uid`) VALUES ('3', NULL, '2015-04-29 13:31:20', '2015-04-29 13:31:20', 'e319a970-bb76-4c3c-b6c6-b0594de25ae1');
INSERT INTO `structures` (`id`, `maxLevels`, `dateCreated`, `dateUpdated`, `uid`) VALUES ('4', '1', '2015-04-29 14:57:32', '2015-05-10 18:33:46', 'aa96e1c0-57f6-449c-8a45-208f9ee8290c');



DROP TABLE IF EXISTS `systemsettings`;


--
-- Schema for table `systemsettings`
--
CREATE TABLE `systemsettings` (
  `id` int(11) NOT NULL AUTO_INCREMENT,
  `category` varchar(15) COLLATE utf8_unicode_ci NOT NULL,
  `settings` text COLLATE utf8_unicode_ci,
  `dateCreated` datetime NOT NULL,
  `dateUpdated` datetime NOT NULL,
  `uid` char(36) COLLATE utf8_unicode_ci NOT NULL DEFAULT '0',
  PRIMARY KEY (`id`),
  UNIQUE KEY `systemsettings_category_unq_idx` (`category`)
) ENGINE=InnoDB AUTO_INCREMENT=2 DEFAULT CHARSET=utf8 COLLATE=utf8_unicode_ci;

--
-- Data for table `systemsettings`
--

INSERT INTO `systemsettings` (`id`, `category`, `settings`, `dateCreated`, `dateUpdated`, `uid`) VALUES ('1', 'email', '{\"template\":\"\",\"protocol\":\"smtp\",\"emailAddress\":\"joeonmars@gmail.com\",\"senderName\":\"Grace Experience\",\"smtpAuth\":1,\"username\":\"admin@graceux.com\",\"password\":\"PMIxNETmZLlbwzUAn69Lvg\",\"smtpSecureTransportType\":\"none\",\"port\":\"587\",\"host\":\"smtp.mandrillapp.com\",\"timeout\":\"30\"}', '2015-04-26 20:07:25', '2015-05-16 05:46:42', 'ccd2020f-af45-4d84-a4b2-5f1c2aa88660');



DROP TABLE IF EXISTS `taggroups`;


--
-- Schema for table `taggroups`
--
CREATE TABLE `taggroups` (
  `id` int(11) NOT NULL AUTO_INCREMENT,
  `name` varchar(255) COLLATE utf8_unicode_ci NOT NULL,
  `handle` varchar(255) COLLATE utf8_unicode_ci NOT NULL,
  `fieldLayoutId` int(10) DEFAULT NULL,
  `dateCreated` datetime NOT NULL,
  `dateUpdated` datetime NOT NULL,
  `uid` char(36) COLLATE utf8_unicode_ci NOT NULL DEFAULT '0',
  PRIMARY KEY (`id`),
  UNIQUE KEY `taggroups_name_unq_idx` (`name`),
  UNIQUE KEY `taggroups_handle_unq_idx` (`handle`),
  KEY `taggroups_fieldLayoutId_fk` (`fieldLayoutId`)
) ENGINE=InnoDB AUTO_INCREMENT=2 DEFAULT CHARSET=utf8 COLLATE=utf8_unicode_ci;

--
-- Data for table `taggroups`
--

INSERT INTO `taggroups` (`id`, `name`, `handle`, `fieldLayoutId`, `dateCreated`, `dateUpdated`, `uid`) VALUES ('1', 'Default', 'default', '1', '2015-04-26 20:07:25', '2015-04-26 20:07:25', 'cf49c311-346a-4eb7-9d80-38f2c291064a');



DROP TABLE IF EXISTS `tags`;


--
-- Schema for table `tags`
--
CREATE TABLE `tags` (
  `id` int(11) NOT NULL,
  `groupId` int(11) NOT NULL,
  `dateCreated` datetime NOT NULL,
  `dateUpdated` datetime NOT NULL,
  `uid` char(36) COLLATE utf8_unicode_ci NOT NULL DEFAULT '0',
  PRIMARY KEY (`id`),
  KEY `tags_groupId_fk` (`groupId`)
) ENGINE=InnoDB DEFAULT CHARSET=utf8 COLLATE=utf8_unicode_ci;

DROP TABLE IF EXISTS `tasks`;


--
-- Schema for table `tasks`
--
CREATE TABLE `tasks` (
  `id` int(11) NOT NULL AUTO_INCREMENT,
  `root` int(11) unsigned DEFAULT NULL,
  `lft` int(11) unsigned NOT NULL,
  `rgt` int(11) unsigned NOT NULL,
  `level` smallint(6) unsigned NOT NULL,
  `currentStep` int(11) unsigned DEFAULT NULL,
  `totalSteps` int(11) unsigned DEFAULT NULL,
  `status` enum('pending','error','running') COLLATE utf8_unicode_ci DEFAULT NULL,
  `type` varchar(150) COLLATE utf8_unicode_ci NOT NULL,
  `description` varchar(255) COLLATE utf8_unicode_ci DEFAULT NULL,
  `settings` text COLLATE utf8_unicode_ci,
  `dateCreated` datetime NOT NULL,
  `dateUpdated` datetime NOT NULL,
  `uid` char(36) COLLATE utf8_unicode_ci NOT NULL DEFAULT '0',
  PRIMARY KEY (`id`),
  KEY `tasks_root_idx` (`root`),
  KEY `tasks_lft_idx` (`lft`),
  KEY `tasks_rgt_idx` (`rgt`),
  KEY `tasks_level_idx` (`level`)
) ENGINE=InnoDB AUTO_INCREMENT=10 DEFAULT CHARSET=utf8 COLLATE=utf8_unicode_ci;

DROP TABLE IF EXISTS `templatecachecriteria`;


--
-- Schema for table `templatecachecriteria`
--
CREATE TABLE `templatecachecriteria` (
  `id` int(11) NOT NULL AUTO_INCREMENT,
  `cacheId` int(11) NOT NULL,
  `type` varchar(150) COLLATE utf8_unicode_ci NOT NULL,
  `criteria` text COLLATE utf8_unicode_ci NOT NULL,
  PRIMARY KEY (`id`),
  KEY `templatecachecriteria_cacheId_fk` (`cacheId`),
  KEY `templatecachecriteria_type_idx` (`type`)
) ENGINE=InnoDB DEFAULT CHARSET=utf8 COLLATE=utf8_unicode_ci;

DROP TABLE IF EXISTS `templatecacheelements`;


--
-- Schema for table `templatecacheelements`
--
CREATE TABLE `templatecacheelements` (
  `cacheId` int(11) NOT NULL,
  `elementId` int(11) NOT NULL,
  KEY `templatecacheelements_cacheId_fk` (`cacheId`),
  KEY `templatecacheelements_elementId_fk` (`elementId`)
) ENGINE=InnoDB DEFAULT CHARSET=utf8 COLLATE=utf8_unicode_ci;

DROP TABLE IF EXISTS `templatecaches`;


--
-- Schema for table `templatecaches`
--
CREATE TABLE `templatecaches` (
  `id` int(11) NOT NULL AUTO_INCREMENT,
  `cacheKey` varchar(255) COLLATE utf8_unicode_ci NOT NULL,
  `locale` char(12) COLLATE utf8_unicode_ci NOT NULL,
  `path` varchar(255) COLLATE utf8_unicode_ci DEFAULT NULL,
  `expiryDate` datetime NOT NULL,
  `body` mediumtext COLLATE utf8_unicode_ci NOT NULL,
  PRIMARY KEY (`id`),
  KEY `templatecaches_expiryDate_cacheKey_locale_path_idx` (`expiryDate`,`cacheKey`,`locale`,`path`),
  KEY `templatecaches_locale_fk` (`locale`)
) ENGINE=InnoDB DEFAULT CHARSET=utf8 COLLATE=utf8_unicode_ci;

DROP TABLE IF EXISTS `tokens`;


--
-- Schema for table `tokens`
--
CREATE TABLE `tokens` (
  `id` int(11) NOT NULL AUTO_INCREMENT,
  `token` char(32) COLLATE utf8_unicode_ci NOT NULL,
  `route` text COLLATE utf8_unicode_ci,
  `usageLimit` tinyint(3) unsigned DEFAULT NULL,
  `usageCount` tinyint(3) unsigned DEFAULT NULL,
  `expiryDate` datetime NOT NULL,
  `dateCreated` datetime NOT NULL,
  `dateUpdated` datetime NOT NULL,
  `uid` char(36) COLLATE utf8_unicode_ci NOT NULL DEFAULT '0',
  PRIMARY KEY (`id`),
  UNIQUE KEY `tokens_token_unq_idx` (`token`),
  KEY `tokens_expiryDate_idx` (`expiryDate`)
) ENGINE=InnoDB DEFAULT CHARSET=utf8 COLLATE=utf8_unicode_ci;

DROP TABLE IF EXISTS `usergroups`;


--
-- Schema for table `usergroups`
--
CREATE TABLE `usergroups` (
  `id` int(11) NOT NULL AUTO_INCREMENT,
  `name` varchar(255) COLLATE utf8_unicode_ci NOT NULL,
  `handle` varchar(255) COLLATE utf8_unicode_ci NOT NULL,
  `dateCreated` datetime NOT NULL,
  `dateUpdated` datetime NOT NULL,
  `uid` char(36) COLLATE utf8_unicode_ci NOT NULL DEFAULT '0',
  PRIMARY KEY (`id`)
) ENGINE=InnoDB DEFAULT CHARSET=utf8 COLLATE=utf8_unicode_ci;

DROP TABLE IF EXISTS `usergroups_users`;


--
-- Schema for table `usergroups_users`
--
CREATE TABLE `usergroups_users` (
  `id` int(11) NOT NULL AUTO_INCREMENT,
  `groupId` int(11) NOT NULL,
  `userId` int(11) NOT NULL,
  `dateCreated` datetime NOT NULL,
  `dateUpdated` datetime NOT NULL,
  `uid` char(36) COLLATE utf8_unicode_ci NOT NULL DEFAULT '0',
  PRIMARY KEY (`id`),
  UNIQUE KEY `usergroups_users_groupId_userId_unq_idx` (`groupId`,`userId`),
  KEY `usergroups_users_userId_fk` (`userId`)
) ENGINE=InnoDB DEFAULT CHARSET=utf8 COLLATE=utf8_unicode_ci;

DROP TABLE IF EXISTS `userpermissions`;


--
-- Schema for table `userpermissions`
--
CREATE TABLE `userpermissions` (
  `id` int(11) NOT NULL AUTO_INCREMENT,
  `name` varchar(255) COLLATE utf8_unicode_ci NOT NULL,
  `dateCreated` datetime NOT NULL,
  `dateUpdated` datetime NOT NULL,
  `uid` char(36) COLLATE utf8_unicode_ci NOT NULL DEFAULT '0',
  PRIMARY KEY (`id`),
  UNIQUE KEY `userpermissions_name_unq_idx` (`name`)
) ENGINE=InnoDB DEFAULT CHARSET=utf8 COLLATE=utf8_unicode_ci;

DROP TABLE IF EXISTS `userpermissions_usergroups`;


--
-- Schema for table `userpermissions_usergroups`
--
CREATE TABLE `userpermissions_usergroups` (
  `id` int(11) NOT NULL AUTO_INCREMENT,
  `permissionId` int(11) NOT NULL,
  `groupId` int(11) NOT NULL,
  `dateCreated` datetime NOT NULL,
  `dateUpdated` datetime NOT NULL,
  `uid` char(36) COLLATE utf8_unicode_ci NOT NULL DEFAULT '0',
  PRIMARY KEY (`id`),
  UNIQUE KEY `userpermissions_usergroups_permissionId_groupId_unq_idx` (`permissionId`,`groupId`),
  KEY `userpermissions_usergroups_groupId_fk` (`groupId`)
) ENGINE=InnoDB DEFAULT CHARSET=utf8 COLLATE=utf8_unicode_ci;

DROP TABLE IF EXISTS `userpermissions_users`;


--
-- Schema for table `userpermissions_users`
--
CREATE TABLE `userpermissions_users` (
  `id` int(11) NOT NULL AUTO_INCREMENT,
  `permissionId` int(11) NOT NULL,
  `userId` int(11) NOT NULL,
  `dateCreated` datetime NOT NULL,
  `dateUpdated` datetime NOT NULL,
  `uid` char(36) COLLATE utf8_unicode_ci NOT NULL DEFAULT '0',
  PRIMARY KEY (`id`),
  UNIQUE KEY `userpermissions_users_permissionId_userId_unq_idx` (`permissionId`,`userId`),
  KEY `userpermissions_users_userId_fk` (`userId`)
) ENGINE=InnoDB DEFAULT CHARSET=utf8 COLLATE=utf8_unicode_ci;

DROP TABLE IF EXISTS `users`;


--
-- Schema for table `users`
--
CREATE TABLE `users` (
  `id` int(11) NOT NULL,
  `username` varchar(100) COLLATE utf8_unicode_ci NOT NULL,
  `photo` varchar(100) COLLATE utf8_unicode_ci DEFAULT NULL,
  `firstName` varchar(100) COLLATE utf8_unicode_ci DEFAULT NULL,
  `lastName` varchar(100) COLLATE utf8_unicode_ci DEFAULT NULL,
  `email` varchar(255) COLLATE utf8_unicode_ci NOT NULL,
  `password` char(255) COLLATE utf8_unicode_ci DEFAULT NULL,
  `preferredLocale` char(12) COLLATE utf8_unicode_ci DEFAULT NULL,
  `weekStartDay` tinyint(1) unsigned NOT NULL DEFAULT '0',
  `admin` tinyint(1) unsigned NOT NULL DEFAULT '0',
  `client` tinyint(1) unsigned NOT NULL DEFAULT '0',
  `locked` tinyint(1) unsigned NOT NULL DEFAULT '0',
  `suspended` tinyint(1) unsigned NOT NULL DEFAULT '0',
  `pending` tinyint(1) unsigned NOT NULL DEFAULT '0',
  `archived` tinyint(1) unsigned NOT NULL DEFAULT '0',
  `lastLoginDate` datetime DEFAULT NULL,
  `lastLoginAttemptIPAddress` varchar(45) COLLATE utf8_unicode_ci DEFAULT NULL,
  `invalidLoginWindowStart` datetime DEFAULT NULL,
  `invalidLoginCount` tinyint(4) unsigned DEFAULT NULL,
  `lastInvalidLoginDate` datetime DEFAULT NULL,
  `lockoutDate` datetime DEFAULT NULL,
  `verificationCode` char(100) COLLATE utf8_unicode_ci DEFAULT NULL,
  `verificationCodeIssuedDate` datetime DEFAULT NULL,
  `unverifiedEmail` varchar(255) COLLATE utf8_unicode_ci DEFAULT NULL,
  `passwordResetRequired` tinyint(1) unsigned NOT NULL DEFAULT '0',
  `lastPasswordChangeDate` datetime DEFAULT NULL,
  `dateCreated` datetime NOT NULL,
  `dateUpdated` datetime NOT NULL,
  `uid` char(36) COLLATE utf8_unicode_ci NOT NULL DEFAULT '0',
  PRIMARY KEY (`id`),
  UNIQUE KEY `users_username_unq_idx` (`username`),
  UNIQUE KEY `users_email_unq_idx` (`email`),
  KEY `users_verificationCode_idx` (`verificationCode`),
  KEY `users_uid_idx` (`uid`),
  KEY `users_preferredLocale_fk` (`preferredLocale`)
) ENGINE=InnoDB DEFAULT CHARSET=utf8 COLLATE=utf8_unicode_ci;

--
-- Data for table `users`
--

INSERT INTO `users` (`id`, `username`, `photo`, `firstName`, `lastName`, `email`, `password`, `preferredLocale`, `weekStartDay`, `admin`, `client`, `locked`, `suspended`, `pending`, `archived`, `lastLoginDate`, `lastLoginAttemptIPAddress`, `invalidLoginWindowStart`, `invalidLoginCount`, `lastInvalidLoginDate`, `lockoutDate`, `verificationCode`, `verificationCodeIssuedDate`, `unverifiedEmail`, `passwordResetRequired`, `lastPasswordChangeDate`, `dateCreated`, `dateUpdated`, `uid`) VALUES ('1', 'joeonmars', NULL, NULL, NULL, 'joeonmars@gmail.com', '$2a$13$fLE01.thwIwc9fF1Ptyz3OI2OIvQcedW0vcofCoCJsTCNgfQQI2bO', NULL, '0', '1', '0', '0', '0', '0', '0', '2015-05-16 01:53:06', '127.0.0.1', NULL, NULL, NULL, NULL, NULL, NULL, NULL, '0', '2015-04-26 20:07:23', '2015-04-26 20:07:23', '2015-05-16 01:53:06', 'a858b464-51ff-4f6e-84b7-e4a277dcd09e');
INSERT INTO `users` (`id`, `username`, `photo`, `firstName`, `lastName`, `email`, `password`, `preferredLocale`, `weekStartDay`, `admin`, `client`, `locked`, `suspended`, `pending`, `archived`, `lastLoginDate`, `lastLoginAttemptIPAddress`, `invalidLoginWindowStart`, `invalidLoginCount`, `lastInvalidLoginDate`, `lockoutDate`, `verificationCode`, `verificationCodeIssuedDate`, `unverifiedEmail`, `passwordResetRequired`, `lastPasswordChangeDate`, `dateCreated`, `dateUpdated`, `uid`) VALUES ('4', 'graceux', NULL, 'Grace', 'Fan', 'yueinteractive@gmail.com', NULL, NULL, '0', '0', '1', '0', '0', '1', '0', NULL, NULL, NULL, NULL, NULL, NULL, NULL, NULL, NULL, '0', NULL, '2015-04-26 20:37:35', '2015-04-26 20:37:35', '9f9f4e29-e6c6-4d2a-a603-8f3963634a55');



DROP TABLE IF EXISTS `widgets`;


--
-- Schema for table `widgets`
--
CREATE TABLE `widgets` (
  `id` int(11) NOT NULL AUTO_INCREMENT,
  `userId` int(11) NOT NULL,
  `type` varchar(150) COLLATE utf8_unicode_ci NOT NULL,
  `sortOrder` tinyint(4) DEFAULT NULL,
  `settings` text COLLATE utf8_unicode_ci,
  `enabled` tinyint(1) unsigned NOT NULL DEFAULT '1',
  `dateCreated` datetime NOT NULL,
  `dateUpdated` datetime NOT NULL,
  `uid` char(36) COLLATE utf8_unicode_ci NOT NULL DEFAULT '0',
  PRIMARY KEY (`id`),
  KEY `widgets_userId_fk` (`userId`)
) ENGINE=InnoDB AUTO_INCREMENT=5 DEFAULT CHARSET=utf8 COLLATE=utf8_unicode_ci;

--
-- Data for table `widgets`
--

INSERT INTO `widgets` (`id`, `userId`, `type`, `sortOrder`, `settings`, `enabled`, `dateCreated`, `dateUpdated`, `uid`) VALUES ('1', '1', 'RecentEntries', '1', NULL, '1', '2015-04-26 20:07:47', '2015-04-26 20:07:47', '238d1322-ab48-40de-916f-44c1b3117ca8');
INSERT INTO `widgets` (`id`, `userId`, `type`, `sortOrder`, `settings`, `enabled`, `dateCreated`, `dateUpdated`, `uid`) VALUES ('2', '1', 'GetHelp', '2', NULL, '1', '2015-04-26 20:07:47', '2015-04-26 20:07:47', '13686c25-ebd6-42dc-a8c9-3c7ec8840a2e');
INSERT INTO `widgets` (`id`, `userId`, `type`, `sortOrder`, `settings`, `enabled`, `dateCreated`, `dateUpdated`, `uid`) VALUES ('3', '1', 'Updates', '3', NULL, '1', '2015-04-26 20:07:47', '2015-04-26 20:07:47', '8ea43515-8068-4e66-8077-30ea324aef49');
INSERT INTO `widgets` (`id`, `userId`, `type`, `sortOrder`, `settings`, `enabled`, `dateCreated`, `dateUpdated`, `uid`) VALUES ('4', '1', 'Feed', '4', '{\"url\":\"http:\\/\\/feeds.feedburner.com\\/blogandtonic\",\"title\":\"Blog & Tonic\"}', '1', '2015-04-26 20:07:47', '2015-04-26 20:07:47', '94206929-cbad-4de9-9e08-f7dd3c29aec6');


--
-- Constraints for tables
--


--
-- Constraints for table `assetfiles`
--
ALTER TABLE `assetfiles`
	ADD CONSTRAINT `assetfiles_folderId_fk` FOREIGN KEY (`folderId`) REFERENCES `assetfolders` (`id`) ON DELETE CASCADE,
	ADD CONSTRAINT `assetfiles_id_fk` FOREIGN KEY (`id`) REFERENCES `elements` (`id`) ON DELETE CASCADE,
	ADD CONSTRAINT `assetfiles_sourceId_fk` FOREIGN KEY (`sourceId`) REFERENCES `assetsources` (`id`) ON DELETE CASCADE;

--
-- Constraints for table `assetfolders`
--
ALTER TABLE `assetfolders`
	ADD CONSTRAINT `assetfolders_parentId_fk` FOREIGN KEY (`parentId`) REFERENCES `assetfolders` (`id`) ON DELETE CASCADE,
	ADD CONSTRAINT `assetfolders_sourceId_fk` FOREIGN KEY (`sourceId`) REFERENCES `assetsources` (`id`) ON DELETE CASCADE;

--
-- Constraints for table `assetindexdata`
--
ALTER TABLE `assetindexdata`
	ADD CONSTRAINT `assetindexdata_sourceId_fk` FOREIGN KEY (`sourceId`) REFERENCES `assetsources` (`id`) ON DELETE CASCADE;

--
-- Constraints for table `assetsources`
--
ALTER TABLE `assetsources`
	ADD CONSTRAINT `assetsources_fieldLayoutId_fk` FOREIGN KEY (`fieldLayoutId`) REFERENCES `fieldlayouts` (`id`) ON DELETE SET NULL;

--
-- Constraints for table `categories`
--
ALTER TABLE `categories`
	ADD CONSTRAINT `categories_groupId_fk` FOREIGN KEY (`groupId`) REFERENCES `categorygroups` (`id`) ON DELETE CASCADE,
	ADD CONSTRAINT `categories_id_fk` FOREIGN KEY (`id`) REFERENCES `elements` (`id`) ON DELETE CASCADE;

--
-- Constraints for table `categorygroups`
--
ALTER TABLE `categorygroups`
	ADD CONSTRAINT `categorygroups_fieldLayoutId_fk` FOREIGN KEY (`fieldLayoutId`) REFERENCES `fieldlayouts` (`id`) ON DELETE SET NULL,
	ADD CONSTRAINT `categorygroups_structureId_fk` FOREIGN KEY (`structureId`) REFERENCES `structures` (`id`) ON DELETE CASCADE;

--
-- Constraints for table `categorygroups_i18n`
--
ALTER TABLE `categorygroups_i18n`
	ADD CONSTRAINT `categorygroups_i18n_groupId_fk` FOREIGN KEY (`groupId`) REFERENCES `categorygroups` (`id`) ON DELETE CASCADE,
	ADD CONSTRAINT `categorygroups_i18n_locale_fk` FOREIGN KEY (`locale`) REFERENCES `locales` (`locale`) ON DELETE CASCADE ON UPDATE CASCADE;

--
-- Constraints for table `content`
--
ALTER TABLE `content`
	ADD CONSTRAINT `content_elementId_fk` FOREIGN KEY (`elementId`) REFERENCES `elements` (`id`) ON DELETE CASCADE,
	ADD CONSTRAINT `content_locale_fk` FOREIGN KEY (`locale`) REFERENCES `locales` (`locale`) ON DELETE CASCADE ON UPDATE CASCADE;

--
-- Constraints for table `elements_i18n`
--
ALTER TABLE `elements_i18n`
	ADD CONSTRAINT `elements_i18n_elementId_fk` FOREIGN KEY (`elementId`) REFERENCES `elements` (`id`) ON DELETE CASCADE,
	ADD CONSTRAINT `elements_i18n_locale_fk` FOREIGN KEY (`locale`) REFERENCES `locales` (`locale`) ON DELETE CASCADE ON UPDATE CASCADE;

--
-- Constraints for table `emailmessages`
--
ALTER TABLE `emailmessages`
	ADD CONSTRAINT `emailmessages_locale_fk` FOREIGN KEY (`locale`) REFERENCES `locales` (`locale`) ON DELETE CASCADE ON UPDATE CASCADE;

--
-- Constraints for table `entries`
--
ALTER TABLE `entries`
	ADD CONSTRAINT `entries_authorId_fk` FOREIGN KEY (`authorId`) REFERENCES `users` (`id`) ON DELETE CASCADE,
	ADD CONSTRAINT `entries_id_fk` FOREIGN KEY (`id`) REFERENCES `elements` (`id`) ON DELETE CASCADE,
	ADD CONSTRAINT `entries_sectionId_fk` FOREIGN KEY (`sectionId`) REFERENCES `sections` (`id`) ON DELETE CASCADE,
	ADD CONSTRAINT `entries_typeId_fk` FOREIGN KEY (`typeId`) REFERENCES `entrytypes` (`id`) ON DELETE CASCADE;

--
-- Constraints for table `entrydrafts`
--
ALTER TABLE `entrydrafts`
	ADD CONSTRAINT `entrydrafts_creatorId_fk` FOREIGN KEY (`creatorId`) REFERENCES `users` (`id`) ON DELETE CASCADE,
	ADD CONSTRAINT `entrydrafts_entryId_fk` FOREIGN KEY (`entryId`) REFERENCES `entries` (`id`) ON DELETE CASCADE,
	ADD CONSTRAINT `entrydrafts_locale_fk` FOREIGN KEY (`locale`) REFERENCES `locales` (`locale`) ON DELETE CASCADE ON UPDATE CASCADE,
	ADD CONSTRAINT `entrydrafts_sectionId_fk` FOREIGN KEY (`sectionId`) REFERENCES `sections` (`id`) ON DELETE CASCADE;

--
-- Constraints for table `entrytypes`
--
ALTER TABLE `entrytypes`
	ADD CONSTRAINT `entrytypes_fieldLayoutId_fk` FOREIGN KEY (`fieldLayoutId`) REFERENCES `fieldlayouts` (`id`) ON DELETE SET NULL,
	ADD CONSTRAINT `entrytypes_sectionId_fk` FOREIGN KEY (`sectionId`) REFERENCES `sections` (`id`) ON DELETE CASCADE;

--
-- Constraints for table `entryversions`
--
ALTER TABLE `entryversions`
	ADD CONSTRAINT `entryversions_creatorId_fk` FOREIGN KEY (`creatorId`) REFERENCES `users` (`id`) ON DELETE SET NULL,
	ADD CONSTRAINT `entryversions_entryId_fk` FOREIGN KEY (`entryId`) REFERENCES `entries` (`id`) ON DELETE CASCADE,
	ADD CONSTRAINT `entryversions_locale_fk` FOREIGN KEY (`locale`) REFERENCES `locales` (`locale`) ON DELETE CASCADE ON UPDATE CASCADE,
	ADD CONSTRAINT `entryversions_sectionId_fk` FOREIGN KEY (`sectionId`) REFERENCES `sections` (`id`) ON DELETE CASCADE;

--
-- Constraints for table `fieldlayoutfields`
--
ALTER TABLE `fieldlayoutfields`
	ADD CONSTRAINT `fieldlayoutfields_fieldId_fk` FOREIGN KEY (`fieldId`) REFERENCES `fields` (`id`) ON DELETE CASCADE,
	ADD CONSTRAINT `fieldlayoutfields_layoutId_fk` FOREIGN KEY (`layoutId`) REFERENCES `fieldlayouts` (`id`) ON DELETE CASCADE,
	ADD CONSTRAINT `fieldlayoutfields_tabId_fk` FOREIGN KEY (`tabId`) REFERENCES `fieldlayouttabs` (`id`) ON DELETE CASCADE;

--
-- Constraints for table `fieldlayouttabs`
--
ALTER TABLE `fieldlayouttabs`
	ADD CONSTRAINT `fieldlayouttabs_layoutId_fk` FOREIGN KEY (`layoutId`) REFERENCES `fieldlayouts` (`id`) ON DELETE CASCADE;

--
-- Constraints for table `fields`
--
ALTER TABLE `fields`
	ADD CONSTRAINT `fields_groupId_fk` FOREIGN KEY (`groupId`) REFERENCES `fieldgroups` (`id`) ON DELETE CASCADE;

--
-- Constraints for table `globalsets`
--
ALTER TABLE `globalsets`
	ADD CONSTRAINT `globalsets_fieldLayoutId_fk` FOREIGN KEY (`fieldLayoutId`) REFERENCES `fieldlayouts` (`id`) ON DELETE SET NULL,
	ADD CONSTRAINT `globalsets_id_fk` FOREIGN KEY (`id`) REFERENCES `elements` (`id`) ON DELETE CASCADE;

--
-- Constraints for table `matrixblocks`
--
ALTER TABLE `matrixblocks`
	ADD CONSTRAINT `matrixblocks_fieldId_fk` FOREIGN KEY (`fieldId`) REFERENCES `fields` (`id`) ON DELETE CASCADE,
	ADD CONSTRAINT `matrixblocks_id_fk` FOREIGN KEY (`id`) REFERENCES `elements` (`id`) ON DELETE CASCADE,
	ADD CONSTRAINT `matrixblocks_ownerId_fk` FOREIGN KEY (`ownerId`) REFERENCES `elements` (`id`) ON DELETE CASCADE,
	ADD CONSTRAINT `matrixblocks_ownerLocale_fk` FOREIGN KEY (`ownerLocale`) REFERENCES `locales` (`locale`) ON DELETE CASCADE ON UPDATE CASCADE,
	ADD CONSTRAINT `matrixblocks_typeId_fk` FOREIGN KEY (`typeId`) REFERENCES `matrixblocktypes` (`id`) ON DELETE CASCADE;

--
-- Constraints for table `matrixblocktypes`
--
ALTER TABLE `matrixblocktypes`
	ADD CONSTRAINT `matrixblocktypes_fieldId_fk` FOREIGN KEY (`fieldId`) REFERENCES `fields` (`id`) ON DELETE CASCADE,
	ADD CONSTRAINT `matrixblocktypes_fieldLayoutId_fk` FOREIGN KEY (`fieldLayoutId`) REFERENCES `fieldlayouts` (`id`) ON DELETE SET NULL;

--
-- Constraints for table `matrixcontent_analysisflow`
--
ALTER TABLE `matrixcontent_analysisflow`
	ADD CONSTRAINT `matrixcontent_analysisflow_elementId_fk` FOREIGN KEY (`elementId`) REFERENCES `elements` (`id`) ON DELETE CASCADE,
	ADD CONSTRAINT `matrixcontent_analysisflow_locale_fk` FOREIGN KEY (`locale`) REFERENCES `locales` (`locale`) ON DELETE CASCADE ON UPDATE CASCADE;

--
-- Constraints for table `matrixcontent_features`
--
ALTER TABLE `matrixcontent_features`
	ADD CONSTRAINT `matrixcontent_features_elementId_fk` FOREIGN KEY (`elementId`) REFERENCES `elements` (`id`) ON DELETE CASCADE,
	ADD CONSTRAINT `matrixcontent_features_locale_fk` FOREIGN KEY (`locale`) REFERENCES `locales` (`locale`) ON DELETE CASCADE ON UPDATE CASCADE;

--
-- Constraints for table `matrixcontent_information`
--
ALTER TABLE `matrixcontent_information`
	ADD CONSTRAINT `matrixcontent_information_elementId_fk` FOREIGN KEY (`elementId`) REFERENCES `elements` (`id`) ON DELETE CASCADE,
	ADD CONSTRAINT `matrixcontent_information_locale_fk` FOREIGN KEY (`locale`) REFERENCES `locales` (`locale`) ON DELETE CASCADE ON UPDATE CASCADE;

--
-- Constraints for table `migrations`
--
ALTER TABLE `migrations`
	ADD CONSTRAINT `migrations_pluginId_fk` FOREIGN KEY (`pluginId`) REFERENCES `plugins` (`id`) ON DELETE CASCADE;

--
-- Constraints for table `relations`
--
ALTER TABLE `relations`
	ADD CONSTRAINT `relations_fieldId_fk` FOREIGN KEY (`fieldId`) REFERENCES `fields` (`id`) ON DELETE CASCADE,
	ADD CONSTRAINT `relations_sourceId_fk` FOREIGN KEY (`sourceId`) REFERENCES `elements` (`id`) ON DELETE CASCADE,
	ADD CONSTRAINT `relations_sourceLocale_fk` FOREIGN KEY (`sourceLocale`) REFERENCES `locales` (`locale`) ON DELETE CASCADE ON UPDATE CASCADE,
	ADD CONSTRAINT `relations_targetId_fk` FOREIGN KEY (`targetId`) REFERENCES `elements` (`id`) ON DELETE CASCADE;

--
-- Constraints for table `routes`
--
ALTER TABLE `routes`
	ADD CONSTRAINT `routes_locale_fk` FOREIGN KEY (`locale`) REFERENCES `locales` (`locale`) ON DELETE CASCADE ON UPDATE CASCADE;

--
-- Constraints for table `sections`
--
ALTER TABLE `sections`
	ADD CONSTRAINT `sections_structureId_fk` FOREIGN KEY (`structureId`) REFERENCES `structures` (`id`) ON DELETE SET NULL;

--
-- Constraints for table `sections_i18n`
--
ALTER TABLE `sections_i18n`
	ADD CONSTRAINT `sections_i18n_locale_fk` FOREIGN KEY (`locale`) REFERENCES `locales` (`locale`) ON DELETE CASCADE ON UPDATE CASCADE,
	ADD CONSTRAINT `sections_i18n_sectionId_fk` FOREIGN KEY (`sectionId`) REFERENCES `sections` (`id`) ON DELETE CASCADE;

--
-- Constraints for table `sessions`
--
ALTER TABLE `sessions`
	ADD CONSTRAINT `sessions_userId_fk` FOREIGN KEY (`userId`) REFERENCES `users` (`id`) ON DELETE CASCADE;

--
-- Constraints for table `shunnedmessages`
--
ALTER TABLE `shunnedmessages`
	ADD CONSTRAINT `shunnedmessages_userId_fk` FOREIGN KEY (`userId`) REFERENCES `users` (`id`) ON DELETE CASCADE;

--
-- Constraints for table `structureelements`
--
ALTER TABLE `structureelements`
	ADD CONSTRAINT `structureelements_elementId_fk` FOREIGN KEY (`elementId`) REFERENCES `elements` (`id`) ON DELETE CASCADE,
	ADD CONSTRAINT `structureelements_structureId_fk` FOREIGN KEY (`structureId`) REFERENCES `structures` (`id`) ON DELETE CASCADE;

--
-- Constraints for table `taggroups`
--
ALTER TABLE `taggroups`
	ADD CONSTRAINT `taggroups_fieldLayoutId_fk` FOREIGN KEY (`fieldLayoutId`) REFERENCES `fieldlayouts` (`id`) ON DELETE SET NULL;

--
-- Constraints for table `tags`
--
ALTER TABLE `tags`
	ADD CONSTRAINT `tags_groupId_fk` FOREIGN KEY (`groupId`) REFERENCES `taggroups` (`id`) ON DELETE CASCADE,
	ADD CONSTRAINT `tags_id_fk` FOREIGN KEY (`id`) REFERENCES `elements` (`id`) ON DELETE CASCADE;

--
-- Constraints for table `templatecachecriteria`
--
ALTER TABLE `templatecachecriteria`
	ADD CONSTRAINT `templatecachecriteria_cacheId_fk` FOREIGN KEY (`cacheId`) REFERENCES `templatecaches` (`id`) ON DELETE CASCADE;

--
-- Constraints for table `templatecacheelements`
--
ALTER TABLE `templatecacheelements`
	ADD CONSTRAINT `templatecacheelements_cacheId_fk` FOREIGN KEY (`cacheId`) REFERENCES `templatecaches` (`id`) ON DELETE CASCADE,
	ADD CONSTRAINT `templatecacheelements_elementId_fk` FOREIGN KEY (`elementId`) REFERENCES `elements` (`id`) ON DELETE CASCADE;

--
-- Constraints for table `templatecaches`
--
ALTER TABLE `templatecaches`
	ADD CONSTRAINT `templatecaches_locale_fk` FOREIGN KEY (`locale`) REFERENCES `locales` (`locale`) ON DELETE CASCADE ON UPDATE CASCADE;

--
-- Constraints for table `usergroups_users`
--
ALTER TABLE `usergroups_users`
	ADD CONSTRAINT `usergroups_users_groupId_fk` FOREIGN KEY (`groupId`) REFERENCES `usergroups` (`id`) ON DELETE CASCADE,
	ADD CONSTRAINT `usergroups_users_userId_fk` FOREIGN KEY (`userId`) REFERENCES `users` (`id`) ON DELETE CASCADE;

--
-- Constraints for table `userpermissions_usergroups`
--
ALTER TABLE `userpermissions_usergroups`
	ADD CONSTRAINT `userpermissions_usergroups_groupId_fk` FOREIGN KEY (`groupId`) REFERENCES `usergroups` (`id`) ON DELETE CASCADE,
	ADD CONSTRAINT `userpermissions_usergroups_permissionId_fk` FOREIGN KEY (`permissionId`) REFERENCES `userpermissions` (`id`) ON DELETE CASCADE;

--
-- Constraints for table `userpermissions_users`
--
ALTER TABLE `userpermissions_users`
	ADD CONSTRAINT `userpermissions_users_permissionId_fk` FOREIGN KEY (`permissionId`) REFERENCES `userpermissions` (`id`) ON DELETE CASCADE,
	ADD CONSTRAINT `userpermissions_users_userId_fk` FOREIGN KEY (`userId`) REFERENCES `users` (`id`) ON DELETE CASCADE;

--
-- Constraints for table `users`
--
ALTER TABLE `users`
	ADD CONSTRAINT `users_id_fk` FOREIGN KEY (`id`) REFERENCES `elements` (`id`) ON DELETE CASCADE,
	ADD CONSTRAINT `users_preferredLocale_fk` FOREIGN KEY (`preferredLocale`) REFERENCES `locales` (`locale`) ON DELETE SET NULL ON UPDATE CASCADE;

--
-- Constraints for table `widgets`
--
ALTER TABLE `widgets`
	ADD CONSTRAINT `widgets_userId_fk` FOREIGN KEY (`userId`) REFERENCES `users` (`id`) ON DELETE CASCADE;

SET FOREIGN_KEY_CHECKS = 1;
