-- Generated by Craft v2.3.2644 on May 10, 2015 6:14:16 PM.

--
-- Disable foreign key checks and autocommit.
--

SET FOREIGN_KEY_CHECKS = 0;
SET SQL_MODE = "NO_AUTO_VALUE_ON_ZERO";
SET AUTOCOMMIT = 0;
SET NAMES utf8;


DROP TABLE IF EXISTS `assetfiles`;


--
-- Schema for table `assetfiles`
--
CREATE TABLE `assetfiles` (
  `id` int(11) NOT NULL,
  `sourceId` int(11) DEFAULT NULL,
  `folderId` int(11) NOT NULL,
  `filename` varchar(255) COLLATE utf8_unicode_ci NOT NULL,
  `kind` varchar(50) COLLATE utf8_unicode_ci NOT NULL DEFAULT 'unknown',
  `width` smallint(6) unsigned DEFAULT NULL,
  `height` smallint(6) unsigned DEFAULT NULL,
  `size` int(11) unsigned DEFAULT NULL,
  `dateModified` datetime DEFAULT NULL,
  `dateCreated` datetime NOT NULL,
  `dateUpdated` datetime NOT NULL,
  `uid` char(36) COLLATE utf8_unicode_ci NOT NULL DEFAULT '0',
  PRIMARY KEY (`id`),
  UNIQUE KEY `assetfiles_filename_folderId_unq_idx` (`filename`,`folderId`),
  KEY `assetfiles_sourceId_fk` (`sourceId`),
  KEY `assetfiles_folderId_fk` (`folderId`)
) ENGINE=InnoDB DEFAULT CHARSET=utf8 COLLATE=utf8_unicode_ci;

--
-- Data for table `assetfiles`
--

INSERT INTO `assetfiles` (`id`, `sourceId`, `folderId`, `filename`, `kind`, `width`, `height`, `size`, `dateModified`, `dateCreated`, `dateUpdated`, `uid`) VALUES ('14', '2', '2', '600x600.gif', 'image', '600', '600', '17790', '2015-05-06 02:13:16', '2015-05-06 02:13:16', '2015-05-06 02:13:16', '65386bbb-9fbe-4d01-b617-c9e72772bda2');
INSERT INTO `assetfiles` (`id`, `sourceId`, `folderId`, `filename`, `kind`, `width`, `height`, `size`, `dateModified`, `dateCreated`, `dateUpdated`, `uid`) VALUES ('15', '2', '2', '640x480.gif', 'image', '640', '480', '15447', '2015-05-06 02:23:31', '2015-05-06 02:23:31', '2015-05-06 02:23:31', 'a4119463-1a2b-4a7c-afec-32fc9209d3ac');
INSERT INTO `assetfiles` (`id`, `sourceId`, `folderId`, `filename`, `kind`, `width`, `height`, `size`, `dateModified`, `dateCreated`, `dateUpdated`, `uid`) VALUES ('16', '5', '5', '1024x768.gif', 'image', '1024', '768', '33248', '2015-05-06 02:26:23', '2015-05-06 02:26:23', '2015-05-06 02:26:23', '2e7d7bed-63fb-4367-8c3d-f92240033ad6');
INSERT INTO `assetfiles` (`id`, `sourceId`, `folderId`, `filename`, `kind`, `width`, `height`, `size`, `dateModified`, `dateCreated`, `dateUpdated`, `uid`) VALUES ('17', '6', '6', '600x600.gif', 'image', '600', '600', '17790', '2015-05-06 02:26:47', '2015-05-06 02:26:47', '2015-05-06 02:26:47', '28fda95e-b4ea-4719-a9e9-356b97c5b39a');
INSERT INTO `assetfiles` (`id`, `sourceId`, `folderId`, `filename`, `kind`, `width`, `height`, `size`, `dateModified`, `dateCreated`, `dateUpdated`, `uid`) VALUES ('18', '7', '7', '400x200.gif', 'image', '400', '200', '5405', '2015-05-06 02:27:04', '2015-05-06 02:27:04', '2015-05-06 02:27:04', 'a40ca93f-7900-4102-b531-c7434952860b');



DROP TABLE IF EXISTS `assetfolders`;


--
-- Schema for table `assetfolders`
--
CREATE TABLE `assetfolders` (
  `id` int(11) NOT NULL AUTO_INCREMENT,
  `parentId` int(11) DEFAULT NULL,
  `sourceId` int(11) DEFAULT NULL,
  `name` varchar(255) COLLATE utf8_unicode_ci NOT NULL,
  `path` varchar(255) COLLATE utf8_unicode_ci DEFAULT NULL,
  `dateCreated` datetime NOT NULL,
  `dateUpdated` datetime NOT NULL,
  `uid` char(36) COLLATE utf8_unicode_ci NOT NULL DEFAULT '0',
  PRIMARY KEY (`id`),
  UNIQUE KEY `assetfolders_name_parentId_sourceId_unq_idx` (`name`,`parentId`,`sourceId`),
  KEY `assetfolders_parentId_fk` (`parentId`),
  KEY `assetfolders_sourceId_fk` (`sourceId`)
) ENGINE=InnoDB AUTO_INCREMENT=8 DEFAULT CHARSET=utf8 COLLATE=utf8_unicode_ci;

--
-- Data for table `assetfolders`
--

INSERT INTO `assetfolders` (`id`, `parentId`, `sourceId`, `name`, `path`, `dateCreated`, `dateUpdated`, `uid`) VALUES ('1', NULL, '1', 'OG Images', '', '2015-04-30 03:46:19', '2015-05-06 02:08:55', '42fecc0f-b48b-432f-a115-0bf9146b4e0c');
INSERT INTO `assetfolders` (`id`, `parentId`, `sourceId`, `name`, `path`, `dateCreated`, `dateUpdated`, `uid`) VALUES ('2', NULL, '2', 'Feature Images', '', '2015-05-06 02:08:51', '2015-05-06 02:08:51', '98f07867-ca1f-4d77-b5de-7b1c8304425a');
INSERT INTO `assetfolders` (`id`, `parentId`, `sourceId`, `name`, `path`, `dateCreated`, `dateUpdated`, `uid`) VALUES ('3', NULL, '3', 'Layered Images', '', '2015-05-06 02:17:14', '2015-05-06 02:17:14', 'ff7dd960-6476-4dad-b5c2-6094cf4c58f0');
INSERT INTO `assetfolders` (`id`, `parentId`, `sourceId`, `name`, `path`, `dateCreated`, `dateUpdated`, `uid`) VALUES ('4', NULL, '4', 'Comparison Images', '', '2015-05-06 02:17:35', '2015-05-06 02:17:35', '883533e1-fab9-4339-b92e-eaf4bd3355df');
INSERT INTO `assetfolders` (`id`, `parentId`, `sourceId`, `name`, `path`, `dateCreated`, `dateUpdated`, `uid`) VALUES ('5', NULL, '5', 'Promotional Images', '', '2015-05-06 02:20:14', '2015-05-06 02:20:14', '57568c15-6180-438e-996c-12b31381baef');
INSERT INTO `assetfolders` (`id`, `parentId`, `sourceId`, `name`, `path`, `dateCreated`, `dateUpdated`, `uid`) VALUES ('6', NULL, '6', 'Preview Images', '', '2015-05-06 02:20:32', '2015-05-06 02:20:32', 'c1454a91-b268-4772-a826-4899e25e82c8');
INSERT INTO `assetfolders` (`id`, `parentId`, `sourceId`, `name`, `path`, `dateCreated`, `dateUpdated`, `uid`) VALUES ('7', NULL, '7', 'Navigation Images', '', '2015-05-06 02:20:47', '2015-05-06 02:20:47', '378f79fc-64e4-4dda-af21-36d840866c1f');



DROP TABLE IF EXISTS `assetindexdata`;


--
-- Schema for table `assetindexdata`
--
CREATE TABLE `assetindexdata` (
  `id` int(11) NOT NULL AUTO_INCREMENT,
  `sessionId` varchar(36) COLLATE utf8_unicode_ci NOT NULL DEFAULT '',
  `sourceId` int(10) NOT NULL,
  `offset` int(10) NOT NULL,
  `uri` varchar(255) COLLATE utf8_unicode_ci DEFAULT NULL,
  `size` int(10) DEFAULT NULL,
  `recordId` int(10) DEFAULT NULL,
  `dateCreated` datetime NOT NULL,
  `dateUpdated` datetime NOT NULL,
  `uid` char(36) COLLATE utf8_unicode_ci NOT NULL DEFAULT '0',
  PRIMARY KEY (`id`),
  UNIQUE KEY `assetindexdata_sessionId_sourceId_offset_unq_idx` (`sessionId`,`sourceId`,`offset`),
  KEY `assetindexdata_sourceId_fk` (`sourceId`)
) ENGINE=InnoDB DEFAULT CHARSET=utf8 COLLATE=utf8_unicode_ci;

DROP TABLE IF EXISTS `assetsources`;


--
-- Schema for table `assetsources`
--
CREATE TABLE `assetsources` (
  `id` int(11) NOT NULL AUTO_INCREMENT,
  `name` varchar(255) COLLATE utf8_unicode_ci NOT NULL,
  `handle` varchar(255) COLLATE utf8_unicode_ci NOT NULL,
  `type` varchar(150) COLLATE utf8_unicode_ci NOT NULL,
  `settings` text COLLATE utf8_unicode_ci,
  `sortOrder` tinyint(4) DEFAULT NULL,
  `fieldLayoutId` int(10) DEFAULT NULL,
  `dateCreated` datetime NOT NULL,
  `dateUpdated` datetime NOT NULL,
  `uid` char(36) COLLATE utf8_unicode_ci NOT NULL DEFAULT '0',
  PRIMARY KEY (`id`),
  UNIQUE KEY `assetsources_name_unq_idx` (`name`),
  UNIQUE KEY `assetsources_handle_unq_idx` (`handle`),
  KEY `assetsources_fieldLayoutId_fk` (`fieldLayoutId`)
) ENGINE=InnoDB AUTO_INCREMENT=8 DEFAULT CHARSET=utf8 COLLATE=utf8_unicode_ci;

--
-- Data for table `assetsources`
--

INSERT INTO `assetsources` (`id`, `name`, `handle`, `type`, `settings`, `sortOrder`, `fieldLayoutId`, `dateCreated`, `dateUpdated`, `uid`) VALUES ('1', 'OG Images', 'ogImages', 'Local', '{\"path\":\"assets\\/images\\/upload\\/og\\/\",\"url\":\"assets\\/images\\/upload\\/og\\/\"}', '1', '50', '2015-04-30 03:46:19', '2015-05-06 02:13:10', '64188507-b6f6-4306-86cf-0dc699511c55');
INSERT INTO `assetsources` (`id`, `name`, `handle`, `type`, `settings`, `sortOrder`, `fieldLayoutId`, `dateCreated`, `dateUpdated`, `uid`) VALUES ('2', 'Feature Images', 'featureImages', 'Local', '{\"path\":\"assets\\/images\\/upload\\/feature\\/\",\"url\":\"assets\\/images\\/upload\\/feature\\/\"}', '2', '54', '2015-05-06 02:08:50', '2015-05-06 02:16:52', '6bde4a52-ea0b-4c94-b922-3d0f302b9157');
INSERT INTO `assetsources` (`id`, `name`, `handle`, `type`, `settings`, `sortOrder`, `fieldLayoutId`, `dateCreated`, `dateUpdated`, `uid`) VALUES ('3', 'Layered Images', 'layeredImages', 'Local', '{\"path\":\"assets\\/images\\/upload\\/layered\\/\",\"url\":\"assets\\/images\\/upload\\/layered\\/\"}', '3', '55', '2015-05-06 02:17:14', '2015-05-06 02:17:14', 'fdce6f98-9725-437e-a48a-660f7428523f');
INSERT INTO `assetsources` (`id`, `name`, `handle`, `type`, `settings`, `sortOrder`, `fieldLayoutId`, `dateCreated`, `dateUpdated`, `uid`) VALUES ('4', 'Comparison Images', 'comparisonImages', 'Local', '{\"path\":\"assets\\/images\\/upload\\/comparison\\/\",\"url\":\"assets\\/images\\/upload\\/comparison\\/\"}', '4', '56', '2015-05-06 02:17:35', '2015-05-06 02:17:35', '17333af5-3eca-45a8-b59f-844703d7f2b1');
INSERT INTO `assetsources` (`id`, `name`, `handle`, `type`, `settings`, `sortOrder`, `fieldLayoutId`, `dateCreated`, `dateUpdated`, `uid`) VALUES ('5', 'Promotional Images', 'promotionalImages', 'Local', '{\"path\":\"assets\\/images\\/upload\\/promotional\\/\",\"url\":\"assets\\/images\\/upload\\/promotional\\/\"}', '5', '60', '2015-05-06 02:20:14', '2015-05-06 02:20:14', '222d6bb5-dc0c-497f-bd99-8dc151328c47');
INSERT INTO `assetsources` (`id`, `name`, `handle`, `type`, `settings`, `sortOrder`, `fieldLayoutId`, `dateCreated`, `dateUpdated`, `uid`) VALUES ('6', 'Preview Images', 'previewImages', 'Local', '{\"path\":\"assets\\/images\\/upload\\/preview\\/\",\"url\":\"assets\\/images\\/upload\\/preview\\/\"}', '6', '61', '2015-05-06 02:20:32', '2015-05-06 02:20:32', '61ec8133-45d1-433c-9d6b-6da8864bb2fe');
INSERT INTO `assetsources` (`id`, `name`, `handle`, `type`, `settings`, `sortOrder`, `fieldLayoutId`, `dateCreated`, `dateUpdated`, `uid`) VALUES ('7', 'Navigation Images', 'navigationImages', 'Local', '{\"path\":\"assets\\/images\\/upload\\/navigation\\/\",\"url\":\"assets\\/images\\/upload\\/navigation\\/\"}', '7', '62', '2015-05-06 02:20:47', '2015-05-06 02:20:47', '1402db5a-dea3-4bb0-9a3c-a6d95343433d');



DROP TABLE IF EXISTS `assettransformindex`;


--
-- Schema for table `assettransformindex`
--
CREATE TABLE `assettransformindex` (
  `id` int(11) NOT NULL AUTO_INCREMENT,
  `fileId` int(11) NOT NULL,
  `filename` varchar(255) COLLATE utf8_unicode_ci DEFAULT NULL,
  `format` varchar(255) COLLATE utf8_unicode_ci DEFAULT NULL,
  `location` varchar(255) COLLATE utf8_unicode_ci NOT NULL,
  `sourceId` int(11) DEFAULT NULL,
  `fileExists` tinyint(1) DEFAULT NULL,
  `inProgress` tinyint(1) DEFAULT NULL,
  `dateIndexed` datetime DEFAULT NULL,
  `dateCreated` datetime NOT NULL,
  `dateUpdated` datetime NOT NULL,
  `uid` char(36) COLLATE utf8_unicode_ci NOT NULL DEFAULT '0',
  PRIMARY KEY (`id`),
  KEY `assettransformindex_sourceId_fileId_location_idx` (`sourceId`,`fileId`,`location`)
) ENGINE=InnoDB DEFAULT CHARSET=utf8 COLLATE=utf8_unicode_ci;

DROP TABLE IF EXISTS `assettransforms`;


--
-- Schema for table `assettransforms`
--
CREATE TABLE `assettransforms` (
  `id` int(11) NOT NULL AUTO_INCREMENT,
  `name` varchar(255) COLLATE utf8_unicode_ci NOT NULL,
  `handle` varchar(255) COLLATE utf8_unicode_ci NOT NULL,
  `mode` enum('stretch','fit','crop') COLLATE utf8_unicode_ci NOT NULL DEFAULT 'crop',
  `position` enum('top-left','top-center','top-right','center-left','center-center','center-right','bottom-left','bottom-center','bottom-right') COLLATE utf8_unicode_ci NOT NULL DEFAULT 'center-center',
  `height` int(10) DEFAULT NULL,
  `width` int(10) DEFAULT NULL,
  `format` varchar(255) COLLATE utf8_unicode_ci DEFAULT NULL,
  `quality` int(10) DEFAULT NULL,
  `dimensionChangeTime` datetime DEFAULT NULL,
  `dateCreated` datetime NOT NULL,
  `dateUpdated` datetime NOT NULL,
  `uid` char(36) COLLATE utf8_unicode_ci NOT NULL DEFAULT '0',
  PRIMARY KEY (`id`),
  UNIQUE KEY `assettransforms_name_unq_idx` (`name`),
  UNIQUE KEY `assettransforms_handle_unq_idx` (`handle`)
) ENGINE=InnoDB AUTO_INCREMENT=2 DEFAULT CHARSET=utf8 COLLATE=utf8_unicode_ci;

--
-- Data for table `assettransforms`
--

INSERT INTO `assettransforms` (`id`, `name`, `handle`, `mode`, `position`, `height`, `width`, `format`, `quality`, `dimensionChangeTime`, `dateCreated`, `dateUpdated`, `uid`) VALUES ('1', 'OG Image', 'ogImage', 'crop', 'center-center', '315', '600', 'jpg', '100', '2015-04-30 03:54:27', '2015-04-30 03:54:27', '2015-04-30 03:54:27', 'be219afc-b22e-4c9b-b0d2-6d6dc74b5e27');



DROP TABLE IF EXISTS `categories`;


--
-- Schema for table `categories`
--
CREATE TABLE `categories` (
  `id` int(11) NOT NULL,
  `groupId` int(11) NOT NULL,
  `dateCreated` datetime NOT NULL,
  `dateUpdated` datetime NOT NULL,
  `uid` char(36) COLLATE utf8_unicode_ci NOT NULL DEFAULT '0',
  PRIMARY KEY (`id`),
  KEY `categories_groupId_fk` (`groupId`)
) ENGINE=InnoDB DEFAULT CHARSET=utf8 COLLATE=utf8_unicode_ci;

--
-- Data for table `categories`
--

INSERT INTO `categories` (`id`, `groupId`, `dateCreated`, `dateUpdated`, `uid`) VALUES ('7', '1', '2015-04-29 14:57:45', '2015-04-29 16:51:06', 'f0a980c3-04db-4727-9511-1e9a5213e5a0');
INSERT INTO `categories` (`id`, `groupId`, `dateCreated`, `dateUpdated`, `uid`) VALUES ('8', '1', '2015-04-29 14:57:50', '2015-04-29 16:51:19', '3af436ac-4bb6-47b4-abdb-b9451f07f558');



DROP TABLE IF EXISTS `categorygroups`;


--
-- Schema for table `categorygroups`
--
CREATE TABLE `categorygroups` (
  `id` int(11) NOT NULL AUTO_INCREMENT,
  `structureId` int(11) NOT NULL,
  `fieldLayoutId` int(11) DEFAULT NULL,
  `name` varchar(255) COLLATE utf8_unicode_ci NOT NULL,
  `handle` varchar(255) COLLATE utf8_unicode_ci NOT NULL,
  `hasUrls` tinyint(1) unsigned NOT NULL DEFAULT '1',
  `template` varchar(500) COLLATE utf8_unicode_ci DEFAULT NULL,
  `dateCreated` datetime NOT NULL,
  `dateUpdated` datetime NOT NULL,
  `uid` char(36) COLLATE utf8_unicode_ci NOT NULL DEFAULT '0',
  PRIMARY KEY (`id`),
  UNIQUE KEY `categorygroups_name_unq_idx` (`name`),
  UNIQUE KEY `categorygroups_handle_unq_idx` (`handle`),
  KEY `categorygroups_structureId_fk` (`structureId`),
  KEY `categorygroups_fieldLayoutId_fk` (`fieldLayoutId`)
) ENGINE=InnoDB AUTO_INCREMENT=2 DEFAULT CHARSET=utf8 COLLATE=utf8_unicode_ci;

--
-- Data for table `categorygroups`
--

INSERT INTO `categorygroups` (`id`, `structureId`, `fieldLayoutId`, `name`, `handle`, `hasUrls`, `template`, `dateCreated`, `dateUpdated`, `uid`) VALUES ('1', '4', '26', 'Portfolio', 'portfolio', '1', 'news/index', '2015-04-29 14:57:32', '2015-04-29 16:50:05', '2fa6c238-feaf-464f-8355-83635692d546');



DROP TABLE IF EXISTS `categorygroups_i18n`;


--
-- Schema for table `categorygroups_i18n`
--
CREATE TABLE `categorygroups_i18n` (
  `id` int(11) NOT NULL AUTO_INCREMENT,
  `groupId` int(11) NOT NULL,
  `locale` char(12) COLLATE utf8_unicode_ci NOT NULL,
  `urlFormat` varchar(255) COLLATE utf8_unicode_ci DEFAULT NULL,
  `nestedUrlFormat` varchar(255) COLLATE utf8_unicode_ci DEFAULT NULL,
  `dateCreated` datetime NOT NULL,
  `dateUpdated` datetime NOT NULL,
  `uid` char(36) COLLATE utf8_unicode_ci NOT NULL DEFAULT '0',
  PRIMARY KEY (`id`),
  UNIQUE KEY `categorygroups_i18n_groupId_locale_unq_idx` (`groupId`,`locale`),
  KEY `categorygroups_i18n_locale_fk` (`locale`)
) ENGINE=InnoDB AUTO_INCREMENT=2 DEFAULT CHARSET=utf8 COLLATE=utf8_unicode_ci;

--
-- Data for table `categorygroups_i18n`
--

INSERT INTO `categorygroups_i18n` (`id`, `groupId`, `locale`, `urlFormat`, `nestedUrlFormat`, `dateCreated`, `dateUpdated`, `uid`) VALUES ('1', '1', 'en_us', '{slug}', NULL, '2015-04-29 14:57:32', '2015-04-29 15:01:24', '303e9c44-9dfe-4f05-bbd7-9e9cfabec535');



DROP TABLE IF EXISTS `content`;


--
-- Schema for table `content`
--
CREATE TABLE `content` (
  `id` int(11) NOT NULL AUTO_INCREMENT,
  `elementId` int(11) NOT NULL,
  `locale` char(12) COLLATE utf8_unicode_ci NOT NULL,
  `title` varchar(255) COLLATE utf8_unicode_ci DEFAULT NULL,
  `field_body` text COLLATE utf8_unicode_ci,
  `field_shortDescription` varchar(200) COLLATE utf8_unicode_ci DEFAULT NULL,
  `field_year` smallint(4) unsigned DEFAULT '0',
  `field_tools` varchar(255) COLLATE utf8_unicode_ci DEFAULT NULL,
  `field_client` text COLLATE utf8_unicode_ci,
  `field_clientUrl` text COLLATE utf8_unicode_ci,
  `field_responsibilities` text COLLATE utf8_unicode_ci,
  `field_heading` varchar(100) COLLATE utf8_unicode_ci DEFAULT NULL,
  `field_introduction` text COLLATE utf8_unicode_ci,
  `field_ogTitle` text COLLATE utf8_unicode_ci,
  `field_ogDescription` text COLLATE utf8_unicode_ci,
  `field_briefHeading` varchar(30) COLLATE utf8_unicode_ci DEFAULT NULL,
  `field_briefBody` text COLLATE utf8_unicode_ci,
  `field_learnedHeading` varchar(30) COLLATE utf8_unicode_ci DEFAULT NULL,
  `field_learnedBody` text COLLATE utf8_unicode_ci,
  `field_analysisHeading` varchar(30) COLLATE utf8_unicode_ci DEFAULT NULL,
  `field_analysisBody` text COLLATE utf8_unicode_ci,
  `field_dictionary` text COLLATE utf8_unicode_ci,
  `field_social` text COLLATE utf8_unicode_ci,
  `field_quotation` text COLLATE utf8_unicode_ci,
  `dateCreated` datetime NOT NULL,
  `dateUpdated` datetime NOT NULL,
  `uid` char(36) COLLATE utf8_unicode_ci NOT NULL DEFAULT '0',
  PRIMARY KEY (`id`),
  UNIQUE KEY `content_elementId_locale_unq_idx` (`elementId`,`locale`),
  KEY `content_title_idx` (`title`),
  KEY `content_locale_fk` (`locale`)
) ENGINE=InnoDB AUTO_INCREMENT=36 DEFAULT CHARSET=utf8 COLLATE=utf8_unicode_ci;

--
-- Data for table `content`
--

INSERT INTO `content` (`id`, `elementId`, `locale`, `title`, `field_body`, `field_shortDescription`, `field_year`, `field_tools`, `field_client`, `field_clientUrl`, `field_responsibilities`, `field_heading`, `field_introduction`, `field_ogTitle`, `field_ogDescription`, `field_briefHeading`, `field_briefBody`, `field_learnedHeading`, `field_learnedBody`, `field_analysisHeading`, `field_analysisBody`, `field_dictionary`, `field_social`, `field_quotation`, `dateCreated`, `dateUpdated`, `uid`) VALUES ('1', '1', 'en_us', NULL, NULL, NULL, '0', NULL, NULL, NULL, NULL, NULL, NULL, NULL, NULL, NULL, NULL, NULL, NULL, NULL, NULL, NULL, NULL, NULL, '2015-04-26 20:07:23', '2015-04-26 20:07:23', '380c0995-0e0f-4b6c-a355-137228a7b33b');
INSERT INTO `content` (`id`, `elementId`, `locale`, `title`, `field_body`, `field_shortDescription`, `field_year`, `field_tools`, `field_client`, `field_clientUrl`, `field_responsibilities`, `field_heading`, `field_introduction`, `field_ogTitle`, `field_ogDescription`, `field_briefHeading`, `field_briefBody`, `field_learnedHeading`, `field_learnedBody`, `field_analysisHeading`, `field_analysisBody`, `field_dictionary`, `field_social`, `field_quotation`, `dateCreated`, `dateUpdated`, `uid`) VALUES ('2', '2', 'en_us', 'Projects', '<p>It’s true, this site doesn’t have a whole lot of content yet, but don’t worry. Our web developers have just installed the CMS, and they’re setting things up for the content editors this very moment. Soon Graceux.dev will be an oasis of fresh perspectives, sharp analyses, and astute opinions that will keep you coming back again and again.</p>', NULL, '0', NULL, NULL, NULL, NULL, NULL, NULL, NULL, NULL, NULL, NULL, NULL, NULL, NULL, NULL, NULL, NULL, NULL, '2015-04-26 20:07:25', '2015-05-10 18:11:11', '51da843e-df63-4022-adf3-f01624610c89');
INSERT INTO `content` (`id`, `elementId`, `locale`, `title`, `field_body`, `field_shortDescription`, `field_year`, `field_tools`, `field_client`, `field_clientUrl`, `field_responsibilities`, `field_heading`, `field_introduction`, `field_ogTitle`, `field_ogDescription`, `field_briefHeading`, `field_briefBody`, `field_learnedHeading`, `field_learnedBody`, `field_analysisHeading`, `field_analysisBody`, `field_dictionary`, `field_social`, `field_quotation`, `dateCreated`, `dateUpdated`, `uid`) VALUES ('3', '3', 'en_us', 'We just installed Craft!', '<p>Craft is the CMS that’s powering Graceux.dev. It’s beautiful, powerful, flexible, and easy-to-use, and it’s made by Pixel &amp; Tonic. We can’t wait to dive in and see what it’s capable of!</p><!--pagebreak--><p>This is even more captivating content, which you couldn’t see on the News index page because it was entered after a Page Break, and the News index template only likes to show the content on the first page.</p><p>Craft: a nice alternative to Word, if you’re making a website.</p>', NULL, '0', NULL, NULL, NULL, NULL, NULL, NULL, NULL, NULL, NULL, NULL, NULL, NULL, NULL, NULL, NULL, NULL, NULL, '2015-04-26 20:07:25', '2015-04-26 20:07:25', '8b817530-93ae-4c9c-8e6d-db2f4765cf2b');
INSERT INTO `content` (`id`, `elementId`, `locale`, `title`, `field_body`, `field_shortDescription`, `field_year`, `field_tools`, `field_client`, `field_clientUrl`, `field_responsibilities`, `field_heading`, `field_introduction`, `field_ogTitle`, `field_ogDescription`, `field_briefHeading`, `field_briefBody`, `field_learnedHeading`, `field_learnedBody`, `field_analysisHeading`, `field_analysisBody`, `field_dictionary`, `field_social`, `field_quotation`, `dateCreated`, `dateUpdated`, `uid`) VALUES ('4', '4', 'en_us', NULL, NULL, NULL, '0', NULL, NULL, NULL, NULL, NULL, NULL, NULL, NULL, NULL, NULL, NULL, NULL, NULL, NULL, NULL, NULL, NULL, '2015-04-26 20:37:35', '2015-04-26 20:37:35', '9d3fea36-5d9c-4412-bae9-e6c789387588');
INSERT INTO `content` (`id`, `elementId`, `locale`, `title`, `field_body`, `field_shortDescription`, `field_year`, `field_tools`, `field_client`, `field_clientUrl`, `field_responsibilities`, `field_heading`, `field_introduction`, `field_ogTitle`, `field_ogDescription`, `field_briefHeading`, `field_briefBody`, `field_learnedHeading`, `field_learnedBody`, `field_analysisHeading`, `field_analysisBody`, `field_dictionary`, `field_social`, `field_quotation`, `dateCreated`, `dateUpdated`, `uid`) VALUES ('5', '5', 'en_us', 'About', NULL, NULL, '0', NULL, NULL, NULL, NULL, NULL, NULL, NULL, NULL, NULL, NULL, NULL, NULL, NULL, NULL, NULL, NULL, NULL, '2015-04-29 01:58:37', '2015-04-29 01:58:37', '8f6b3c95-fa16-411b-9b38-0fe96778838d');
INSERT INTO `content` (`id`, `elementId`, `locale`, `title`, `field_body`, `field_shortDescription`, `field_year`, `field_tools`, `field_client`, `field_clientUrl`, `field_responsibilities`, `field_heading`, `field_introduction`, `field_ogTitle`, `field_ogDescription`, `field_briefHeading`, `field_briefBody`, `field_learnedHeading`, `field_learnedBody`, `field_analysisHeading`, `field_analysisBody`, `field_dictionary`, `field_social`, `field_quotation`, `dateCreated`, `dateUpdated`, `uid`) VALUES ('6', '6', 'en_us', 'Real-Time Fengshui', NULL, 'Fengshui, also known as Geomantic Omen, literally translated to ”wind and water” in Chinese. Fengshui has some primary disciplines in terms of aesthetics, psychology, and environmental science.', '2014', '[\"aftereffects\",\"flash\",\"photoshop\",\"blender\",\"css3\",\"html5\",\"javascript\",\"sketch\",\"webgl\"]', '', '', 'UX, 2D & 3D Visual Design, Development', NULL, NULL, '', '', 'Project Brief', '<p>This is a cool project.</p>', 'What I\'ve Learned', '<p>I\'ve learned a lot.</p>', '', '', NULL, NULL, NULL, '2015-04-29 04:17:46', '2015-05-06 02:31:29', 'd89d67f2-affa-448e-a570-c4c742205bb9');
INSERT INTO `content` (`id`, `elementId`, `locale`, `title`, `field_body`, `field_shortDescription`, `field_year`, `field_tools`, `field_client`, `field_clientUrl`, `field_responsibilities`, `field_heading`, `field_introduction`, `field_ogTitle`, `field_ogDescription`, `field_briefHeading`, `field_briefBody`, `field_learnedHeading`, `field_learnedBody`, `field_analysisHeading`, `field_analysisBody`, `field_dictionary`, `field_social`, `field_quotation`, `dateCreated`, `dateUpdated`, `uid`) VALUES ('7', '7', 'en_us', 'Projects', NULL, NULL, '0', '[]', NULL, NULL, NULL, 'This is the projects page.', '<p>Hello from projects page!</p>', NULL, NULL, NULL, NULL, NULL, NULL, NULL, NULL, NULL, NULL, NULL, '2015-04-29 14:57:45', '2015-04-29 16:51:06', 'c44a86ba-2154-42d1-bcb7-668d30456bfb');
INSERT INTO `content` (`id`, `elementId`, `locale`, `title`, `field_body`, `field_shortDescription`, `field_year`, `field_tools`, `field_client`, `field_clientUrl`, `field_responsibilities`, `field_heading`, `field_introduction`, `field_ogTitle`, `field_ogDescription`, `field_briefHeading`, `field_briefBody`, `field_learnedHeading`, `field_learnedBody`, `field_analysisHeading`, `field_analysisBody`, `field_dictionary`, `field_social`, `field_quotation`, `dateCreated`, `dateUpdated`, `uid`) VALUES ('8', '8', 'en_us', 'Labs', NULL, NULL, '0', '[]', NULL, NULL, NULL, 'This is the labs page.', '<p>Hello from labs page!</p>', NULL, NULL, NULL, NULL, NULL, NULL, NULL, NULL, NULL, NULL, NULL, '2015-04-29 14:57:50', '2015-04-29 16:51:19', '60c292c1-1ab2-4e52-85e3-91fdbcb6ed38');
INSERT INTO `content` (`id`, `elementId`, `locale`, `title`, `field_body`, `field_shortDescription`, `field_year`, `field_tools`, `field_client`, `field_clientUrl`, `field_responsibilities`, `field_heading`, `field_introduction`, `field_ogTitle`, `field_ogDescription`, `field_briefHeading`, `field_briefBody`, `field_learnedHeading`, `field_learnedBody`, `field_analysisHeading`, `field_analysisBody`, `field_dictionary`, `field_social`, `field_quotation`, `dateCreated`, `dateUpdated`, `uid`) VALUES ('9', '9', 'en_us', 'Sleep Well Concept', NULL, 'This is the project description.', '2014', '[\"photoshop\",\"justinmind\",\"sketch\"]', '', '', 'UX, Wireframe, Visual Design', NULL, NULL, '', '', 'Project Brief', '<p>This is a cool project.</p>', 'What I\'ve Learned', '<p>I\'ve learned a lot.</p>', '', '', NULL, NULL, NULL, '2015-04-29 16:40:27', '2015-05-06 02:32:04', 'c7c64584-88be-499c-84bd-1598b3ba1a86');
INSERT INTO `content` (`id`, `elementId`, `locale`, `title`, `field_body`, `field_shortDescription`, `field_year`, `field_tools`, `field_client`, `field_clientUrl`, `field_responsibilities`, `field_heading`, `field_introduction`, `field_ogTitle`, `field_ogDescription`, `field_briefHeading`, `field_briefBody`, `field_learnedHeading`, `field_learnedBody`, `field_analysisHeading`, `field_analysisBody`, `field_dictionary`, `field_social`, `field_quotation`, `dateCreated`, `dateUpdated`, `uid`) VALUES ('10', '10', 'en_us', 'LivePerson Website', NULL, 'The official website design for LivePerson.', '2015', '[\"photoshop\"]', 'LivePerson', 'http://www.liveperson.com/', 'Visual Design', NULL, NULL, '', '', 'Project Brief', '<p>This is a cool website.</p>', 'What I\'ve Learned', '<p>I\'ve learned a lot.</p>', '', '', NULL, NULL, NULL, '2015-04-30 03:30:18', '2015-05-06 03:17:43', '45c76090-8594-4c2b-b08b-93adee7aed2e');
INSERT INTO `content` (`id`, `elementId`, `locale`, `title`, `field_body`, `field_shortDescription`, `field_year`, `field_tools`, `field_client`, `field_clientUrl`, `field_responsibilities`, `field_heading`, `field_introduction`, `field_ogTitle`, `field_ogDescription`, `field_briefHeading`, `field_briefBody`, `field_learnedHeading`, `field_learnedBody`, `field_analysisHeading`, `field_analysisBody`, `field_dictionary`, `field_social`, `field_quotation`, `dateCreated`, `dateUpdated`, `uid`) VALUES ('12', '12', 'en_us', 'Composer Hsin-Lei Chen Portfolio', NULL, 'The portfolio website of composer Hsin-Lei Chen.', '2015', '[\"flash\",\"css3\",\"html5\",\"javascript\",\"sketch\",\"webgl\"]', 'Hsin-Lei Chen', 'http://hsinlei.com', 'Visual Design', NULL, NULL, 'Composer Hsin-Lei Chen Portfolio', 'This is the OG description.', 'Project Brief', '<p>This is the project brief text.</p>', 'What I\'ve Learned', '<p>I have learned a lot of things.</p>', 'Project Analysis', '<p>This is the project analysis text.</p>', NULL, NULL, NULL, '2015-05-06 02:06:58', '2015-05-06 02:27:39', '75ff3a9c-f4da-4a67-8051-e0efe173d286');
INSERT INTO `content` (`id`, `elementId`, `locale`, `title`, `field_body`, `field_shortDescription`, `field_year`, `field_tools`, `field_client`, `field_clientUrl`, `field_responsibilities`, `field_heading`, `field_introduction`, `field_ogTitle`, `field_ogDescription`, `field_briefHeading`, `field_briefBody`, `field_learnedHeading`, `field_learnedBody`, `field_analysisHeading`, `field_analysisBody`, `field_dictionary`, `field_social`, `field_quotation`, `dateCreated`, `dateUpdated`, `uid`) VALUES ('13', '14', 'en_us', '600x600', NULL, NULL, '0', '[]', NULL, NULL, NULL, NULL, NULL, NULL, NULL, NULL, NULL, NULL, NULL, NULL, NULL, NULL, NULL, NULL, '2015-05-06 02:13:16', '2015-05-06 02:13:16', 'df47e1cc-710d-4f61-847f-8830a61cfa47');
INSERT INTO `content` (`id`, `elementId`, `locale`, `title`, `field_body`, `field_shortDescription`, `field_year`, `field_tools`, `field_client`, `field_clientUrl`, `field_responsibilities`, `field_heading`, `field_introduction`, `field_ogTitle`, `field_ogDescription`, `field_briefHeading`, `field_briefBody`, `field_learnedHeading`, `field_learnedBody`, `field_analysisHeading`, `field_analysisBody`, `field_dictionary`, `field_social`, `field_quotation`, `dateCreated`, `dateUpdated`, `uid`) VALUES ('14', '15', 'en_us', '640x480', NULL, NULL, '0', '[]', NULL, NULL, NULL, NULL, NULL, NULL, NULL, NULL, NULL, NULL, NULL, NULL, NULL, NULL, NULL, NULL, '2015-05-06 02:23:31', '2015-05-06 02:23:31', 'c882ca73-55b2-4823-9772-061de747051c');
INSERT INTO `content` (`id`, `elementId`, `locale`, `title`, `field_body`, `field_shortDescription`, `field_year`, `field_tools`, `field_client`, `field_clientUrl`, `field_responsibilities`, `field_heading`, `field_introduction`, `field_ogTitle`, `field_ogDescription`, `field_briefHeading`, `field_briefBody`, `field_learnedHeading`, `field_learnedBody`, `field_analysisHeading`, `field_analysisBody`, `field_dictionary`, `field_social`, `field_quotation`, `dateCreated`, `dateUpdated`, `uid`) VALUES ('15', '16', 'en_us', '1024x768', NULL, NULL, '0', '[]', NULL, NULL, NULL, NULL, NULL, NULL, NULL, NULL, NULL, NULL, NULL, NULL, NULL, NULL, NULL, NULL, '2015-05-06 02:26:23', '2015-05-06 02:26:23', 'ef4936dd-f968-4376-9522-704b1859703d');
INSERT INTO `content` (`id`, `elementId`, `locale`, `title`, `field_body`, `field_shortDescription`, `field_year`, `field_tools`, `field_client`, `field_clientUrl`, `field_responsibilities`, `field_heading`, `field_introduction`, `field_ogTitle`, `field_ogDescription`, `field_briefHeading`, `field_briefBody`, `field_learnedHeading`, `field_learnedBody`, `field_analysisHeading`, `field_analysisBody`, `field_dictionary`, `field_social`, `field_quotation`, `dateCreated`, `dateUpdated`, `uid`) VALUES ('16', '17', 'en_us', '600x600', NULL, NULL, '0', '[]', NULL, NULL, NULL, NULL, NULL, NULL, NULL, NULL, NULL, NULL, NULL, NULL, NULL, NULL, NULL, NULL, '2015-05-06 02:26:47', '2015-05-06 02:26:47', 'bc6f1874-6bf7-4463-a424-56980086f116');
INSERT INTO `content` (`id`, `elementId`, `locale`, `title`, `field_body`, `field_shortDescription`, `field_year`, `field_tools`, `field_client`, `field_clientUrl`, `field_responsibilities`, `field_heading`, `field_introduction`, `field_ogTitle`, `field_ogDescription`, `field_briefHeading`, `field_briefBody`, `field_learnedHeading`, `field_learnedBody`, `field_analysisHeading`, `field_analysisBody`, `field_dictionary`, `field_social`, `field_quotation`, `dateCreated`, `dateUpdated`, `uid`) VALUES ('17', '18', 'en_us', '400x200', NULL, NULL, '0', '[]', NULL, NULL, NULL, NULL, NULL, NULL, NULL, NULL, NULL, NULL, NULL, NULL, NULL, NULL, NULL, NULL, '2015-05-06 02:27:04', '2015-05-06 02:27:04', 'e734b690-d12a-4d6e-8b38-5a63edb109ed');
INSERT INTO `content` (`id`, `elementId`, `locale`, `title`, `field_body`, `field_shortDescription`, `field_year`, `field_tools`, `field_client`, `field_clientUrl`, `field_responsibilities`, `field_heading`, `field_introduction`, `field_ogTitle`, `field_ogDescription`, `field_briefHeading`, `field_briefBody`, `field_learnedHeading`, `field_learnedBody`, `field_analysisHeading`, `field_analysisBody`, `field_dictionary`, `field_social`, `field_quotation`, `dateCreated`, `dateUpdated`, `uid`) VALUES ('18', '22', 'en_us', 'Beverage Trail', NULL, 'This is the project description.', '2013', '[\"photoshop\",\"css3\",\"html5\",\"javascript\"]', 'Beverage Trail', '', 'UX Design, Visual Design, Development', NULL, NULL, '', '', 'Project Brief', '<p>This is the project brief texts.</p>', 'What I\'ve Learned', '<p>This is what I\'ve learned.</p>', 'Project Analysis', '<p>This is the analysis texts.</p>', NULL, NULL, NULL, '2015-05-06 02:40:58', '2015-05-06 02:40:58', '02cb27d2-b00a-4bb5-b59b-d9c851d62fe4');
INSERT INTO `content` (`id`, `elementId`, `locale`, `title`, `field_body`, `field_shortDescription`, `field_year`, `field_tools`, `field_client`, `field_clientUrl`, `field_responsibilities`, `field_heading`, `field_introduction`, `field_ogTitle`, `field_ogDescription`, `field_briefHeading`, `field_briefBody`, `field_learnedHeading`, `field_learnedBody`, `field_analysisHeading`, `field_analysisBody`, `field_dictionary`, `field_social`, `field_quotation`, `dateCreated`, `dateUpdated`, `uid`) VALUES ('19', '24', 'en_us', 'Party Planner', NULL, 'This is the project description.', '2014', '[\"justinmind\"]', '', '', 'UX Design, Wireframe', NULL, NULL, '', '', 'Project Brief', '<p>This is the project brief texts.</p>', 'What I\'ve Learned', '<p>This is what I\'ve learned.</p>', 'Project Analysis', '<p>This is the project analysis texts.</p>', NULL, NULL, NULL, '2015-05-06 02:43:23', '2015-05-06 02:43:23', '6f0bca6f-b031-46dc-a323-dd1fb67bf2d2');
INSERT INTO `content` (`id`, `elementId`, `locale`, `title`, `field_body`, `field_shortDescription`, `field_year`, `field_tools`, `field_client`, `field_clientUrl`, `field_responsibilities`, `field_heading`, `field_introduction`, `field_ogTitle`, `field_ogDescription`, `field_briefHeading`, `field_briefBody`, `field_learnedHeading`, `field_learnedBody`, `field_analysisHeading`, `field_analysisBody`, `field_dictionary`, `field_social`, `field_quotation`, `dateCreated`, `dateUpdated`, `uid`) VALUES ('20', '26', 'en_us', 'Kanjy Website', NULL, 'This is the project description.', '2013', '[\"Adobe InDesign\",\"photoshop\",\"justinmind\"]', 'Kanjy', '', 'UX Design, Wireframe, Prototype', NULL, NULL, '', '', 'Project Brief', '<p>This is the project brief texts.</p>', 'What I\'ve Learned', '<p>This is what I\'ve learned.</p>', 'Project Analysis', '<p>This is the project analysis texts.</p>', NULL, NULL, NULL, '2015-05-06 02:50:43', '2015-05-06 02:50:43', '9af16ad9-768a-44ef-b4ef-3eedb3ccc05d');
INSERT INTO `content` (`id`, `elementId`, `locale`, `title`, `field_body`, `field_shortDescription`, `field_year`, `field_tools`, `field_client`, `field_clientUrl`, `field_responsibilities`, `field_heading`, `field_introduction`, `field_ogTitle`, `field_ogDescription`, `field_briefHeading`, `field_briefBody`, `field_learnedHeading`, `field_learnedBody`, `field_analysisHeading`, `field_analysisBody`, `field_dictionary`, `field_social`, `field_quotation`, `dateCreated`, `dateUpdated`, `uid`) VALUES ('21', '28', 'en_us', 'Falcon', NULL, 'This is the project description.', '2012', '[\"photoshop\"]', 'Falcon', '', 'Visual Design', NULL, NULL, '', '', 'Project Brief', '<p>This is the project brief texts.</p>', 'What I\'ve Learned', '<p>This is what I\'ve learned.</p>', 'Project Analysis', '<p>This is the project analysis texts.</p>', NULL, NULL, NULL, '2015-05-06 03:14:49', '2015-05-06 03:14:49', '70f2c919-7063-4aa7-9b3b-09a5bb7a8f53');
INSERT INTO `content` (`id`, `elementId`, `locale`, `title`, `field_body`, `field_shortDescription`, `field_year`, `field_tools`, `field_client`, `field_clientUrl`, `field_responsibilities`, `field_heading`, `field_introduction`, `field_ogTitle`, `field_ogDescription`, `field_briefHeading`, `field_briefBody`, `field_learnedHeading`, `field_learnedBody`, `field_analysisHeading`, `field_analysisBody`, `field_dictionary`, `field_social`, `field_quotation`, `dateCreated`, `dateUpdated`, `uid`) VALUES ('22', '30', 'en_us', 'DressSmart', NULL, 'This is the project description.', '2011', '[\"Adobe InDesign\",\"justinmind\"]', '', '', 'UX Design, Visual Design, Prototype', NULL, NULL, '', '', 'Project Brief', '<p>This is the project brief texts.</p>', 'What I\'ve Learned', '<p>This is what I\'ve learned.</p>', 'Project Analysis', '<p>This is the project analysis texts.</p>', NULL, NULL, NULL, '2015-05-06 03:16:59', '2015-05-06 03:16:59', 'cd69a890-89df-41df-befb-0ef5eed7e519');
INSERT INTO `content` (`id`, `elementId`, `locale`, `title`, `field_body`, `field_shortDescription`, `field_year`, `field_tools`, `field_client`, `field_clientUrl`, `field_responsibilities`, `field_heading`, `field_introduction`, `field_ogTitle`, `field_ogDescription`, `field_briefHeading`, `field_briefBody`, `field_learnedHeading`, `field_learnedBody`, `field_analysisHeading`, `field_analysisBody`, `field_dictionary`, `field_social`, `field_quotation`, `dateCreated`, `dateUpdated`, `uid`) VALUES ('23', '32', 'en_us', 'Sandata', NULL, 'This is the project description.', '2015', '[\"photoshop\"]', 'Sandata', '', 'Visual Design', NULL, NULL, '', '', 'Project Brief', '<p>This is the project brief texts.</p>', 'What I\'ve Learned', '<p>This is what I\'ve learned.</p>', 'Project Analysis', '<p>This is the analysis texts.</p>', NULL, NULL, NULL, '2015-05-06 03:19:41', '2015-05-06 03:19:41', '76bc6208-8e5f-4eb8-aec5-9c5961afb1c8');
INSERT INTO `content` (`id`, `elementId`, `locale`, `title`, `field_body`, `field_shortDescription`, `field_year`, `field_tools`, `field_client`, `field_clientUrl`, `field_responsibilities`, `field_heading`, `field_introduction`, `field_ogTitle`, `field_ogDescription`, `field_briefHeading`, `field_briefBody`, `field_learnedHeading`, `field_learnedBody`, `field_analysisHeading`, `field_analysisBody`, `field_dictionary`, `field_social`, `field_quotation`, `dateCreated`, `dateUpdated`, `uid`) VALUES ('24', '34', 'en_us', 'Ideation Website', NULL, 'This is the project description.', '2013', '[\"photoshop\"]', 'Ideation LLC', 'http://www.ideationnyc.com/', 'UX Design, Visual Design', NULL, NULL, '', '', 'Project Brief', '<p>This is the project brief texts.</p>', 'What I\'ve Learned', '<p>This is what I\'ve learned.</p>', 'Project Analysis', '<p>This is project analysis texts.</p>', NULL, NULL, NULL, '2015-05-06 03:22:54', '2015-05-06 03:22:54', 'c14c3e4d-f03b-4796-af6f-87de131ab464');
INSERT INTO `content` (`id`, `elementId`, `locale`, `title`, `field_body`, `field_shortDescription`, `field_year`, `field_tools`, `field_client`, `field_clientUrl`, `field_responsibilities`, `field_heading`, `field_introduction`, `field_ogTitle`, `field_ogDescription`, `field_briefHeading`, `field_briefBody`, `field_learnedHeading`, `field_learnedBody`, `field_analysisHeading`, `field_analysisBody`, `field_dictionary`, `field_social`, `field_quotation`, `dateCreated`, `dateUpdated`, `uid`) VALUES ('25', '36', 'en_us', 'Wedwu Redesign', NULL, 'This is the project description.', '2011', '[\"axure\"]', 'Wedwu', '', 'UX Design', NULL, NULL, '', '', 'Project Brief', '<p>This is the project brief texts.</p>', 'What I\'ve Learned', '<p>This is what I\'ve learned.</p>', 'Project Analysis', '<p>This is project analysis texts.</p>', NULL, NULL, NULL, '2015-05-06 03:24:59', '2015-05-06 03:24:59', '487f526f-5740-4699-83c7-9ef33a05caf4');
INSERT INTO `content` (`id`, `elementId`, `locale`, `title`, `field_body`, `field_shortDescription`, `field_year`, `field_tools`, `field_client`, `field_clientUrl`, `field_responsibilities`, `field_heading`, `field_introduction`, `field_ogTitle`, `field_ogDescription`, `field_briefHeading`, `field_briefBody`, `field_learnedHeading`, `field_learnedBody`, `field_analysisHeading`, `field_analysisBody`, `field_dictionary`, `field_social`, `field_quotation`, `dateCreated`, `dateUpdated`, `uid`) VALUES ('26', '38', 'en_us', 'Train Tracker App', NULL, 'This is the project description.', '2015', '[\"invision\",\"sketch\"]', '', '', 'UX Design, Wireframe, Visual Design', NULL, NULL, '', '', 'This is the project brief.', '<p>This is the project brief texts.</p>', 'What I\'ve Learned', '<p>This is what I\'ve learned.</p>', 'Project Analysis', '<p>This is the project analysis texts.</p>', NULL, NULL, NULL, '2015-05-06 03:35:44', '2015-05-06 03:35:44', '934b0414-7d75-476b-8e2c-8270f3150572');
INSERT INTO `content` (`id`, `elementId`, `locale`, `title`, `field_body`, `field_shortDescription`, `field_year`, `field_tools`, `field_client`, `field_clientUrl`, `field_responsibilities`, `field_heading`, `field_introduction`, `field_ogTitle`, `field_ogDescription`, `field_briefHeading`, `field_briefBody`, `field_learnedHeading`, `field_learnedBody`, `field_analysisHeading`, `field_analysisBody`, `field_dictionary`, `field_social`, `field_quotation`, `dateCreated`, `dateUpdated`, `uid`) VALUES ('27', '40', 'en_us', 'Music Box', NULL, 'This is the project description.', '2012', '[\"photoshop\"]', 'Joe Zhou', 'http://www.joeonmars.com/', 'Created this amazing piece', NULL, NULL, '', '', 'Project Brief', '<p>This is the project brief texts.</p>', 'What I\'ve Learned', '<p>This is what I\'ve learned.</p>', 'Project Analysis', '<p>This is the project analysis texts.</p>', NULL, NULL, NULL, '2015-05-06 03:38:20', '2015-05-06 03:38:20', '4c7b4361-da8f-4c0d-8527-9ae5a79b3024');
INSERT INTO `content` (`id`, `elementId`, `locale`, `title`, `field_body`, `field_shortDescription`, `field_year`, `field_tools`, `field_client`, `field_clientUrl`, `field_responsibilities`, `field_heading`, `field_introduction`, `field_ogTitle`, `field_ogDescription`, `field_briefHeading`, `field_briefBody`, `field_learnedHeading`, `field_learnedBody`, `field_analysisHeading`, `field_analysisBody`, `field_dictionary`, `field_social`, `field_quotation`, `dateCreated`, `dateUpdated`, `uid`) VALUES ('28', '42', 'en_us', 'Innovative Presentation For Verbalized', NULL, 'This is the project description.', '2014', '[\"sketch\"]', 'Verbalized', 'http://www.verbalizeit.com/', 'Presentation Design', NULL, NULL, '', '', 'Project Brief', '<p>This is the project brief texts.</p>', 'What I\'ve Learned', '<p>This is what I\'ve learned.</p>', 'Project Analysis', '<p>This is the project analysis texts.</p>', NULL, NULL, NULL, '2015-05-06 03:41:09', '2015-05-06 03:41:09', 'efc76ccb-16fb-4d4b-b853-bebb0559c132');
INSERT INTO `content` (`id`, `elementId`, `locale`, `title`, `field_body`, `field_shortDescription`, `field_year`, `field_tools`, `field_client`, `field_clientUrl`, `field_responsibilities`, `field_heading`, `field_introduction`, `field_ogTitle`, `field_ogDescription`, `field_briefHeading`, `field_briefBody`, `field_learnedHeading`, `field_learnedBody`, `field_analysisHeading`, `field_analysisBody`, `field_dictionary`, `field_social`, `field_quotation`, `dateCreated`, `dateUpdated`, `uid`) VALUES ('29', '44', 'en_us', 'Gym Research', NULL, 'This is the project description.', '2012', '[\"photoshop\"]', '', '', 'UX Design', NULL, NULL, '', '', 'Project Brief', '<p>This is the project brief texts.</p>', 'What I\'ve Learned', '<p>This is what I\'ve learned.</p>', 'Project Analysis', '<p>This is analysis texts.</p>', NULL, NULL, NULL, '2015-05-06 03:44:03', '2015-05-06 03:44:03', '05caacaf-9015-45ed-93fc-6340438e3369');
INSERT INTO `content` (`id`, `elementId`, `locale`, `title`, `field_body`, `field_shortDescription`, `field_year`, `field_tools`, `field_client`, `field_clientUrl`, `field_responsibilities`, `field_heading`, `field_introduction`, `field_ogTitle`, `field_ogDescription`, `field_briefHeading`, `field_briefBody`, `field_learnedHeading`, `field_learnedBody`, `field_analysisHeading`, `field_analysisBody`, `field_dictionary`, `field_social`, `field_quotation`, `dateCreated`, `dateUpdated`, `uid`) VALUES ('30', '46', 'en_us', 'Music Image App for the iPad', NULL, 'This is the project description.', '2013', '[\"photoshop\",\"axure\"]', '', '', 'Visual Design, Wireframe', NULL, NULL, '', '', 'Project Brief', '<p>This is the project brief texts.</p>', 'What I\'ve Learned', '<p>This is what I\'ve learned.</p>', 'Project Analysis', '<p>This is the project analysis texts.</p>', NULL, NULL, NULL, '2015-05-06 03:46:09', '2015-05-06 03:46:09', '5d3e0455-c122-403b-864b-d41683b04806');
INSERT INTO `content` (`id`, `elementId`, `locale`, `title`, `field_body`, `field_shortDescription`, `field_year`, `field_tools`, `field_client`, `field_clientUrl`, `field_responsibilities`, `field_heading`, `field_introduction`, `field_ogTitle`, `field_ogDescription`, `field_briefHeading`, `field_briefBody`, `field_learnedHeading`, `field_learnedBody`, `field_analysisHeading`, `field_analysisBody`, `field_dictionary`, `field_social`, `field_quotation`, `dateCreated`, `dateUpdated`, `uid`) VALUES ('31', '48', 'en_us', 'Branding Designs', NULL, 'This is the project description.', '2012', '[\"aftereffects\",\"Adobe InDesign\",\"photoshop\"]', '', '', 'Visual Design', NULL, NULL, '', '', 'Project Brief', '<p>This is the project brief texts.</p>', 'What I\'ve Learned', '<p>This is what I\'ve learned.</p>', 'Project Analysis', '<p>This is the project analysis texts.</p>', NULL, NULL, NULL, '2015-05-06 03:48:04', '2015-05-06 03:48:04', 'ae31fd50-6789-41a0-be08-0232727da1d8');
INSERT INTO `content` (`id`, `elementId`, `locale`, `title`, `field_body`, `field_shortDescription`, `field_year`, `field_tools`, `field_client`, `field_clientUrl`, `field_responsibilities`, `field_heading`, `field_introduction`, `field_ogTitle`, `field_ogDescription`, `field_briefHeading`, `field_briefBody`, `field_learnedHeading`, `field_learnedBody`, `field_analysisHeading`, `field_analysisBody`, `field_dictionary`, `field_social`, `field_quotation`, `dateCreated`, `dateUpdated`, `uid`) VALUES ('32', '50', 'en_us', NULL, NULL, NULL, '0', '[]', NULL, NULL, NULL, NULL, NULL, NULL, NULL, NULL, NULL, NULL, NULL, NULL, NULL, '[{\"col1\":\"viewProject\",\"col2\":\"View Case Study\"}]', NULL, NULL, '2015-05-07 01:06:40', '2015-05-07 01:18:57', 'ec013b99-9358-49bd-8178-a5a3c7af6cf7');
INSERT INTO `content` (`id`, `elementId`, `locale`, `title`, `field_body`, `field_shortDescription`, `field_year`, `field_tools`, `field_client`, `field_clientUrl`, `field_responsibilities`, `field_heading`, `field_introduction`, `field_ogTitle`, `field_ogDescription`, `field_briefHeading`, `field_briefBody`, `field_learnedHeading`, `field_learnedBody`, `field_analysisHeading`, `field_analysisBody`, `field_dictionary`, `field_social`, `field_quotation`, `dateCreated`, `dateUpdated`, `uid`) VALUES ('33', '51', 'en_us', NULL, NULL, NULL, '0', '[]', NULL, NULL, NULL, NULL, NULL, NULL, NULL, NULL, NULL, NULL, NULL, NULL, NULL, NULL, '[{\"col1\":\"dribbble\",\"col2\":\"http:\\/\\/dribbble.com\\/joeonmars\"},{\"col1\":\"linkedin\",\"col2\":\"http:\\/\\/www.linkedin.com\\/pub\\/grace-fan\\/4a\\/503\\/821\\/\"},{\"col1\":\"behance\",\"col2\":\"http:\\/\\/www.behance.net\\/gracefan\"}]', NULL, '2015-05-08 06:02:43', '2015-05-08 06:07:36', '62b4ef2c-1137-4c56-8b98-a23590fc1ff5');
INSERT INTO `content` (`id`, `elementId`, `locale`, `title`, `field_body`, `field_shortDescription`, `field_year`, `field_tools`, `field_client`, `field_clientUrl`, `field_responsibilities`, `field_heading`, `field_introduction`, `field_ogTitle`, `field_ogDescription`, `field_briefHeading`, `field_briefBody`, `field_learnedHeading`, `field_learnedBody`, `field_analysisHeading`, `field_analysisBody`, `field_dictionary`, `field_social`, `field_quotation`, `dateCreated`, `dateUpdated`, `uid`) VALUES ('34', '52', 'en_us', NULL, NULL, NULL, '0', '[]', NULL, NULL, NULL, NULL, NULL, NULL, NULL, NULL, NULL, NULL, NULL, NULL, NULL, NULL, NULL, '<p>Design can be art.</p><p>Design can be aesthetics.</p><p>Design is so simple, that’s why it is so complicated.</p>', '2015-05-10 17:10:44', '2015-05-10 17:18:23', '19c528c3-6bc5-45bb-bb3e-b64cdfcdaead');



DROP TABLE IF EXISTS `deprecationerrors`;


--
-- Schema for table `deprecationerrors`
--
CREATE TABLE `deprecationerrors` (
  `id` int(11) NOT NULL AUTO_INCREMENT,
  `key` varchar(255) COLLATE utf8_unicode_ci NOT NULL,
  `fingerprint` varchar(255) COLLATE utf8_unicode_ci NOT NULL,
  `lastOccurrence` datetime NOT NULL,
  `file` varchar(255) COLLATE utf8_unicode_ci NOT NULL,
  `line` smallint(6) unsigned NOT NULL,
  `class` varchar(255) COLLATE utf8_unicode_ci DEFAULT NULL,
  `method` varchar(255) COLLATE utf8_unicode_ci DEFAULT NULL,
  `template` varchar(255) COLLATE utf8_unicode_ci DEFAULT NULL,
  `templateLine` smallint(6) unsigned DEFAULT NULL,
  `message` varchar(255) COLLATE utf8_unicode_ci DEFAULT NULL,
  `traces` text COLLATE utf8_unicode_ci,
  `dateCreated` datetime NOT NULL,
  `dateUpdated` datetime NOT NULL,
  `uid` char(36) COLLATE utf8_unicode_ci NOT NULL DEFAULT '0',
  PRIMARY KEY (`id`),
  UNIQUE KEY `deprecationerrors_key_fingerprint_unq_idx` (`key`,`fingerprint`)
) ENGINE=InnoDB DEFAULT CHARSET=utf8 COLLATE=utf8_unicode_ci;

DROP TABLE IF EXISTS `elements`;


--
-- Schema for table `elements`
--
CREATE TABLE `elements` (
  `id` int(11) NOT NULL AUTO_INCREMENT,
  `type` varchar(150) COLLATE utf8_unicode_ci NOT NULL,
  `enabled` tinyint(1) unsigned NOT NULL DEFAULT '1',
  `archived` tinyint(1) unsigned NOT NULL DEFAULT '0',
  `dateCreated` datetime NOT NULL,
  `dateUpdated` datetime NOT NULL,
  `uid` char(36) COLLATE utf8_unicode_ci NOT NULL DEFAULT '0',
  PRIMARY KEY (`id`),
  KEY `elements_type_idx` (`type`),
  KEY `elements_enabled_idx` (`enabled`),
  KEY `elements_archived_dateCreated_idx` (`archived`,`dateCreated`)
) ENGINE=InnoDB AUTO_INCREMENT=53 DEFAULT CHARSET=utf8 COLLATE=utf8_unicode_ci;

--
-- Data for table `elements`
--

INSERT INTO `elements` (`id`, `type`, `enabled`, `archived`, `dateCreated`, `dateUpdated`, `uid`) VALUES ('1', 'User', '1', '0', '2015-04-26 20:07:23', '2015-04-26 20:07:23', '2cbc0802-9971-4083-bc00-f9f516f62628');
INSERT INTO `elements` (`id`, `type`, `enabled`, `archived`, `dateCreated`, `dateUpdated`, `uid`) VALUES ('2', 'Entry', '1', '0', '2015-04-26 20:07:25', '2015-05-10 18:11:11', 'e6aea969-14ec-4134-825f-2199a0542520');
INSERT INTO `elements` (`id`, `type`, `enabled`, `archived`, `dateCreated`, `dateUpdated`, `uid`) VALUES ('3', 'Entry', '1', '0', '2015-04-26 20:07:25', '2015-04-26 20:07:25', '31d790ed-5c80-4ac6-b0bc-881f8697a645');
INSERT INTO `elements` (`id`, `type`, `enabled`, `archived`, `dateCreated`, `dateUpdated`, `uid`) VALUES ('4', 'User', '1', '0', '2015-04-26 20:37:35', '2015-04-26 20:37:35', '26f3093d-8e3a-4d9b-97c9-00cf1297f311');
INSERT INTO `elements` (`id`, `type`, `enabled`, `archived`, `dateCreated`, `dateUpdated`, `uid`) VALUES ('5', 'Entry', '1', '0', '2015-04-29 01:58:37', '2015-04-29 01:58:37', 'bbb981ba-e993-4483-a283-180094ef256a');
INSERT INTO `elements` (`id`, `type`, `enabled`, `archived`, `dateCreated`, `dateUpdated`, `uid`) VALUES ('6', 'Entry', '1', '0', '2015-04-29 04:17:46', '2015-05-06 02:31:29', '4ab627cf-0d5d-4f0b-b812-5a5938ba3e06');
INSERT INTO `elements` (`id`, `type`, `enabled`, `archived`, `dateCreated`, `dateUpdated`, `uid`) VALUES ('7', 'Category', '1', '0', '2015-04-29 14:57:45', '2015-04-29 16:51:06', '1bb05c0a-5b5c-4c9f-adf4-4e9d17574a2b');
INSERT INTO `elements` (`id`, `type`, `enabled`, `archived`, `dateCreated`, `dateUpdated`, `uid`) VALUES ('8', 'Category', '1', '0', '2015-04-29 14:57:50', '2015-04-29 16:51:19', '219df700-fffc-4c3d-969a-bfdf2edc06a4');
INSERT INTO `elements` (`id`, `type`, `enabled`, `archived`, `dateCreated`, `dateUpdated`, `uid`) VALUES ('9', 'Entry', '1', '0', '2015-04-29 16:40:27', '2015-05-06 02:32:04', 'f0b4853e-b543-43a1-8ba8-bbd799677d1c');
INSERT INTO `elements` (`id`, `type`, `enabled`, `archived`, `dateCreated`, `dateUpdated`, `uid`) VALUES ('10', 'Entry', '1', '0', '2015-04-30 03:30:18', '2015-05-06 03:17:43', '099b2a2c-8480-43a4-afac-ae61db3cec68');
INSERT INTO `elements` (`id`, `type`, `enabled`, `archived`, `dateCreated`, `dateUpdated`, `uid`) VALUES ('12', 'Entry', '1', '0', '2015-05-06 02:06:58', '2015-05-06 02:27:39', '16a7383a-84e9-4b22-822b-c53f04e2543f');
INSERT INTO `elements` (`id`, `type`, `enabled`, `archived`, `dateCreated`, `dateUpdated`, `uid`) VALUES ('13', 'MatrixBlock', '1', '0', '2015-05-06 02:06:58', '2015-05-06 02:27:39', 'b81fda27-a54e-456a-865e-72e3dddba2d3');
INSERT INTO `elements` (`id`, `type`, `enabled`, `archived`, `dateCreated`, `dateUpdated`, `uid`) VALUES ('14', 'Asset', '1', '0', '2015-05-06 02:13:16', '2015-05-06 02:13:16', 'ff6cb92a-87e4-4d93-9582-b1d9c6e1fd63');
INSERT INTO `elements` (`id`, `type`, `enabled`, `archived`, `dateCreated`, `dateUpdated`, `uid`) VALUES ('15', 'Asset', '1', '0', '2015-05-06 02:23:31', '2015-05-06 02:23:31', '7e7bfc38-a58b-4518-a818-fe9320aea822');
INSERT INTO `elements` (`id`, `type`, `enabled`, `archived`, `dateCreated`, `dateUpdated`, `uid`) VALUES ('16', 'Asset', '1', '0', '2015-05-06 02:26:23', '2015-05-06 02:26:23', 'e8205e00-47f6-4cf4-88bd-bbfa76f9ae02');
INSERT INTO `elements` (`id`, `type`, `enabled`, `archived`, `dateCreated`, `dateUpdated`, `uid`) VALUES ('17', 'Asset', '1', '0', '2015-05-06 02:26:47', '2015-05-06 02:26:47', '5fa149eb-82e9-4634-8175-43130bf046ca');
INSERT INTO `elements` (`id`, `type`, `enabled`, `archived`, `dateCreated`, `dateUpdated`, `uid`) VALUES ('18', 'Asset', '1', '0', '2015-05-06 02:27:04', '2015-05-06 02:27:04', 'dc677f62-eace-416c-884a-9a8deab2185d');
INSERT INTO `elements` (`id`, `type`, `enabled`, `archived`, `dateCreated`, `dateUpdated`, `uid`) VALUES ('19', 'MatrixBlock', '1', '0', '2015-05-06 02:29:06', '2015-05-06 03:17:43', '0e904249-107d-45c1-ada1-d2c5a47aa026');
INSERT INTO `elements` (`id`, `type`, `enabled`, `archived`, `dateCreated`, `dateUpdated`, `uid`) VALUES ('20', 'MatrixBlock', '1', '0', '2015-05-06 02:30:50', '2015-05-06 02:32:04', '08a2c8b0-7003-47e1-8657-e43687186d09');
INSERT INTO `elements` (`id`, `type`, `enabled`, `archived`, `dateCreated`, `dateUpdated`, `uid`) VALUES ('21', 'MatrixBlock', '1', '0', '2015-05-06 02:31:29', '2015-05-06 02:31:29', 'b917df31-d178-4ee1-9fc7-a0db179b9614');
INSERT INTO `elements` (`id`, `type`, `enabled`, `archived`, `dateCreated`, `dateUpdated`, `uid`) VALUES ('22', 'Entry', '1', '0', '2015-05-06 02:40:58', '2015-05-06 02:40:58', '9de931b5-8097-4eeb-bac0-3701d540c964');
INSERT INTO `elements` (`id`, `type`, `enabled`, `archived`, `dateCreated`, `dateUpdated`, `uid`) VALUES ('23', 'MatrixBlock', '1', '0', '2015-05-06 02:40:58', '2015-05-06 02:40:58', '0300a003-c8ea-4fa8-8d65-9e27c7910f25');
INSERT INTO `elements` (`id`, `type`, `enabled`, `archived`, `dateCreated`, `dateUpdated`, `uid`) VALUES ('24', 'Entry', '1', '0', '2015-05-06 02:43:23', '2015-05-06 02:43:23', '5897acc9-c27d-4203-bc0d-77ef60f38a7f');
INSERT INTO `elements` (`id`, `type`, `enabled`, `archived`, `dateCreated`, `dateUpdated`, `uid`) VALUES ('25', 'MatrixBlock', '1', '0', '2015-05-06 02:43:23', '2015-05-06 02:43:23', 'cedc6142-95a7-4677-b9a8-dc45091920c1');
INSERT INTO `elements` (`id`, `type`, `enabled`, `archived`, `dateCreated`, `dateUpdated`, `uid`) VALUES ('26', 'Entry', '1', '0', '2015-05-06 02:50:43', '2015-05-06 02:50:43', '83dbca2f-2b3b-4c03-8a67-9202893540b7');
INSERT INTO `elements` (`id`, `type`, `enabled`, `archived`, `dateCreated`, `dateUpdated`, `uid`) VALUES ('27', 'MatrixBlock', '1', '0', '2015-05-06 02:50:43', '2015-05-06 02:50:43', 'ef1b7118-6660-4655-a943-2e9e5a297e0e');
INSERT INTO `elements` (`id`, `type`, `enabled`, `archived`, `dateCreated`, `dateUpdated`, `uid`) VALUES ('28', 'Entry', '1', '0', '2015-05-06 03:14:49', '2015-05-06 03:14:49', '7372b6c3-9d24-430d-801c-d12e3f7069c4');
INSERT INTO `elements` (`id`, `type`, `enabled`, `archived`, `dateCreated`, `dateUpdated`, `uid`) VALUES ('29', 'MatrixBlock', '1', '0', '2015-05-06 03:14:49', '2015-05-06 03:14:49', '519413b3-38f3-466b-a1d6-79d87cec4c46');
INSERT INTO `elements` (`id`, `type`, `enabled`, `archived`, `dateCreated`, `dateUpdated`, `uid`) VALUES ('30', 'Entry', '1', '0', '2015-05-06 03:16:59', '2015-05-06 03:16:59', '6436532e-f5bf-4715-9ca8-b8c0989801f7');
INSERT INTO `elements` (`id`, `type`, `enabled`, `archived`, `dateCreated`, `dateUpdated`, `uid`) VALUES ('31', 'MatrixBlock', '1', '0', '2015-05-06 03:16:59', '2015-05-06 03:16:59', '864afd5c-bc11-46bc-bb11-b3f3486c1503');
INSERT INTO `elements` (`id`, `type`, `enabled`, `archived`, `dateCreated`, `dateUpdated`, `uid`) VALUES ('32', 'Entry', '1', '0', '2015-05-06 03:19:41', '2015-05-06 03:19:41', '7b1fb7b3-26aa-4a8d-8e49-027e004bf132');
INSERT INTO `elements` (`id`, `type`, `enabled`, `archived`, `dateCreated`, `dateUpdated`, `uid`) VALUES ('33', 'MatrixBlock', '1', '0', '2015-05-06 03:19:41', '2015-05-06 03:19:41', '27a25613-c89e-41f1-86c7-8b84175ff554');
INSERT INTO `elements` (`id`, `type`, `enabled`, `archived`, `dateCreated`, `dateUpdated`, `uid`) VALUES ('34', 'Entry', '1', '0', '2015-05-06 03:22:54', '2015-05-06 03:22:54', '66bdc861-aac7-49a1-8f79-080f6bee6e04');
INSERT INTO `elements` (`id`, `type`, `enabled`, `archived`, `dateCreated`, `dateUpdated`, `uid`) VALUES ('35', 'MatrixBlock', '1', '0', '2015-05-06 03:22:55', '2015-05-06 03:22:55', 'c934ab6d-6f00-4263-8ad1-af5ebe387592');
INSERT INTO `elements` (`id`, `type`, `enabled`, `archived`, `dateCreated`, `dateUpdated`, `uid`) VALUES ('36', 'Entry', '1', '0', '2015-05-06 03:24:59', '2015-05-06 03:24:59', '4739eb9b-ccbe-421f-aaed-39493e0c098d');
INSERT INTO `elements` (`id`, `type`, `enabled`, `archived`, `dateCreated`, `dateUpdated`, `uid`) VALUES ('37', 'MatrixBlock', '1', '0', '2015-05-06 03:24:59', '2015-05-06 03:24:59', 'f54fe197-95e5-4ab9-b8ff-87903cb7fb66');
INSERT INTO `elements` (`id`, `type`, `enabled`, `archived`, `dateCreated`, `dateUpdated`, `uid`) VALUES ('38', 'Entry', '1', '0', '2015-05-06 03:35:44', '2015-05-06 03:35:44', 'fc09452a-f0ca-4273-beaa-e3d9ce942c9a');
INSERT INTO `elements` (`id`, `type`, `enabled`, `archived`, `dateCreated`, `dateUpdated`, `uid`) VALUES ('39', 'MatrixBlock', '1', '0', '2015-05-06 03:35:44', '2015-05-06 03:35:44', '23c67fc4-2af2-46fa-946d-948df789e01a');
INSERT INTO `elements` (`id`, `type`, `enabled`, `archived`, `dateCreated`, `dateUpdated`, `uid`) VALUES ('40', 'Entry', '1', '0', '2015-05-06 03:38:20', '2015-05-06 03:38:20', '32c63e07-894c-4962-99c7-ed70e59edd81');
INSERT INTO `elements` (`id`, `type`, `enabled`, `archived`, `dateCreated`, `dateUpdated`, `uid`) VALUES ('41', 'MatrixBlock', '1', '0', '2015-05-06 03:38:20', '2015-05-06 03:38:20', '5d1d4ed9-fb0d-4708-a00f-57f684882455');
INSERT INTO `elements` (`id`, `type`, `enabled`, `archived`, `dateCreated`, `dateUpdated`, `uid`) VALUES ('42', 'Entry', '1', '0', '2015-05-06 03:41:09', '2015-05-06 03:41:09', '4b64bb69-a4c6-4a54-aca0-21294a34d918');
INSERT INTO `elements` (`id`, `type`, `enabled`, `archived`, `dateCreated`, `dateUpdated`, `uid`) VALUES ('43', 'MatrixBlock', '1', '0', '2015-05-06 03:41:09', '2015-05-06 03:41:09', '992ab744-7a6c-4e7e-9870-ffe0935aef4b');
INSERT INTO `elements` (`id`, `type`, `enabled`, `archived`, `dateCreated`, `dateUpdated`, `uid`) VALUES ('44', 'Entry', '1', '0', '2015-05-06 03:44:03', '2015-05-06 03:44:03', 'bcd2c813-3739-4ab5-b77d-0071e197ab61');
INSERT INTO `elements` (`id`, `type`, `enabled`, `archived`, `dateCreated`, `dateUpdated`, `uid`) VALUES ('45', 'MatrixBlock', '1', '0', '2015-05-06 03:44:04', '2015-05-06 03:44:04', 'f5138c77-7a55-49dc-981e-df4c78e2c1a2');
INSERT INTO `elements` (`id`, `type`, `enabled`, `archived`, `dateCreated`, `dateUpdated`, `uid`) VALUES ('46', 'Entry', '1', '0', '2015-05-06 03:46:09', '2015-05-06 03:46:09', 'ea381b1a-d73a-41b1-bf24-792d27f90aeb');
INSERT INTO `elements` (`id`, `type`, `enabled`, `archived`, `dateCreated`, `dateUpdated`, `uid`) VALUES ('47', 'MatrixBlock', '1', '0', '2015-05-06 03:46:09', '2015-05-06 03:46:09', 'bcad7bf3-2926-49e6-9695-5e9c7582ab3b');
INSERT INTO `elements` (`id`, `type`, `enabled`, `archived`, `dateCreated`, `dateUpdated`, `uid`) VALUES ('48', 'Entry', '1', '0', '2015-05-06 03:48:04', '2015-05-06 03:48:04', 'f3b5716b-7cb7-43be-83ed-25f8eb458253');
INSERT INTO `elements` (`id`, `type`, `enabled`, `archived`, `dateCreated`, `dateUpdated`, `uid`) VALUES ('49', 'MatrixBlock', '1', '0', '2015-05-06 03:48:04', '2015-05-06 03:48:04', '596f97db-a4af-4c35-9802-1f52538591af');
INSERT INTO `elements` (`id`, `type`, `enabled`, `archived`, `dateCreated`, `dateUpdated`, `uid`) VALUES ('50', 'GlobalSet', '1', '0', '2015-05-07 01:06:40', '2015-05-07 01:18:57', '04f9142b-b43b-450b-acbb-5e80a17c25bd');
INSERT INTO `elements` (`id`, `type`, `enabled`, `archived`, `dateCreated`, `dateUpdated`, `uid`) VALUES ('51', 'GlobalSet', '1', '0', '2015-05-08 06:02:43', '2015-05-08 06:07:36', '83a586b4-575e-4cb0-b92f-9a236f4e9cea');
INSERT INTO `elements` (`id`, `type`, `enabled`, `archived`, `dateCreated`, `dateUpdated`, `uid`) VALUES ('52', 'GlobalSet', '1', '0', '2015-05-10 17:10:44', '2015-05-10 17:18:23', 'e508c103-d186-44ec-8c20-fae206f7af04');



DROP TABLE IF EXISTS `elements_i18n`;


--
-- Schema for table `elements_i18n`
--
CREATE TABLE `elements_i18n` (
  `id` int(11) NOT NULL AUTO_INCREMENT,
  `elementId` int(11) NOT NULL,
  `locale` char(12) COLLATE utf8_unicode_ci NOT NULL,
  `slug` varchar(255) COLLATE utf8_unicode_ci DEFAULT NULL,
  `uri` varchar(255) COLLATE utf8_unicode_ci DEFAULT NULL,
  `enabled` tinyint(1) unsigned NOT NULL DEFAULT '1',
  `dateCreated` datetime NOT NULL,
  `dateUpdated` datetime NOT NULL,
  `uid` char(36) COLLATE utf8_unicode_ci NOT NULL DEFAULT '0',
  PRIMARY KEY (`id`),
  UNIQUE KEY `elements_i18n_elementId_locale_unq_idx` (`elementId`,`locale`),
  UNIQUE KEY `elements_i18n_uri_locale_unq_idx` (`uri`,`locale`),
  KEY `elements_i18n_slug_locale_idx` (`slug`,`locale`),
  KEY `elements_i18n_enabled_idx` (`enabled`),
  KEY `elements_i18n_locale_fk` (`locale`)
) ENGINE=InnoDB AUTO_INCREMENT=54 DEFAULT CHARSET=utf8 COLLATE=utf8_unicode_ci;

--
-- Data for table `elements_i18n`
--

INSERT INTO `elements_i18n` (`id`, `elementId`, `locale`, `slug`, `uri`, `enabled`, `dateCreated`, `dateUpdated`, `uid`) VALUES ('1', '1', 'en_us', '', NULL, '1', '2015-04-26 20:07:23', '2015-04-26 20:07:23', 'e1a0c10c-bb44-4698-8c58-820618be7388');
INSERT INTO `elements_i18n` (`id`, `elementId`, `locale`, `slug`, `uri`, `enabled`, `dateCreated`, `dateUpdated`, `uid`) VALUES ('2', '2', 'en_us', 'projects', '__home__', '1', '2015-04-26 20:07:25', '2015-05-10 18:11:11', '425cf5d8-670f-4319-a519-fafeda199d14');
INSERT INTO `elements_i18n` (`id`, `elementId`, `locale`, `slug`, `uri`, `enabled`, `dateCreated`, `dateUpdated`, `uid`) VALUES ('3', '3', 'en_us', 'we-just-installed-craft', 'news/2015/we-just-installed-craft', '1', '2015-04-26 20:07:25', '2015-04-26 20:07:25', 'f75850a5-33e9-4cbb-afae-6be20e194aa6');
INSERT INTO `elements_i18n` (`id`, `elementId`, `locale`, `slug`, `uri`, `enabled`, `dateCreated`, `dateUpdated`, `uid`) VALUES ('4', '4', 'en_us', '', NULL, '1', '2015-04-26 20:37:35', '2015-04-26 20:37:35', '7d32ed72-4c62-43f4-890b-e42755c31639');
INSERT INTO `elements_i18n` (`id`, `elementId`, `locale`, `slug`, `uri`, `enabled`, `dateCreated`, `dateUpdated`, `uid`) VALUES ('5', '5', 'en_us', 'about', 'about', '1', '2015-04-29 01:58:37', '2015-04-29 01:58:37', '738a6763-ba6f-4c94-8509-b69f62bcba19');
INSERT INTO `elements_i18n` (`id`, `elementId`, `locale`, `slug`, `uri`, `enabled`, `dateCreated`, `dateUpdated`, `uid`) VALUES ('6', '6', 'en_us', 'real-time-fengshui', 'projects/real-time-fengshui', '1', '2015-04-29 04:17:46', '2015-05-06 02:31:29', 'af5480f1-d945-42ec-882a-64ec7ed6bc0b');
INSERT INTO `elements_i18n` (`id`, `elementId`, `locale`, `slug`, `uri`, `enabled`, `dateCreated`, `dateUpdated`, `uid`) VALUES ('7', '7', 'en_us', 'projects', 'projects', '1', '2015-04-29 14:57:45', '2015-04-29 16:51:06', 'fb939f3e-8d13-45cb-a3a3-f4cb0c24c56c');
INSERT INTO `elements_i18n` (`id`, `elementId`, `locale`, `slug`, `uri`, `enabled`, `dateCreated`, `dateUpdated`, `uid`) VALUES ('8', '8', 'en_us', 'labs', 'labs', '1', '2015-04-29 14:57:50', '2015-04-29 16:51:19', '9b1a25c5-5e6d-47a1-a616-e2517a576a9c');
INSERT INTO `elements_i18n` (`id`, `elementId`, `locale`, `slug`, `uri`, `enabled`, `dateCreated`, `dateUpdated`, `uid`) VALUES ('9', '9', 'en_us', 'sleep-well', 'labs/sleep-well', '1', '2015-04-29 16:40:27', '2015-05-06 02:32:04', '7b21ea16-bab2-4c93-9d22-a46ff21c089c');
INSERT INTO `elements_i18n` (`id`, `elementId`, `locale`, `slug`, `uri`, `enabled`, `dateCreated`, `dateUpdated`, `uid`) VALUES ('10', '10', 'en_us', 'liveperson-website', 'projects/liveperson-website', '1', '2015-04-30 03:30:18', '2015-05-06 03:17:43', '78700f5e-0dba-411d-af86-488935507bfd');
INSERT INTO `elements_i18n` (`id`, `elementId`, `locale`, `slug`, `uri`, `enabled`, `dateCreated`, `dateUpdated`, `uid`) VALUES ('12', '12', 'en_us', 'hsin-lei', 'projects/hsin-lei', '1', '2015-05-06 02:06:58', '2015-05-06 02:27:39', '1b478171-4c09-48ae-aa6f-4bdf148392fa');
INSERT INTO `elements_i18n` (`id`, `elementId`, `locale`, `slug`, `uri`, `enabled`, `dateCreated`, `dateUpdated`, `uid`) VALUES ('13', '13', 'en_us', '', NULL, '1', '2015-05-06 02:06:59', '2015-05-06 02:27:39', '60cead69-d30e-4eb2-a289-ec08136824c1');
INSERT INTO `elements_i18n` (`id`, `elementId`, `locale`, `slug`, `uri`, `enabled`, `dateCreated`, `dateUpdated`, `uid`) VALUES ('14', '14', 'en_us', '600x600', NULL, '1', '2015-05-06 02:13:16', '2015-05-06 02:13:16', 'c4481d83-5981-4ab0-bb23-65babbac029a');
INSERT INTO `elements_i18n` (`id`, `elementId`, `locale`, `slug`, `uri`, `enabled`, `dateCreated`, `dateUpdated`, `uid`) VALUES ('15', '15', 'en_us', '640x480', NULL, '1', '2015-05-06 02:23:31', '2015-05-06 02:23:31', '42245f61-0e01-4226-a117-653848836fcf');
INSERT INTO `elements_i18n` (`id`, `elementId`, `locale`, `slug`, `uri`, `enabled`, `dateCreated`, `dateUpdated`, `uid`) VALUES ('16', '16', 'en_us', '1024x768', NULL, '1', '2015-05-06 02:26:23', '2015-05-06 02:26:23', '87065a25-a1bd-4f2c-a47e-a2b553e10c19');
INSERT INTO `elements_i18n` (`id`, `elementId`, `locale`, `slug`, `uri`, `enabled`, `dateCreated`, `dateUpdated`, `uid`) VALUES ('17', '17', 'en_us', '600x600', NULL, '1', '2015-05-06 02:26:47', '2015-05-06 02:26:47', 'd33e8621-819f-4838-b20e-8611a1ce81f7');
INSERT INTO `elements_i18n` (`id`, `elementId`, `locale`, `slug`, `uri`, `enabled`, `dateCreated`, `dateUpdated`, `uid`) VALUES ('18', '18', 'en_us', '400x200', NULL, '1', '2015-05-06 02:27:04', '2015-05-06 02:27:04', '2a461cb9-d9ea-43d0-9ce9-d852fa3d7029');
INSERT INTO `elements_i18n` (`id`, `elementId`, `locale`, `slug`, `uri`, `enabled`, `dateCreated`, `dateUpdated`, `uid`) VALUES ('19', '19', 'en_us', '', NULL, '1', '2015-05-06 02:29:06', '2015-05-06 03:17:43', '07b040ca-6204-4d3c-88db-e50e73eebe60');
INSERT INTO `elements_i18n` (`id`, `elementId`, `locale`, `slug`, `uri`, `enabled`, `dateCreated`, `dateUpdated`, `uid`) VALUES ('20', '20', 'en_us', '', NULL, '1', '2015-05-06 02:30:50', '2015-05-06 02:32:04', 'be4dbcc8-08f3-45fb-8c93-bba2e0bd57a8');
INSERT INTO `elements_i18n` (`id`, `elementId`, `locale`, `slug`, `uri`, `enabled`, `dateCreated`, `dateUpdated`, `uid`) VALUES ('21', '21', 'en_us', '', NULL, '1', '2015-05-06 02:31:29', '2015-05-06 02:31:29', 'd7b99ec4-4c63-4721-87a2-7ef8166c9e9e');
INSERT INTO `elements_i18n` (`id`, `elementId`, `locale`, `slug`, `uri`, `enabled`, `dateCreated`, `dateUpdated`, `uid`) VALUES ('22', '22', 'en_us', 'beverage-trail', 'labs/beverage-trail', '1', '2015-05-06 02:40:58', '2015-05-06 02:40:58', '06abae49-828f-47a9-9a80-bf4a454ccd60');
INSERT INTO `elements_i18n` (`id`, `elementId`, `locale`, `slug`, `uri`, `enabled`, `dateCreated`, `dateUpdated`, `uid`) VALUES ('23', '23', 'en_us', '', NULL, '1', '2015-05-06 02:40:58', '2015-05-06 02:40:58', '887f82bb-db7d-463e-9376-7779fba51c9d');
INSERT INTO `elements_i18n` (`id`, `elementId`, `locale`, `slug`, `uri`, `enabled`, `dateCreated`, `dateUpdated`, `uid`) VALUES ('24', '24', 'en_us', 'party-planner', 'projects/party-planner', '1', '2015-05-06 02:43:23', '2015-05-06 02:43:23', '722c07ab-01fc-4f6d-a8a5-4983da24f592');
INSERT INTO `elements_i18n` (`id`, `elementId`, `locale`, `slug`, `uri`, `enabled`, `dateCreated`, `dateUpdated`, `uid`) VALUES ('25', '25', 'en_us', '', NULL, '1', '2015-05-06 02:43:23', '2015-05-06 02:43:23', '01ff8d23-9e92-465f-b130-3f840804e12b');
INSERT INTO `elements_i18n` (`id`, `elementId`, `locale`, `slug`, `uri`, `enabled`, `dateCreated`, `dateUpdated`, `uid`) VALUES ('26', '26', 'en_us', 'kanjy-website', 'projects/kanjy-website', '1', '2015-05-06 02:50:43', '2015-05-06 02:50:43', '899c13bc-e0cb-46e3-8ea4-6ab7a43594b2');
INSERT INTO `elements_i18n` (`id`, `elementId`, `locale`, `slug`, `uri`, `enabled`, `dateCreated`, `dateUpdated`, `uid`) VALUES ('27', '27', 'en_us', '', NULL, '1', '2015-05-06 02:50:43', '2015-05-06 02:50:43', 'bd0b30f1-1e61-487b-9576-cf3a401d39e9');
INSERT INTO `elements_i18n` (`id`, `elementId`, `locale`, `slug`, `uri`, `enabled`, `dateCreated`, `dateUpdated`, `uid`) VALUES ('28', '28', 'en_us', 'falcon', 'projects/falcon', '1', '2015-05-06 03:14:49', '2015-05-06 03:14:49', '7c1ab695-b8bf-4fd0-9261-16e4b4cdef0a');
INSERT INTO `elements_i18n` (`id`, `elementId`, `locale`, `slug`, `uri`, `enabled`, `dateCreated`, `dateUpdated`, `uid`) VALUES ('29', '29', 'en_us', '', NULL, '1', '2015-05-06 03:14:49', '2015-05-06 03:14:49', '339d1c7a-699f-405e-b2ad-27971b2e9a8e');
INSERT INTO `elements_i18n` (`id`, `elementId`, `locale`, `slug`, `uri`, `enabled`, `dateCreated`, `dateUpdated`, `uid`) VALUES ('30', '30', 'en_us', 'dresssmart', 'projects/dresssmart', '1', '2015-05-06 03:16:59', '2015-05-06 03:16:59', '9ded9f98-1e2c-48fa-ac5f-4d7d206c9de5');
INSERT INTO `elements_i18n` (`id`, `elementId`, `locale`, `slug`, `uri`, `enabled`, `dateCreated`, `dateUpdated`, `uid`) VALUES ('31', '31', 'en_us', '', NULL, '1', '2015-05-06 03:16:59', '2015-05-06 03:16:59', '8cd643e7-daa4-4e3e-a510-9a25c66f375c');
INSERT INTO `elements_i18n` (`id`, `elementId`, `locale`, `slug`, `uri`, `enabled`, `dateCreated`, `dateUpdated`, `uid`) VALUES ('32', '32', 'en_us', 'sandata', 'projects/sandata', '1', '2015-05-06 03:19:41', '2015-05-06 03:19:41', 'a4f6185b-8b6a-469a-87f8-9acab787d245');
INSERT INTO `elements_i18n` (`id`, `elementId`, `locale`, `slug`, `uri`, `enabled`, `dateCreated`, `dateUpdated`, `uid`) VALUES ('33', '33', 'en_us', '', NULL, '1', '2015-05-06 03:19:41', '2015-05-06 03:19:41', '61d42545-82e4-4044-bb27-f5688b7d229d');
INSERT INTO `elements_i18n` (`id`, `elementId`, `locale`, `slug`, `uri`, `enabled`, `dateCreated`, `dateUpdated`, `uid`) VALUES ('34', '34', 'en_us', 'ideation-website', 'projects/ideation-website', '1', '2015-05-06 03:22:54', '2015-05-06 03:22:54', '58745bf0-1d04-4ff9-8716-b1d531bcfdb7');
INSERT INTO `elements_i18n` (`id`, `elementId`, `locale`, `slug`, `uri`, `enabled`, `dateCreated`, `dateUpdated`, `uid`) VALUES ('35', '35', 'en_us', '', NULL, '1', '2015-05-06 03:22:55', '2015-05-06 03:22:55', '5f9a6c52-1365-44bd-b12e-a052b1364fbe');
INSERT INTO `elements_i18n` (`id`, `elementId`, `locale`, `slug`, `uri`, `enabled`, `dateCreated`, `dateUpdated`, `uid`) VALUES ('36', '36', 'en_us', 'wedwu-redesign', 'labs/wedwu-redesign', '1', '2015-05-06 03:24:59', '2015-05-06 03:24:59', '1e3169c6-f70e-4954-8c06-a8590a2906d1');
INSERT INTO `elements_i18n` (`id`, `elementId`, `locale`, `slug`, `uri`, `enabled`, `dateCreated`, `dateUpdated`, `uid`) VALUES ('37', '37', 'en_us', '', NULL, '1', '2015-05-06 03:24:59', '2015-05-06 03:24:59', 'f03da2e5-ffdc-4e63-afad-b82230975221');
INSERT INTO `elements_i18n` (`id`, `elementId`, `locale`, `slug`, `uri`, `enabled`, `dateCreated`, `dateUpdated`, `uid`) VALUES ('38', '38', 'en_us', 'train-tracker-app', 'labs/train-tracker-app', '1', '2015-05-06 03:35:44', '2015-05-06 03:35:44', 'dfee7479-8547-451d-85c1-a9333727d64d');
INSERT INTO `elements_i18n` (`id`, `elementId`, `locale`, `slug`, `uri`, `enabled`, `dateCreated`, `dateUpdated`, `uid`) VALUES ('39', '39', 'en_us', '', NULL, '1', '2015-05-06 03:35:44', '2015-05-06 03:35:44', '0743049c-32e3-4669-956b-6561072928e6');
INSERT INTO `elements_i18n` (`id`, `elementId`, `locale`, `slug`, `uri`, `enabled`, `dateCreated`, `dateUpdated`, `uid`) VALUES ('40', '40', 'en_us', 'music-box', 'labs/music-box', '1', '2015-05-06 03:38:20', '2015-05-06 03:38:20', '0bc8844e-696f-4d3d-95c4-f36e9cfc5a8f');
INSERT INTO `elements_i18n` (`id`, `elementId`, `locale`, `slug`, `uri`, `enabled`, `dateCreated`, `dateUpdated`, `uid`) VALUES ('41', '41', 'en_us', '', NULL, '1', '2015-05-06 03:38:20', '2015-05-06 03:38:20', '494476ed-144c-4e48-806e-fb1ef5c66831');
INSERT INTO `elements_i18n` (`id`, `elementId`, `locale`, `slug`, `uri`, `enabled`, `dateCreated`, `dateUpdated`, `uid`) VALUES ('42', '42', 'en_us', 'innovative-presentation-for-verbalized', 'labs/innovative-presentation-for-verbalized', '1', '2015-05-06 03:41:09', '2015-05-06 03:41:09', 'e15e0b8e-433a-4088-a74d-d1b0f9b6fa03');
INSERT INTO `elements_i18n` (`id`, `elementId`, `locale`, `slug`, `uri`, `enabled`, `dateCreated`, `dateUpdated`, `uid`) VALUES ('43', '43', 'en_us', '', NULL, '1', '2015-05-06 03:41:09', '2015-05-06 03:41:09', '6b30c60e-00fe-49b4-821a-7c800b2398c2');
INSERT INTO `elements_i18n` (`id`, `elementId`, `locale`, `slug`, `uri`, `enabled`, `dateCreated`, `dateUpdated`, `uid`) VALUES ('44', '44', 'en_us', 'gym-research', 'labs/gym-research', '1', '2015-05-06 03:44:04', '2015-05-06 03:44:04', '75bb9a18-a568-4c41-9bc8-45564f216f66');
INSERT INTO `elements_i18n` (`id`, `elementId`, `locale`, `slug`, `uri`, `enabled`, `dateCreated`, `dateUpdated`, `uid`) VALUES ('45', '45', 'en_us', '', NULL, '1', '2015-05-06 03:44:04', '2015-05-06 03:44:04', '05dd7732-dba8-4d27-b4c0-c8f1dcd58995');
INSERT INTO `elements_i18n` (`id`, `elementId`, `locale`, `slug`, `uri`, `enabled`, `dateCreated`, `dateUpdated`, `uid`) VALUES ('46', '46', 'en_us', 'music-image-app-for-the-ipad', 'labs/music-image-app-for-the-ipad', '1', '2015-05-06 03:46:09', '2015-05-06 03:46:09', '0690959e-e08a-44be-be26-5be0b9836c07');
INSERT INTO `elements_i18n` (`id`, `elementId`, `locale`, `slug`, `uri`, `enabled`, `dateCreated`, `dateUpdated`, `uid`) VALUES ('47', '47', 'en_us', '', NULL, '1', '2015-05-06 03:46:09', '2015-05-06 03:46:09', '9f2ff340-bf37-41a6-8311-6fcfabe1cf51');
INSERT INTO `elements_i18n` (`id`, `elementId`, `locale`, `slug`, `uri`, `enabled`, `dateCreated`, `dateUpdated`, `uid`) VALUES ('48', '48', 'en_us', 'branding-designs', 'labs/branding-designs', '1', '2015-05-06 03:48:04', '2015-05-06 03:48:04', 'dd6fa389-cefd-44e6-96eb-62247b23a897');
INSERT INTO `elements_i18n` (`id`, `elementId`, `locale`, `slug`, `uri`, `enabled`, `dateCreated`, `dateUpdated`, `uid`) VALUES ('49', '49', 'en_us', '', NULL, '1', '2015-05-06 03:48:04', '2015-05-06 03:48:04', '2e6018ce-4844-4e56-8091-fdf5a82491e4');
INSERT INTO `elements_i18n` (`id`, `elementId`, `locale`, `slug`, `uri`, `enabled`, `dateCreated`, `dateUpdated`, `uid`) VALUES ('50', '50', 'en_us', '', NULL, '1', '2015-05-07 01:06:40', '2015-05-07 01:18:57', 'fe80bac3-3dfe-4ba5-8fd9-9d18a4f06976');
INSERT INTO `elements_i18n` (`id`, `elementId`, `locale`, `slug`, `uri`, `enabled`, `dateCreated`, `dateUpdated`, `uid`) VALUES ('51', '51', 'en_us', '', NULL, '1', '2015-05-08 06:02:43', '2015-05-08 06:07:36', '66c589e0-5051-40bb-95ea-f110376b6a07');
INSERT INTO `elements_i18n` (`id`, `elementId`, `locale`, `slug`, `uri`, `enabled`, `dateCreated`, `dateUpdated`, `uid`) VALUES ('52', '52', 'en_us', '', NULL, '1', '2015-05-10 17:10:44', '2015-05-10 17:18:23', '0cb10584-14da-47f3-b5cb-736f3936193c');



DROP TABLE IF EXISTS `emailmessages`;


--
-- Schema for table `emailmessages`
--
CREATE TABLE `emailmessages` (
  `id` int(11) NOT NULL AUTO_INCREMENT,
  `key` char(150) COLLATE utf8_unicode_ci NOT NULL,
  `locale` char(12) COLLATE utf8_unicode_ci NOT NULL,
  `subject` varchar(1000) COLLATE utf8_unicode_ci NOT NULL,
  `body` text COLLATE utf8_unicode_ci NOT NULL,
  `dateCreated` datetime NOT NULL,
  `dateUpdated` datetime NOT NULL,
  `uid` char(36) COLLATE utf8_unicode_ci NOT NULL DEFAULT '0',
  PRIMARY KEY (`id`),
  UNIQUE KEY `emailmessages_key_locale_unq_idx` (`key`,`locale`),
  KEY `emailmessages_locale_fk` (`locale`)
) ENGINE=InnoDB DEFAULT CHARSET=utf8 COLLATE=utf8_unicode_ci;

DROP TABLE IF EXISTS `entries`;


--
-- Schema for table `entries`
--
CREATE TABLE `entries` (
  `id` int(11) NOT NULL,
  `sectionId` int(11) NOT NULL,
  `typeId` int(11) DEFAULT NULL,
  `authorId` int(11) DEFAULT NULL,
  `postDate` datetime DEFAULT NULL,
  `expiryDate` datetime DEFAULT NULL,
  `dateCreated` datetime NOT NULL,
  `dateUpdated` datetime NOT NULL,
  `uid` char(36) COLLATE utf8_unicode_ci NOT NULL DEFAULT '0',
  PRIMARY KEY (`id`),
  KEY `entries_sectionId_idx` (`sectionId`),
  KEY `entries_typeId_idx` (`typeId`),
  KEY `entries_postDate_idx` (`postDate`),
  KEY `entries_expiryDate_idx` (`expiryDate`),
  KEY `entries_authorId_fk` (`authorId`)
) ENGINE=InnoDB DEFAULT CHARSET=utf8 COLLATE=utf8_unicode_ci;

--
-- Data for table `entries`
--

INSERT INTO `entries` (`id`, `sectionId`, `typeId`, `authorId`, `postDate`, `expiryDate`, `dateCreated`, `dateUpdated`, `uid`) VALUES ('2', '1', '1', NULL, '2015-05-10 18:11:10', NULL, '2015-04-26 20:07:25', '2015-05-10 18:11:10', '51698b04-7b7a-4d11-ab22-dd23d5a63045');
INSERT INTO `entries` (`id`, `sectionId`, `typeId`, `authorId`, `postDate`, `expiryDate`, `dateCreated`, `dateUpdated`, `uid`) VALUES ('3', '2', '2', '1', '2015-04-26 20:07:25', NULL, '2015-04-26 20:07:25', '2015-04-26 20:07:25', 'bede34d6-fb01-41cf-938f-50c0c6292550');
INSERT INTO `entries` (`id`, `sectionId`, `typeId`, `authorId`, `postDate`, `expiryDate`, `dateCreated`, `dateUpdated`, `uid`) VALUES ('5', '5', '5', NULL, '2015-04-29 01:58:37', NULL, '2015-04-29 01:58:37', '2015-04-29 01:58:37', '21ca004d-1137-4947-add4-d82af47801f0');
INSERT INTO `entries` (`id`, `sectionId`, `typeId`, `authorId`, `postDate`, `expiryDate`, `dateCreated`, `dateUpdated`, `uid`) VALUES ('6', '3', '3', '1', '2015-04-29 04:17:00', NULL, '2015-04-29 04:17:46', '2015-05-06 02:31:29', '99902b9a-5408-44e6-98aa-68ebdc49fb95');
INSERT INTO `entries` (`id`, `sectionId`, `typeId`, `authorId`, `postDate`, `expiryDate`, `dateCreated`, `dateUpdated`, `uid`) VALUES ('9', '3', '3', '1', '2015-04-29 16:40:00', NULL, '2015-04-29 16:40:27', '2015-05-06 02:32:04', '32a6f039-2c63-4334-9c5d-e9f257c3e654');
INSERT INTO `entries` (`id`, `sectionId`, `typeId`, `authorId`, `postDate`, `expiryDate`, `dateCreated`, `dateUpdated`, `uid`) VALUES ('10', '3', '3', '1', '2015-04-30 03:30:00', NULL, '2015-04-30 03:30:18', '2015-05-06 03:17:43', '55ae942f-2361-44d9-b4e4-4069524bde16');
INSERT INTO `entries` (`id`, `sectionId`, `typeId`, `authorId`, `postDate`, `expiryDate`, `dateCreated`, `dateUpdated`, `uid`) VALUES ('12', '3', '3', '1', '2015-05-06 02:05:00', NULL, '2015-05-06 02:06:59', '2015-05-06 02:27:39', 'c8d26b6a-bae2-4144-bdeb-36a956c3b486');
INSERT INTO `entries` (`id`, `sectionId`, `typeId`, `authorId`, `postDate`, `expiryDate`, `dateCreated`, `dateUpdated`, `uid`) VALUES ('22', '3', '3', '1', '2015-05-06 02:40:00', NULL, '2015-05-06 02:40:58', '2015-05-06 02:40:58', '9de6be2b-169e-45b1-9b05-58b5afd4c613');
INSERT INTO `entries` (`id`, `sectionId`, `typeId`, `authorId`, `postDate`, `expiryDate`, `dateCreated`, `dateUpdated`, `uid`) VALUES ('24', '3', '3', '1', '2015-05-06 02:43:23', NULL, '2015-05-06 02:43:23', '2015-05-06 02:43:23', 'cb0b5e41-d93c-468b-8e7f-65beb48cdf72');
INSERT INTO `entries` (`id`, `sectionId`, `typeId`, `authorId`, `postDate`, `expiryDate`, `dateCreated`, `dateUpdated`, `uid`) VALUES ('26', '3', '3', '1', '2015-05-06 02:50:00', NULL, '2015-05-06 02:50:43', '2015-05-06 02:50:43', '2bd05cd6-5452-40a2-9f84-111ba8bc236f');
INSERT INTO `entries` (`id`, `sectionId`, `typeId`, `authorId`, `postDate`, `expiryDate`, `dateCreated`, `dateUpdated`, `uid`) VALUES ('28', '3', '3', '1', '2015-05-06 03:14:49', NULL, '2015-05-06 03:14:49', '2015-05-06 03:14:49', 'ea721196-8fc8-4528-8c27-cdf53d9d16d5');
INSERT INTO `entries` (`id`, `sectionId`, `typeId`, `authorId`, `postDate`, `expiryDate`, `dateCreated`, `dateUpdated`, `uid`) VALUES ('30', '3', '3', '1', '2015-05-06 03:16:59', NULL, '2015-05-06 03:16:59', '2015-05-06 03:16:59', 'b2d1c5fe-ee40-4fc5-b4fe-93b8856f478b');
INSERT INTO `entries` (`id`, `sectionId`, `typeId`, `authorId`, `postDate`, `expiryDate`, `dateCreated`, `dateUpdated`, `uid`) VALUES ('32', '3', '3', '1', '2015-05-06 03:19:41', NULL, '2015-05-06 03:19:41', '2015-05-06 03:19:41', 'b97b453e-2886-4684-b972-9ec8bd1be455');
INSERT INTO `entries` (`id`, `sectionId`, `typeId`, `authorId`, `postDate`, `expiryDate`, `dateCreated`, `dateUpdated`, `uid`) VALUES ('34', '3', '3', '1', '2015-05-06 03:22:54', NULL, '2015-05-06 03:22:55', '2015-05-06 03:22:55', '75b4f064-de9f-4edb-8b27-66eea6171889');
INSERT INTO `entries` (`id`, `sectionId`, `typeId`, `authorId`, `postDate`, `expiryDate`, `dateCreated`, `dateUpdated`, `uid`) VALUES ('36', '3', '3', '1', '2015-05-06 03:24:59', NULL, '2015-05-06 03:24:59', '2015-05-06 03:24:59', 'd6988a6c-39f7-4454-995c-cbe8e2971178');
INSERT INTO `entries` (`id`, `sectionId`, `typeId`, `authorId`, `postDate`, `expiryDate`, `dateCreated`, `dateUpdated`, `uid`) VALUES ('38', '3', '3', '1', '2015-05-06 03:35:00', NULL, '2015-05-06 03:35:44', '2015-05-06 03:35:44', '20763c4b-0656-456c-8920-f59062957acc');
INSERT INTO `entries` (`id`, `sectionId`, `typeId`, `authorId`, `postDate`, `expiryDate`, `dateCreated`, `dateUpdated`, `uid`) VALUES ('40', '3', '3', '1', '2015-05-06 03:38:20', NULL, '2015-05-06 03:38:20', '2015-05-06 03:38:20', 'c22b84ee-f667-4a6f-855a-dc7e340a55bd');
INSERT INTO `entries` (`id`, `sectionId`, `typeId`, `authorId`, `postDate`, `expiryDate`, `dateCreated`, `dateUpdated`, `uid`) VALUES ('42', '3', '3', '1', '2015-05-06 03:41:09', NULL, '2015-05-06 03:41:09', '2015-05-06 03:41:09', '385cb17f-8ceb-4e3c-afb5-a3bde413da60');
INSERT INTO `entries` (`id`, `sectionId`, `typeId`, `authorId`, `postDate`, `expiryDate`, `dateCreated`, `dateUpdated`, `uid`) VALUES ('44', '3', '3', '1', '2015-05-06 03:44:03', NULL, '2015-05-06 03:44:04', '2015-05-06 03:44:04', '82cbeaee-3690-45c5-aa5c-74b32236e88d');
INSERT INTO `entries` (`id`, `sectionId`, `typeId`, `authorId`, `postDate`, `expiryDate`, `dateCreated`, `dateUpdated`, `uid`) VALUES ('46', '3', '3', '1', '2015-05-06 03:46:09', NULL, '2015-05-06 03:46:09', '2015-05-06 03:46:09', 'e73fa562-e7bd-4490-b51b-9781ce6b0011');
INSERT INTO `entries` (`id`, `sectionId`, `typeId`, `authorId`, `postDate`, `expiryDate`, `dateCreated`, `dateUpdated`, `uid`) VALUES ('48', '3', '3', '1', '2015-05-06 03:48:04', NULL, '2015-05-06 03:48:04', '2015-05-06 03:48:04', '86508c62-03c5-42e7-b901-1d8288d42590');



DROP TABLE IF EXISTS `entrydrafts`;


--
-- Schema for table `entrydrafts`
--
CREATE TABLE `entrydrafts` (
  `id` int(11) NOT NULL AUTO_INCREMENT,
  `entryId` int(11) NOT NULL,
  `sectionId` int(11) NOT NULL,
  `creatorId` int(11) NOT NULL,
  `locale` char(12) COLLATE utf8_unicode_ci NOT NULL,
  `name` varchar(255) COLLATE utf8_unicode_ci NOT NULL,
  `notes` tinytext COLLATE utf8_unicode_ci,
  `data` mediumtext COLLATE utf8_unicode_ci NOT NULL,
  `dateCreated` datetime NOT NULL,
  `dateUpdated` datetime NOT NULL,
  `uid` char(36) COLLATE utf8_unicode_ci NOT NULL DEFAULT '0',
  PRIMARY KEY (`id`),
  KEY `entrydrafts_entryId_locale_idx` (`entryId`,`locale`),
  KEY `entrydrafts_sectionId_fk` (`sectionId`),
  KEY `entrydrafts_creatorId_fk` (`creatorId`),
  KEY `entrydrafts_locale_fk` (`locale`)
) ENGINE=InnoDB DEFAULT CHARSET=utf8 COLLATE=utf8_unicode_ci;

DROP TABLE IF EXISTS `entrytypes`;


--
-- Schema for table `entrytypes`
--
CREATE TABLE `entrytypes` (
  `id` int(11) NOT NULL AUTO_INCREMENT,
  `sectionId` int(11) NOT NULL,
  `fieldLayoutId` int(11) DEFAULT NULL,
  `name` varchar(255) COLLATE utf8_unicode_ci NOT NULL,
  `handle` varchar(255) COLLATE utf8_unicode_ci NOT NULL,
  `hasTitleField` tinyint(1) unsigned NOT NULL DEFAULT '1',
  `titleLabel` varchar(255) COLLATE utf8_unicode_ci DEFAULT 'Title',
  `titleFormat` varchar(255) COLLATE utf8_unicode_ci DEFAULT NULL,
  `sortOrder` tinyint(4) DEFAULT NULL,
  `dateCreated` datetime NOT NULL,
  `dateUpdated` datetime NOT NULL,
  `uid` char(36) COLLATE utf8_unicode_ci NOT NULL DEFAULT '0',
  PRIMARY KEY (`id`),
  UNIQUE KEY `entrytypes_name_sectionId_unq_idx` (`name`,`sectionId`),
  UNIQUE KEY `entrytypes_handle_sectionId_unq_idx` (`handle`,`sectionId`),
  KEY `entrytypes_sectionId_fk` (`sectionId`),
  KEY `entrytypes_fieldLayoutId_fk` (`fieldLayoutId`)
) ENGINE=InnoDB AUTO_INCREMENT=6 DEFAULT CHARSET=utf8 COLLATE=utf8_unicode_ci;

--
-- Data for table `entrytypes`
--

INSERT INTO `entrytypes` (`id`, `sectionId`, `fieldLayoutId`, `name`, `handle`, `hasTitleField`, `titleLabel`, `titleFormat`, `sortOrder`, `dateCreated`, `dateUpdated`, `uid`) VALUES ('1', '1', '3', 'Homepage', 'homepage', '1', 'Title', NULL, NULL, '2015-04-26 20:07:25', '2015-04-26 20:07:25', '370413d6-1355-4ebc-8555-71d914f1596d');
INSERT INTO `entrytypes` (`id`, `sectionId`, `fieldLayoutId`, `name`, `handle`, `hasTitleField`, `titleLabel`, `titleFormat`, `sortOrder`, `dateCreated`, `dateUpdated`, `uid`) VALUES ('2', '2', '5', 'News', 'news', '1', 'Title', NULL, NULL, '2015-04-26 20:07:25', '2015-04-26 20:07:25', '157cc014-d795-4054-a457-714c260b08a1');
INSERT INTO `entrytypes` (`id`, `sectionId`, `fieldLayoutId`, `name`, `handle`, `hasTitleField`, `titleLabel`, `titleFormat`, `sortOrder`, `dateCreated`, `dateUpdated`, `uid`) VALUES ('3', '3', '46', 'Main', 'main', '1', 'Title', NULL, NULL, '2015-04-29 01:57:30', '2015-04-30 05:49:56', '2b223ffa-af8b-431b-a5eb-2b7830e9943f');
INSERT INTO `entrytypes` (`id`, `sectionId`, `fieldLayoutId`, `name`, `handle`, `hasTitleField`, `titleLabel`, `titleFormat`, `sortOrder`, `dateCreated`, `dateUpdated`, `uid`) VALUES ('5', '5', '8', 'About', 'about', '0', NULL, '{section.name|raw}', NULL, '2015-04-29 01:58:37', '2015-04-29 01:58:37', '27f3246e-d7f0-4465-863e-a2264840b4f9');



DROP TABLE IF EXISTS `entryversions`;


--
-- Schema for table `entryversions`
--
CREATE TABLE `entryversions` (
  `id` int(11) NOT NULL AUTO_INCREMENT,
  `entryId` int(11) NOT NULL,
  `sectionId` int(11) NOT NULL,
  `creatorId` int(11) DEFAULT NULL,
  `locale` char(12) COLLATE utf8_unicode_ci NOT NULL,
  `num` smallint(6) unsigned NOT NULL,
  `notes` tinytext COLLATE utf8_unicode_ci,
  `data` mediumtext COLLATE utf8_unicode_ci NOT NULL,
  `dateCreated` datetime NOT NULL,
  `dateUpdated` datetime NOT NULL,
  `uid` char(36) COLLATE utf8_unicode_ci NOT NULL DEFAULT '0',
  PRIMARY KEY (`id`),
  KEY `entryversions_entryId_locale_idx` (`entryId`,`locale`),
  KEY `entryversions_sectionId_fk` (`sectionId`),
  KEY `entryversions_creatorId_fk` (`creatorId`),
  KEY `entryversions_locale_fk` (`locale`)
) ENGINE=InnoDB AUTO_INCREMENT=37 DEFAULT CHARSET=utf8 COLLATE=utf8_unicode_ci;

--
-- Data for table `entryversions`
--

INSERT INTO `entryversions` (`id`, `entryId`, `sectionId`, `creatorId`, `locale`, `num`, `notes`, `data`, `dateCreated`, `dateUpdated`, `uid`) VALUES ('1', '6', '3', '1', 'en_us', '1', '', '{\"typeId\":null,\"authorId\":\"1\",\"title\":\"Real-Time Fengshui\",\"slug\":\"real-time-fengshui\",\"postDate\":1430281066,\"expiryDate\":null,\"enabled\":1,\"fields\":{\"10\":\"\",\"11\":\"\",\"12\":\"UX, 2D & 3D Visual Design, Development\",\"3\":\"Fengshui, also known as Geomantic Omen, literally translated to \\u201dwind and water\\u201d in Chinese. Fengshui has some primary disciplines in terms of aesthetics, psychology, and environmental science.\",\"9\":[\"aftereffects\",\"flash\",\"photoshop\",\"blender\",\"css3\",\"html5\",\"javascript\"],\"4\":\"2014\"}}', '2015-04-29 04:17:46', '2015-04-29 04:17:46', '30c7e399-bd64-4721-98db-1e541147969a');
INSERT INTO `entryversions` (`id`, `entryId`, `sectionId`, `creatorId`, `locale`, `num`, `notes`, `data`, `dateCreated`, `dateUpdated`, `uid`) VALUES ('2', '6', '3', '1', 'en_us', '2', '', '{\"typeId\":\"3\",\"authorId\":\"1\",\"title\":\"Real-Time Fengshui\",\"slug\":\"real-time-fengshui\",\"postDate\":1430281020,\"expiryDate\":null,\"enabled\":1,\"fields\":{\"10\":\"\",\"11\":\"\",\"12\":\"UX, 2D & 3D Visual Design, Development\",\"3\":\"Fengshui, also known as Geomantic Omen, literally translated to \\u201dwind and water\\u201d in Chinese. Fengshui has some primary disciplines in terms of aesthetics, psychology, and environmental science.\",\"9\":[\"aftereffects\",\"flash\",\"photoshop\",\"blender\",\"css3\",\"html5\",\"javascript\",\"sketch\",\"webgl\"],\"4\":\"2014\"}}', '2015-04-29 04:18:57', '2015-04-29 04:18:57', 'e8068a81-321a-4297-a96e-b4c2ca1e3238');
INSERT INTO `entryversions` (`id`, `entryId`, `sectionId`, `creatorId`, `locale`, `num`, `notes`, `data`, `dateCreated`, `dateUpdated`, `uid`) VALUES ('3', '6', '3', '1', 'en_us', '3', '', '{\"typeId\":\"3\",\"authorId\":\"1\",\"title\":\"Real-Time Fengshui\",\"slug\":\"real-time-fengshui\",\"postDate\":1430281020,\"expiryDate\":null,\"enabled\":1,\"fields\":{\"10\":\"\",\"11\":\"\",\"13\":[\"7\"],\"12\":\"UX, 2D & 3D Visual Design, Development\",\"3\":\"Fengshui, also known as Geomantic Omen, literally translated to \\u201dwind and water\\u201d in Chinese. Fengshui has some primary disciplines in terms of aesthetics, psychology, and environmental science.\",\"9\":[\"aftereffects\",\"flash\",\"photoshop\",\"blender\",\"css3\",\"html5\",\"javascript\",\"sketch\",\"webgl\"],\"4\":\"2014\"}}', '2015-04-29 15:42:22', '2015-04-29 15:42:22', '7b15c903-c34f-457c-b901-28591bbe3019');
INSERT INTO `entryversions` (`id`, `entryId`, `sectionId`, `creatorId`, `locale`, `num`, `notes`, `data`, `dateCreated`, `dateUpdated`, `uid`) VALUES ('4', '6', '3', '1', 'en_us', '4', '', '{\"typeId\":\"3\",\"authorId\":\"1\",\"title\":\"Real-Time Fengshui\",\"slug\":\"real-time-fengshui\",\"postDate\":1430281020,\"expiryDate\":null,\"enabled\":1,\"fields\":{\"10\":\"\",\"11\":\"\",\"13\":[\"8\"],\"12\":\"UX, 2D & 3D Visual Design, Development\",\"3\":\"Fengshui, also known as Geomantic Omen, literally translated to \\u201dwind and water\\u201d in Chinese. Fengshui has some primary disciplines in terms of aesthetics, psychology, and environmental science.\",\"9\":[\"aftereffects\",\"flash\",\"photoshop\",\"blender\",\"css3\",\"html5\",\"javascript\",\"sketch\",\"webgl\"],\"4\":\"2014\"}}', '2015-04-29 15:42:51', '2015-04-29 15:42:51', '01a011a9-de5a-4e64-96c7-142acd7a863f');
INSERT INTO `entryversions` (`id`, `entryId`, `sectionId`, `creatorId`, `locale`, `num`, `notes`, `data`, `dateCreated`, `dateUpdated`, `uid`) VALUES ('5', '6', '3', '1', 'en_us', '5', '', '{\"typeId\":\"6\",\"authorId\":\"1\",\"title\":\"Summary\",\"slug\":\"real-time-fengshui\",\"postDate\":1430281020,\"expiryDate\":null,\"enabled\":1,\"fields\":[]}', '2015-04-29 15:53:08', '2015-04-29 15:53:08', 'e3b81bd7-7462-46ae-ad15-e346de9ecbba');
INSERT INTO `entryversions` (`id`, `entryId`, `sectionId`, `creatorId`, `locale`, `num`, `notes`, `data`, `dateCreated`, `dateUpdated`, `uid`) VALUES ('6', '6', '3', '1', 'en_us', '6', '', '{\"typeId\":\"3\",\"authorId\":\"1\",\"title\":\"Real-Time Fengshui\",\"slug\":\"real-time-fengshui\",\"postDate\":1430281020,\"expiryDate\":null,\"enabled\":1,\"fields\":{\"10\":\"\",\"11\":\"\",\"13\":[\"8\"],\"12\":\"UX, 2D & 3D Visual Design, Development\",\"3\":\"Fengshui, also known as Geomantic Omen, literally translated to \\u201dwind and water\\u201d in Chinese. Fengshui has some primary disciplines in terms of aesthetics, psychology, and environmental science.\",\"9\":[\"aftereffects\",\"flash\",\"photoshop\",\"blender\",\"css3\",\"html5\",\"javascript\",\"sketch\",\"webgl\"],\"4\":\"2014\"}}', '2015-04-29 15:53:30', '2015-04-29 15:53:30', '373250eb-f64d-4384-af7a-841fcfca7c26');
INSERT INTO `entryversions` (`id`, `entryId`, `sectionId`, `creatorId`, `locale`, `num`, `notes`, `data`, `dateCreated`, `dateUpdated`, `uid`) VALUES ('7', '9', '3', '1', 'en_us', '1', '', '{\"typeId\":null,\"authorId\":\"1\",\"title\":\"Sleep Well Concept\",\"slug\":\"sleep-well-concept\",\"postDate\":1430325627,\"expiryDate\":null,\"enabled\":1,\"fields\":{\"10\":\"\",\"11\":\"\",\"13\":[\"8\"],\"12\":\"UX, Wireframe, Visual Design\",\"3\":\"This is the project description.\",\"9\":[\"photoshop\",\"justinmind\",\"sketch\"],\"4\":\"2014\"}}', '2015-04-29 16:40:27', '2015-04-29 16:40:27', 'd902a7e2-386b-4e12-b394-f41f35cd2d8c');
INSERT INTO `entryversions` (`id`, `entryId`, `sectionId`, `creatorId`, `locale`, `num`, `notes`, `data`, `dateCreated`, `dateUpdated`, `uid`) VALUES ('8', '6', '3', '1', 'en_us', '7', '', '{\"typeId\":\"3\",\"authorId\":\"1\",\"title\":\"Real-Time Fengshui\",\"slug\":\"real-time-fengshui\",\"postDate\":1430281020,\"expiryDate\":null,\"enabled\":1,\"fields\":{\"10\":\"\",\"11\":\"\",\"13\":[\"7\"],\"12\":\"UX, 2D & 3D Visual Design, Development\",\"3\":\"Fengshui, also known as Geomantic Omen, literally translated to \\u201dwind and water\\u201d in Chinese. Fengshui has some primary disciplines in terms of aesthetics, psychology, and environmental science.\",\"9\":[\"aftereffects\",\"flash\",\"photoshop\",\"blender\",\"css3\",\"html5\",\"javascript\",\"sketch\",\"webgl\"],\"4\":\"2014\"}}', '2015-04-29 16:41:09', '2015-04-29 16:41:09', '59185b97-98c2-4c15-ae21-5c944b4f7ae4');
INSERT INTO `entryversions` (`id`, `entryId`, `sectionId`, `creatorId`, `locale`, `num`, `notes`, `data`, `dateCreated`, `dateUpdated`, `uid`) VALUES ('9', '10', '3', '1', 'en_us', '1', '', '{\"typeId\":null,\"authorId\":\"1\",\"title\":\"LivePerson Official Site\",\"slug\":\"liveperson-official-site\",\"postDate\":1430364618,\"expiryDate\":null,\"enabled\":1,\"fields\":{\"10\":\"LivePerson\",\"11\":\"http:\\/\\/www.liveperson.com\\/\",\"13\":[\"7\"],\"12\":\"Visual Design\",\"3\":\"The official website design for LivePerson.\",\"9\":[\"photoshop\"],\"4\":\"2015\"}}', '2015-04-30 03:30:18', '2015-04-30 03:30:18', 'a0c9430a-5994-4c29-a587-1a32f88c68db');
INSERT INTO `entryversions` (`id`, `entryId`, `sectionId`, `creatorId`, `locale`, `num`, `notes`, `data`, `dateCreated`, `dateUpdated`, `uid`) VALUES ('10', '6', '3', '1', 'en_us', '8', '', '{\"typeId\":\"3\",\"authorId\":\"1\",\"title\":\"Real-Time Fengshui\",\"slug\":\"real-time-fengshui\",\"postDate\":1430281020,\"expiryDate\":null,\"enabled\":1,\"fields\":{\"10\":\"\",\"11\":\"\",\"17\":\"\",\"18\":\"\",\"16\":\"\",\"13\":[\"7\"],\"12\":\"UX, 2D & 3D Visual Design, Development\",\"3\":\"Fengshui, also known as Geomantic Omen, literally translated to \\u201dwind and water\\u201d in Chinese. Fengshui has some primary disciplines in terms of aesthetics, psychology, and environmental science.\",\"9\":[\"aftereffects\",\"flash\",\"photoshop\",\"blender\",\"css3\",\"html5\",\"javascript\",\"sketch\",\"webgl\"],\"4\":\"2014\"}}', '2015-04-30 03:49:35', '2015-04-30 03:49:35', '9038e929-2d99-419f-a63a-c6d87bcd4c81');
INSERT INTO `entryversions` (`id`, `entryId`, `sectionId`, `creatorId`, `locale`, `num`, `notes`, `data`, `dateCreated`, `dateUpdated`, `uid`) VALUES ('11', '10', '3', '1', 'en_us', '2', '', '{\"typeId\":\"3\",\"authorId\":\"1\",\"title\":\"LivePerson Official Site\",\"slug\":\"liveperson-official-site\",\"postDate\":1430364600,\"expiryDate\":null,\"enabled\":1,\"fields\":{\"20\":\"<p>This is a cool website.<\\/p>\",\"19\":\"Project Brief\",\"10\":\"LivePerson\",\"11\":\"http:\\/\\/www.liveperson.com\\/\",\"22\":\"<p>I\'ve learned a lot.<\\/p>\",\"21\":\"What I\'ve Learned\",\"17\":\"\",\"18\":\"\",\"16\":\"\",\"13\":[\"7\"],\"12\":\"Visual Design\",\"3\":\"The official website design for LivePerson.\",\"9\":[\"photoshop\"],\"4\":\"2015\"}}', '2015-04-30 04:55:01', '2015-04-30 04:55:01', '13fe07e7-26ba-4021-8e7c-e06f455e2267');
INSERT INTO `entryversions` (`id`, `entryId`, `sectionId`, `creatorId`, `locale`, `num`, `notes`, `data`, `dateCreated`, `dateUpdated`, `uid`) VALUES ('12', '9', '3', '1', 'en_us', '2', '', '{\"typeId\":\"3\",\"authorId\":\"1\",\"title\":\"Sleep Well Concept\",\"slug\":\"sleep-well-concept\",\"postDate\":1430325600,\"expiryDate\":null,\"enabled\":1,\"fields\":{\"20\":\"<p>This is a cool project.<\\/p>\",\"19\":\"Project Brief\",\"10\":\"\",\"11\":\"\",\"22\":\"<p>I\'ve learned a lot.<\\/p>\",\"21\":\"What I\'ve Learned\",\"17\":\"\",\"18\":\"\",\"16\":\"\",\"13\":[\"8\"],\"12\":\"UX, Wireframe, Visual Design\",\"3\":\"This is the project description.\",\"9\":[\"photoshop\",\"justinmind\",\"sketch\"],\"4\":\"2014\"}}', '2015-04-30 04:55:33', '2015-04-30 04:55:33', 'f3db1cff-c1c1-41fe-b8c5-a93486ddd64d');
INSERT INTO `entryversions` (`id`, `entryId`, `sectionId`, `creatorId`, `locale`, `num`, `notes`, `data`, `dateCreated`, `dateUpdated`, `uid`) VALUES ('13', '6', '3', '1', 'en_us', '9', '', '{\"typeId\":\"3\",\"authorId\":\"1\",\"title\":\"Real-Time Fengshui\",\"slug\":\"real-time-fengshui\",\"postDate\":1430281020,\"expiryDate\":null,\"enabled\":1,\"fields\":{\"20\":\"<p>This is a cool project.<\\/p>\",\"19\":\"Project Brief\",\"10\":\"\",\"11\":\"\",\"22\":\"<p>I\'ve learned a lot.<\\/p>\",\"21\":\"What I\'ve Learned\",\"17\":\"\",\"18\":\"\",\"16\":\"\",\"13\":[\"7\"],\"12\":\"UX, 2D & 3D Visual Design, Development\",\"3\":\"Fengshui, also known as Geomantic Omen, literally translated to \\u201dwind and water\\u201d in Chinese. Fengshui has some primary disciplines in terms of aesthetics, psychology, and environmental science.\",\"9\":[\"aftereffects\",\"flash\",\"photoshop\",\"blender\",\"css3\",\"html5\",\"javascript\",\"sketch\",\"webgl\"],\"4\":\"2014\"}}', '2015-04-30 04:56:07', '2015-04-30 04:56:07', '1668b39c-f9c3-42ab-912f-0d1da9f76564');
INSERT INTO `entryversions` (`id`, `entryId`, `sectionId`, `creatorId`, `locale`, `num`, `notes`, `data`, `dateCreated`, `dateUpdated`, `uid`) VALUES ('14', '12', '3', '1', 'en_us', '1', '', '{\"typeId\":null,\"authorId\":\"1\",\"title\":\"Composer Hsin-Lei Chen Portfolio\",\"slug\":\"hsin-lei\",\"postDate\":1430877900,\"expiryDate\":null,\"enabled\":1,\"fields\":{\"24\":\"<p>This is the project analysis text.<\\/p>\",\"39\":\"\",\"23\":\"Project Analysis\",\"20\":\"<p>This is the project brief text.<\\/p>\",\"19\":\"Project Brief\",\"10\":\"Hsin-Lei Chen\",\"11\":\"http:\\/\\/hsinlei.com\",\"25\":{\"new1\":{\"type\":\"mediaFeature\",\"enabled\":\"1\",\"fields\":{\"heading\":\"This is Feature 1\",\"body\":\"<p>This is feature 1 text.<\\/p>\",\"media\":[\"11\"],\"layout\":\"fluid\"}}},\"22\":\"<p>I have learned a lot of things.<\\/p>\",\"21\":\"What I\'ve Learned\",\"43\":\"\",\"17\":\"This is the OG description.\",\"18\":\"\",\"16\":\"Composer Hsin-Lei Chen Portfolio\",\"13\":[\"7\"],\"42\":\"\",\"44\":\"\",\"12\":\"Visual Design\",\"3\":\"The portfolio website of composer Hsin-Lei Chen.\",\"9\":[\"flash\",\"css3\",\"html5\",\"javascript\",\"sketch\",\"webgl\"],\"4\":\"2015\"}}', '2015-05-06 02:06:59', '2015-05-06 02:06:59', 'f01b9bc5-513e-42f0-b791-3a4d3b38bf48');
INSERT INTO `entryversions` (`id`, `entryId`, `sectionId`, `creatorId`, `locale`, `num`, `notes`, `data`, `dateCreated`, `dateUpdated`, `uid`) VALUES ('15', '12', '3', '1', 'en_us', '2', '', '{\"typeId\":\"3\",\"authorId\":\"1\",\"title\":\"Composer Hsin-Lei Chen Portfolio\",\"slug\":\"hsin-lei\",\"postDate\":1430877900,\"expiryDate\":null,\"enabled\":1,\"fields\":{\"24\":\"<p>This is the project analysis text.<\\/p>\",\"39\":\"\",\"23\":\"Project Analysis\",\"20\":\"<p>This is the project brief text.<\\/p>\",\"19\":\"Project Brief\",\"10\":\"Hsin-Lei Chen\",\"11\":\"http:\\/\\/hsinlei.com\",\"25\":{\"13\":{\"type\":\"mediaFeature\",\"enabled\":\"1\",\"fields\":{\"heading\":\"This is Feature 1\",\"body\":\"<p>This is feature 1 text.<\\/p>\",\"media\":[\"15\"],\"layout\":\"fluid\"}}},\"22\":\"<p>I have learned a lot of things.<\\/p>\",\"21\":\"What I\'ve Learned\",\"43\":[\"18\"],\"17\":\"This is the OG description.\",\"18\":\"\",\"16\":\"Composer Hsin-Lei Chen Portfolio\",\"13\":[\"7\"],\"42\":[\"17\"],\"44\":[\"16\"],\"12\":\"Visual Design\",\"3\":\"The portfolio website of composer Hsin-Lei Chen.\",\"9\":[\"flash\",\"css3\",\"html5\",\"javascript\",\"sketch\",\"webgl\"],\"4\":\"2015\"}}', '2015-05-06 02:27:39', '2015-05-06 02:27:39', '57ab5822-46c9-4d9d-a9a6-3e39449ea949');
INSERT INTO `entryversions` (`id`, `entryId`, `sectionId`, `creatorId`, `locale`, `num`, `notes`, `data`, `dateCreated`, `dateUpdated`, `uid`) VALUES ('16', '10', '3', '1', 'en_us', '3', '', '{\"typeId\":\"3\",\"authorId\":\"1\",\"title\":\"LivePerson Official Site\",\"slug\":\"liveperson-official-site\",\"postDate\":1430364600,\"expiryDate\":null,\"enabled\":1,\"fields\":{\"24\":\"\",\"39\":\"\",\"23\":\"\",\"20\":\"<p>This is a cool website.<\\/p>\",\"19\":\"Project Brief\",\"10\":\"LivePerson\",\"11\":\"http:\\/\\/www.liveperson.com\\/\",\"25\":{\"new1\":{\"type\":\"mediaFeature\",\"enabled\":\"1\",\"fields\":{\"heading\":\"Feature 1\",\"body\":\"<p>This is the feature texts.<\\/p>\",\"media\":[\"15\"],\"layout\":\"fluid\"}}},\"22\":\"<p>I\'ve learned a lot.<\\/p>\",\"21\":\"What I\'ve Learned\",\"43\":[\"18\"],\"17\":\"\",\"18\":\"\",\"16\":\"\",\"13\":[\"7\"],\"42\":[\"17\"],\"44\":[\"16\"],\"12\":\"Visual Design\",\"3\":\"The official website design for LivePerson.\",\"9\":[\"photoshop\"],\"4\":\"2015\"}}', '2015-05-06 02:29:06', '2015-05-06 02:29:06', '6eb7967c-3c08-40a7-8964-23d54850b8e5');
INSERT INTO `entryversions` (`id`, `entryId`, `sectionId`, `creatorId`, `locale`, `num`, `notes`, `data`, `dateCreated`, `dateUpdated`, `uid`) VALUES ('17', '9', '3', '1', 'en_us', '3', '', '{\"typeId\":\"3\",\"authorId\":\"1\",\"title\":\"Sleep Well Concept\",\"slug\":\"sleep-well-concept\",\"postDate\":1430325600,\"expiryDate\":null,\"enabled\":1,\"fields\":{\"24\":\"\",\"39\":\"\",\"23\":\"\",\"20\":\"<p>This is a cool project.<\\/p>\",\"19\":\"Project Brief\",\"10\":\"\",\"11\":\"\",\"25\":{\"new1\":{\"type\":\"mediaFeature\",\"enabled\":\"1\",\"fields\":{\"heading\":\"Feature1\",\"body\":\"<p>This is feature1 texts.<\\/p>\",\"media\":[\"15\"],\"layout\":\"fluid\"}}},\"22\":\"<p>I\'ve learned a lot.<\\/p>\",\"21\":\"What I\'ve Learned\",\"43\":[\"18\"],\"17\":\"\",\"18\":\"\",\"16\":\"\",\"13\":[\"8\"],\"42\":[\"17\"],\"44\":[\"16\"],\"12\":\"UX, Wireframe, Visual Design\",\"3\":\"This is the project description.\",\"9\":[\"photoshop\",\"justinmind\",\"sketch\"],\"4\":\"2014\"}}', '2015-05-06 02:30:50', '2015-05-06 02:30:50', 'dee54ffd-2bc6-466a-a873-bcf2b41ac2a7');
INSERT INTO `entryversions` (`id`, `entryId`, `sectionId`, `creatorId`, `locale`, `num`, `notes`, `data`, `dateCreated`, `dateUpdated`, `uid`) VALUES ('18', '6', '3', '1', 'en_us', '10', '', '{\"typeId\":\"3\",\"authorId\":\"1\",\"title\":\"Real-Time Fengshui\",\"slug\":\"real-time-fengshui\",\"postDate\":1430281020,\"expiryDate\":null,\"enabled\":1,\"fields\":{\"24\":\"\",\"39\":\"\",\"23\":\"\",\"20\":\"<p>This is a cool project.<\\/p>\",\"19\":\"Project Brief\",\"10\":\"\",\"11\":\"\",\"25\":{\"new1\":{\"type\":\"mediaFeature\",\"enabled\":\"1\",\"fields\":{\"heading\":\"Feature 1\",\"body\":\"<p><span><\\/span>This is feature 1 texts.<\\/p>\",\"media\":[\"15\"],\"layout\":\"fluid\"}}},\"22\":\"<p>I\'ve learned a lot.<\\/p>\",\"21\":\"What I\'ve Learned\",\"43\":[\"18\"],\"17\":\"\",\"18\":\"\",\"16\":\"\",\"13\":[\"7\"],\"42\":[\"17\"],\"44\":[\"16\"],\"12\":\"UX, 2D & 3D Visual Design, Development\",\"3\":\"Fengshui, also known as Geomantic Omen, literally translated to \\u201dwind and water\\u201d in Chinese. Fengshui has some primary disciplines in terms of aesthetics, psychology, and environmental science.\",\"9\":[\"aftereffects\",\"flash\",\"photoshop\",\"blender\",\"css3\",\"html5\",\"javascript\",\"sketch\",\"webgl\"],\"4\":\"2014\"}}', '2015-05-06 02:31:29', '2015-05-06 02:31:29', '1fa0bcce-306b-427e-84b9-27b4f1decffc');
INSERT INTO `entryversions` (`id`, `entryId`, `sectionId`, `creatorId`, `locale`, `num`, `notes`, `data`, `dateCreated`, `dateUpdated`, `uid`) VALUES ('19', '10', '3', '1', 'en_us', '4', '', '{\"typeId\":\"3\",\"authorId\":\"1\",\"title\":\"LivePerson Official Site\",\"slug\":\"liveperson-website\",\"postDate\":1430364600,\"expiryDate\":null,\"enabled\":1,\"fields\":{\"24\":\"\",\"39\":\"\",\"23\":\"\",\"20\":\"<p>This is a cool website.<\\/p>\",\"19\":\"Project Brief\",\"10\":\"LivePerson\",\"11\":\"http:\\/\\/www.liveperson.com\\/\",\"25\":{\"19\":{\"type\":\"mediaFeature\",\"enabled\":\"1\",\"fields\":{\"heading\":\"Feature 1\",\"body\":\"<p>This is the feature texts.<\\/p>\",\"media\":[\"15\"],\"layout\":\"fluid\"}}},\"22\":\"<p>I\'ve learned a lot.<\\/p>\",\"21\":\"What I\'ve Learned\",\"43\":[\"18\"],\"17\":\"\",\"18\":\"\",\"16\":\"\",\"13\":[\"7\"],\"42\":[\"17\"],\"44\":[\"16\"],\"12\":\"Visual Design\",\"3\":\"The official website design for LivePerson.\",\"9\":[\"photoshop\"],\"4\":\"2015\"}}', '2015-05-06 02:31:55', '2015-05-06 02:31:55', '7f9ef10f-a3cd-4a65-b796-bf84abae3837');
INSERT INTO `entryversions` (`id`, `entryId`, `sectionId`, `creatorId`, `locale`, `num`, `notes`, `data`, `dateCreated`, `dateUpdated`, `uid`) VALUES ('20', '9', '3', '1', 'en_us', '4', '', '{\"typeId\":\"3\",\"authorId\":\"1\",\"title\":\"Sleep Well Concept\",\"slug\":\"sleep-well\",\"postDate\":1430325600,\"expiryDate\":null,\"enabled\":1,\"fields\":{\"24\":\"\",\"39\":\"\",\"23\":\"\",\"20\":\"<p>This is a cool project.<\\/p>\",\"19\":\"Project Brief\",\"10\":\"\",\"11\":\"\",\"25\":{\"20\":{\"type\":\"mediaFeature\",\"enabled\":\"1\",\"fields\":{\"heading\":\"Feature1\",\"body\":\"<p>This is feature1 texts.<\\/p>\",\"media\":[\"15\"],\"layout\":\"fluid\"}}},\"22\":\"<p>I\'ve learned a lot.<\\/p>\",\"21\":\"What I\'ve Learned\",\"43\":[\"18\"],\"17\":\"\",\"18\":\"\",\"16\":\"\",\"13\":[\"8\"],\"42\":[\"17\"],\"44\":[\"16\"],\"12\":\"UX, Wireframe, Visual Design\",\"3\":\"This is the project description.\",\"9\":[\"photoshop\",\"justinmind\",\"sketch\"],\"4\":\"2014\"}}', '2015-05-06 02:32:04', '2015-05-06 02:32:04', '465b0a22-a11a-4ca0-8458-1c47f957be2a');
INSERT INTO `entryversions` (`id`, `entryId`, `sectionId`, `creatorId`, `locale`, `num`, `notes`, `data`, `dateCreated`, `dateUpdated`, `uid`) VALUES ('21', '22', '3', '1', 'en_us', '1', '', '{\"typeId\":null,\"authorId\":\"1\",\"title\":\"Beverage Trail\",\"slug\":\"beverage-trail\",\"postDate\":1430880000,\"expiryDate\":null,\"enabled\":1,\"fields\":{\"24\":\"<p>This is the analysis texts.<\\/p>\",\"39\":\"\",\"23\":\"Project Analysis\",\"20\":\"<p>This is the project brief texts.<\\/p>\",\"19\":\"Project Brief\",\"10\":\"Beverage Trail\",\"11\":\"\",\"25\":{\"new1\":{\"type\":\"mediaFeature\",\"enabled\":\"1\",\"fields\":{\"heading\":\"Feature 1\",\"body\":\"<p>This is feature 1 texts.<\\/p>\",\"media\":[\"15\"],\"layout\":\"fluid\"}}},\"22\":\"<p>This is what I\'ve learned.<\\/p>\",\"21\":\"What I\'ve Learned\",\"43\":[\"18\"],\"17\":\"\",\"18\":\"\",\"16\":\"\",\"13\":[\"8\"],\"42\":[\"17\"],\"44\":[\"16\"],\"12\":\"UX Design, Visual Design, Development\",\"3\":\"This is the project description.\",\"9\":[\"photoshop\",\"css3\",\"html5\",\"javascript\"],\"4\":\"2013\"}}', '2015-05-06 02:40:58', '2015-05-06 02:40:58', '521f8d7e-2f0c-431b-b4c6-585230df2529');
INSERT INTO `entryversions` (`id`, `entryId`, `sectionId`, `creatorId`, `locale`, `num`, `notes`, `data`, `dateCreated`, `dateUpdated`, `uid`) VALUES ('22', '24', '3', '1', 'en_us', '1', '', '{\"typeId\":null,\"authorId\":\"1\",\"title\":\"Party Planner\",\"slug\":\"party-planner\",\"postDate\":1430880203,\"expiryDate\":null,\"enabled\":1,\"fields\":{\"24\":\"<p>This is the project analysis texts.<\\/p>\",\"39\":\"\",\"23\":\"Project Analysis\",\"20\":\"<p>This is the project brief texts.<\\/p>\",\"19\":\"Project Brief\",\"10\":\"\",\"11\":\"\",\"25\":{\"new1\":{\"type\":\"mediaFeature\",\"enabled\":\"1\",\"fields\":{\"heading\":\"Feature 1\",\"body\":\"<p>This is feature 1 texts.<\\/p>\",\"media\":[\"15\"],\"layout\":\"fluid\"}}},\"22\":\"<p>This is what I\'ve learned.<\\/p>\",\"21\":\"What I\'ve Learned\",\"43\":[\"18\"],\"17\":\"\",\"18\":\"\",\"16\":\"\",\"13\":[\"7\"],\"42\":[\"17\"],\"44\":[\"16\"],\"12\":\"UX Design, Wireframe\",\"3\":\"This is the project description.\",\"9\":[\"justinmind\"],\"4\":\"2014\"}}', '2015-05-06 02:43:23', '2015-05-06 02:43:23', '159513a9-5d96-4ac6-866b-82bee4b71121');
INSERT INTO `entryversions` (`id`, `entryId`, `sectionId`, `creatorId`, `locale`, `num`, `notes`, `data`, `dateCreated`, `dateUpdated`, `uid`) VALUES ('23', '26', '3', '1', 'en_us', '1', '', '{\"typeId\":null,\"authorId\":\"1\",\"title\":\"Kanjy Website\",\"slug\":\"kanjy-website\",\"postDate\":1430880600,\"expiryDate\":null,\"enabled\":1,\"fields\":{\"24\":\"<p>This is the project analysis texts.<\\/p>\",\"39\":\"\",\"23\":\"Project Analysis\",\"20\":\"<p>This is the project brief texts.<\\/p>\",\"19\":\"Project Brief\",\"10\":\"Kanjy\",\"11\":\"\",\"25\":{\"new1\":{\"type\":\"mediaFeature\",\"enabled\":\"1\",\"fields\":{\"heading\":\"Feature 1\",\"body\":\"<p>This is feature 1 texts.<\\/p>\",\"media\":[\"15\"],\"layout\":\"fluid\"}}},\"22\":\"<p>This is what I\'ve learned.<\\/p>\",\"21\":\"What I\'ve Learned\",\"43\":[\"18\"],\"17\":\"\",\"18\":\"\",\"16\":\"\",\"13\":[\"7\"],\"42\":[\"17\"],\"44\":[\"16\"],\"12\":\"UX Design, Wireframe, Prototype\",\"3\":\"This is the project description.\",\"9\":[\"Adobe InDesign\",\"photoshop\",\"justinmind\"],\"4\":\"2013\"}}', '2015-05-06 02:50:43', '2015-05-06 02:50:43', 'ea51f350-1920-479f-b0b8-61867f2521ac');
INSERT INTO `entryversions` (`id`, `entryId`, `sectionId`, `creatorId`, `locale`, `num`, `notes`, `data`, `dateCreated`, `dateUpdated`, `uid`) VALUES ('24', '28', '3', '1', 'en_us', '1', '', '{\"typeId\":null,\"authorId\":\"1\",\"title\":\"Falcon\",\"slug\":\"falcon\",\"postDate\":1430882089,\"expiryDate\":null,\"enabled\":1,\"fields\":{\"24\":\"<p>This is the project analysis texts.<\\/p>\",\"39\":\"\",\"23\":\"Project Analysis\",\"20\":\"<p>This is the project brief texts.<\\/p>\",\"19\":\"Project Brief\",\"10\":\"Falcon\",\"11\":\"\",\"25\":{\"new1\":{\"type\":\"mediaFeature\",\"enabled\":\"1\",\"fields\":{\"heading\":\"Feature 1\",\"body\":\"<p>This is project feature 1 texts.<\\/p>\",\"media\":[\"15\"],\"layout\":\"fluid\"}}},\"22\":\"<p>This is what I\'ve learned.<\\/p>\",\"21\":\"What I\'ve Learned\",\"43\":[\"18\"],\"17\":\"\",\"18\":\"\",\"16\":\"\",\"13\":[\"7\"],\"42\":[\"17\"],\"44\":[\"16\"],\"12\":\"Visual Design\",\"3\":\"This is the project description.\",\"9\":[\"photoshop\"],\"4\":\"2012\"}}', '2015-05-06 03:14:49', '2015-05-06 03:14:49', 'ef586b8c-36e5-48b1-98e0-683b6dccdf1f');
INSERT INTO `entryversions` (`id`, `entryId`, `sectionId`, `creatorId`, `locale`, `num`, `notes`, `data`, `dateCreated`, `dateUpdated`, `uid`) VALUES ('25', '30', '3', '1', 'en_us', '1', '', '{\"typeId\":null,\"authorId\":\"1\",\"title\":\"DressSmart\",\"slug\":\"dresssmart\",\"postDate\":1430882219,\"expiryDate\":null,\"enabled\":1,\"fields\":{\"24\":\"<p>This is the project analysis texts.<\\/p>\",\"39\":\"\",\"23\":\"Project Analysis\",\"20\":\"<p>This is the project brief texts.<\\/p>\",\"19\":\"Project Brief\",\"10\":\"\",\"11\":\"\",\"25\":{\"new1\":{\"type\":\"mediaFeature\",\"enabled\":\"1\",\"fields\":{\"heading\":\"Feature 1\",\"body\":\"<p>This is feature 1 texts.<\\/p>\",\"media\":[\"15\"],\"layout\":\"fluid\"}}},\"22\":\"<p>This is what I\'ve learned.<\\/p>\",\"21\":\"What I\'ve Learned\",\"43\":[\"18\"],\"17\":\"\",\"18\":\"\",\"16\":\"\",\"13\":[\"7\"],\"42\":[\"17\"],\"44\":[\"16\"],\"12\":\"UX Design, Visual Design, Prototype\",\"3\":\"This is the project description.\",\"9\":[\"Adobe InDesign\",\"justinmind\"],\"4\":\"2011\"}}', '2015-05-06 03:16:59', '2015-05-06 03:16:59', '032ae020-d897-434f-951e-160604fb1fb3');
INSERT INTO `entryversions` (`id`, `entryId`, `sectionId`, `creatorId`, `locale`, `num`, `notes`, `data`, `dateCreated`, `dateUpdated`, `uid`) VALUES ('26', '10', '3', '1', 'en_us', '5', '', '{\"typeId\":\"3\",\"authorId\":\"1\",\"title\":\"LivePerson.com\",\"slug\":\"liveperson-website\",\"postDate\":1430364600,\"expiryDate\":null,\"enabled\":1,\"fields\":{\"24\":\"\",\"39\":\"\",\"23\":\"\",\"20\":\"<p>This is a cool website.<\\/p>\",\"19\":\"Project Brief\",\"10\":\"LivePerson\",\"11\":\"http:\\/\\/www.liveperson.com\\/\",\"25\":{\"19\":{\"type\":\"mediaFeature\",\"enabled\":\"1\",\"fields\":{\"heading\":\"Feature 1\",\"body\":\"<p>This is the feature texts.<\\/p>\",\"media\":[\"15\"],\"layout\":\"fluid\"}}},\"22\":\"<p>I\'ve learned a lot.<\\/p>\",\"21\":\"What I\'ve Learned\",\"43\":[\"18\"],\"17\":\"\",\"18\":\"\",\"16\":\"\",\"13\":[\"7\"],\"42\":[\"17\"],\"44\":[\"16\"],\"12\":\"Visual Design\",\"3\":\"The official website design for LivePerson.\",\"9\":[\"photoshop\"],\"4\":\"2015\"}}', '2015-05-06 03:17:27', '2015-05-06 03:17:27', '4e4eb1aa-f836-48a0-b99f-0f4d44f54169');
INSERT INTO `entryversions` (`id`, `entryId`, `sectionId`, `creatorId`, `locale`, `num`, `notes`, `data`, `dateCreated`, `dateUpdated`, `uid`) VALUES ('27', '10', '3', '1', 'en_us', '6', '', '{\"typeId\":\"3\",\"authorId\":\"1\",\"title\":\"LivePerson Website\",\"slug\":\"liveperson-website\",\"postDate\":1430364600,\"expiryDate\":null,\"enabled\":1,\"fields\":{\"24\":\"\",\"39\":\"\",\"23\":\"\",\"20\":\"<p>This is a cool website.<\\/p>\",\"19\":\"Project Brief\",\"10\":\"LivePerson\",\"11\":\"http:\\/\\/www.liveperson.com\\/\",\"25\":{\"19\":{\"type\":\"mediaFeature\",\"enabled\":\"1\",\"fields\":{\"heading\":\"Feature 1\",\"body\":\"<p>This is the feature texts.<\\/p>\",\"media\":[\"15\"],\"layout\":\"fluid\"}}},\"22\":\"<p>I\'ve learned a lot.<\\/p>\",\"21\":\"What I\'ve Learned\",\"43\":[\"18\"],\"17\":\"\",\"18\":\"\",\"16\":\"\",\"13\":[\"7\"],\"42\":[\"17\"],\"44\":[\"16\"],\"12\":\"Visual Design\",\"3\":\"The official website design for LivePerson.\",\"9\":[\"photoshop\"],\"4\":\"2015\"}}', '2015-05-06 03:17:43', '2015-05-06 03:17:43', '2c180704-cd6f-4104-84a5-272c55ae6995');
INSERT INTO `entryversions` (`id`, `entryId`, `sectionId`, `creatorId`, `locale`, `num`, `notes`, `data`, `dateCreated`, `dateUpdated`, `uid`) VALUES ('28', '32', '3', '1', 'en_us', '1', '', '{\"typeId\":null,\"authorId\":\"1\",\"title\":\"Sandata\",\"slug\":\"sandata\",\"postDate\":1430882381,\"expiryDate\":null,\"enabled\":1,\"fields\":{\"24\":\"<p>This is the analysis texts.<\\/p>\",\"39\":\"\",\"23\":\"Project Analysis\",\"20\":\"<p>This is the project brief texts.<\\/p>\",\"19\":\"Project Brief\",\"10\":\"Sandata\",\"11\":\"\",\"25\":{\"new1\":{\"type\":\"mediaFeature\",\"enabled\":\"1\",\"fields\":{\"heading\":\"Feature 1\",\"body\":\"<p>This is feature1 texts.<\\/p>\",\"media\":[\"15\"],\"layout\":\"fluid\"}}},\"22\":\"<p>This is what I\'ve learned.<\\/p>\",\"21\":\"What I\'ve Learned\",\"43\":[\"18\"],\"17\":\"\",\"18\":\"\",\"16\":\"\",\"13\":[\"7\"],\"42\":[\"17\"],\"44\":[\"16\"],\"12\":\"Visual Design\",\"3\":\"This is the project description.\",\"9\":[\"photoshop\"],\"4\":\"2015\"}}', '2015-05-06 03:19:41', '2015-05-06 03:19:41', 'e21ff269-dc4c-4dde-9222-dbb89117d762');
INSERT INTO `entryversions` (`id`, `entryId`, `sectionId`, `creatorId`, `locale`, `num`, `notes`, `data`, `dateCreated`, `dateUpdated`, `uid`) VALUES ('29', '34', '3', '1', 'en_us', '1', '', '{\"typeId\":null,\"authorId\":\"1\",\"title\":\"Ideation Website\",\"slug\":\"ideation-website\",\"postDate\":1430882574,\"expiryDate\":null,\"enabled\":1,\"fields\":{\"24\":\"<p>This is project analysis texts.<\\/p>\",\"39\":\"\",\"23\":\"Project Analysis\",\"20\":\"<p>This is the project brief texts.<\\/p>\",\"19\":\"Project Brief\",\"10\":\"Ideation LLC\",\"11\":\"http:\\/\\/www.ideationnyc.com\\/\",\"25\":{\"new1\":{\"type\":\"mediaFeature\",\"enabled\":\"1\",\"fields\":{\"heading\":\"Feature 1\",\"body\":\"<p>This is feature 1 texts.<\\/p>\",\"media\":[\"15\"],\"layout\":\"fluid\"}}},\"22\":\"<p>This is what I\'ve learned.<\\/p>\",\"21\":\"What I\'ve Learned\",\"43\":[\"18\"],\"17\":\"\",\"18\":\"\",\"16\":\"\",\"13\":[\"7\"],\"42\":[\"17\"],\"44\":[\"16\"],\"12\":\"UX Design, Visual Design\",\"3\":\"This is the project description.\",\"9\":[\"photoshop\"],\"4\":\"2013\"}}', '2015-05-06 03:22:55', '2015-05-06 03:22:55', '674bc54a-ae90-4513-ad93-bdedcf8d0348');
INSERT INTO `entryversions` (`id`, `entryId`, `sectionId`, `creatorId`, `locale`, `num`, `notes`, `data`, `dateCreated`, `dateUpdated`, `uid`) VALUES ('30', '36', '3', '1', 'en_us', '1', '', '{\"typeId\":null,\"authorId\":\"1\",\"title\":\"Wedwu Redesign\",\"slug\":\"wedwu-redesign\",\"postDate\":1430882699,\"expiryDate\":null,\"enabled\":1,\"fields\":{\"24\":\"<p>This is project analysis texts.<\\/p>\",\"39\":\"\",\"23\":\"Project Analysis\",\"20\":\"<p>This is the project brief texts.<\\/p>\",\"19\":\"Project Brief\",\"10\":\"Wedwu\",\"11\":\"\",\"25\":{\"new1\":{\"type\":\"mediaFeature\",\"enabled\":\"1\",\"fields\":{\"heading\":\"Feature 1\",\"body\":\"<p>This is feature 1 texts.<\\/p>\",\"media\":[\"15\"],\"layout\":\"fluid\"}}},\"22\":\"<p>This is what I\'ve learned.<\\/p>\",\"21\":\"What I\'ve Learned\",\"43\":[\"18\"],\"17\":\"\",\"18\":\"\",\"16\":\"\",\"13\":[\"8\"],\"42\":[\"17\"],\"44\":[\"16\"],\"12\":\"UX Design\",\"3\":\"This is the project description.\",\"9\":[\"axure\"],\"4\":\"2011\"}}', '2015-05-06 03:24:59', '2015-05-06 03:24:59', '51ff6de4-a679-4c49-a481-50349c65547b');
INSERT INTO `entryversions` (`id`, `entryId`, `sectionId`, `creatorId`, `locale`, `num`, `notes`, `data`, `dateCreated`, `dateUpdated`, `uid`) VALUES ('31', '38', '3', '1', 'en_us', '1', '', '{\"typeId\":null,\"authorId\":\"1\",\"title\":\"Train Tracker App\",\"slug\":\"train-tracker-app\",\"postDate\":1430883300,\"expiryDate\":null,\"enabled\":1,\"fields\":{\"24\":\"<p>This is the project analysis texts.<\\/p>\",\"39\":\"\",\"23\":\"Project Analysis\",\"20\":\"<p>This is the project brief texts.<\\/p>\",\"19\":\"This is the project brief.\",\"10\":\"\",\"11\":\"\",\"25\":{\"new1\":{\"type\":\"mediaFeature\",\"enabled\":\"1\",\"fields\":{\"heading\":\"Feature 1\",\"body\":\"<p>This is project feature 1 texts.<\\/p>\",\"media\":[\"15\"],\"layout\":\"fluid\"}}},\"22\":\"<p>This is what I\'ve learned.<\\/p>\",\"21\":\"What I\'ve Learned\",\"43\":[\"18\"],\"17\":\"\",\"18\":\"\",\"16\":\"\",\"13\":[\"8\"],\"42\":[\"17\"],\"44\":[\"16\"],\"12\":\"UX Design, Wireframe, Visual Design\",\"3\":\"This is the project description.\",\"9\":[\"invision\",\"sketch\"],\"4\":\"2015\"}}', '2015-05-06 03:35:44', '2015-05-06 03:35:44', '6c53ae90-91ef-4aa8-8f23-ce4d8cc7248b');
INSERT INTO `entryversions` (`id`, `entryId`, `sectionId`, `creatorId`, `locale`, `num`, `notes`, `data`, `dateCreated`, `dateUpdated`, `uid`) VALUES ('32', '40', '3', '1', 'en_us', '1', '', '{\"typeId\":null,\"authorId\":\"1\",\"title\":\"Music Box\",\"slug\":\"music-box\",\"postDate\":1430883500,\"expiryDate\":null,\"enabled\":1,\"fields\":{\"24\":\"<p>This is the project analysis texts.<\\/p>\",\"39\":\"\",\"23\":\"Project Analysis\",\"20\":\"<p>This is the project brief texts.<\\/p>\",\"19\":\"Project Brief\",\"10\":\"Joe Zhou\",\"11\":\"http:\\/\\/www.joeonmars.com\\/\",\"25\":{\"new1\":{\"type\":\"mediaFeature\",\"enabled\":\"1\",\"fields\":{\"heading\":\"Feature 1\",\"body\":\"<p>This is feature 1 texts.<\\/p>\",\"media\":[\"15\"],\"layout\":\"fluid\"}}},\"22\":\"<p>This is what I\'ve learned.<\\/p>\",\"21\":\"What I\'ve Learned\",\"43\":[\"18\"],\"17\":\"\",\"18\":\"\",\"16\":\"\",\"13\":[\"8\"],\"42\":[\"17\"],\"44\":[\"16\"],\"12\":\"Created this amazing piece\",\"3\":\"This is the project description.\",\"9\":[\"photoshop\"],\"4\":\"2012\"}}', '2015-05-06 03:38:20', '2015-05-06 03:38:20', '5cffd157-6f27-465a-b0f0-6404a505f11e');
INSERT INTO `entryversions` (`id`, `entryId`, `sectionId`, `creatorId`, `locale`, `num`, `notes`, `data`, `dateCreated`, `dateUpdated`, `uid`) VALUES ('33', '42', '3', '1', 'en_us', '1', '', '{\"typeId\":null,\"authorId\":\"1\",\"title\":\"Innovative Presentation For Verbalized\",\"slug\":\"innovative-presentation-for-verbalized\",\"postDate\":1430883669,\"expiryDate\":null,\"enabled\":1,\"fields\":{\"24\":\"<p>This is the project analysis texts.<\\/p>\",\"39\":\"\",\"23\":\"Project Analysis\",\"20\":\"<p>This is the project brief texts.<\\/p>\",\"19\":\"Project Brief\",\"10\":\"Verbalized\",\"11\":\"http:\\/\\/www.verbalizeit.com\\/\",\"25\":{\"new1\":{\"type\":\"mediaFeature\",\"enabled\":\"1\",\"fields\":{\"heading\":\"Feature 1\",\"body\":\"<p>This is feature 1 texts.<\\/p>\",\"media\":[\"15\"],\"layout\":\"fluid\"}}},\"22\":\"<p>This is what I\'ve learned.<\\/p>\",\"21\":\"What I\'ve Learned\",\"43\":[\"18\"],\"17\":\"\",\"18\":\"\",\"16\":\"\",\"13\":[\"8\"],\"42\":[\"17\"],\"44\":[\"16\"],\"12\":\"Presentation Design\",\"3\":\"This is the project description.\",\"9\":[\"sketch\"],\"4\":\"2014\"}}', '2015-05-06 03:41:09', '2015-05-06 03:41:09', 'b0aa5427-1331-4a46-8362-27d223be5e59');
INSERT INTO `entryversions` (`id`, `entryId`, `sectionId`, `creatorId`, `locale`, `num`, `notes`, `data`, `dateCreated`, `dateUpdated`, `uid`) VALUES ('34', '44', '3', '1', 'en_us', '1', '', '{\"typeId\":null,\"authorId\":\"1\",\"title\":\"Gym Research\",\"slug\":\"gym-research\",\"postDate\":1430883843,\"expiryDate\":null,\"enabled\":1,\"fields\":{\"24\":\"<p>This is analysis texts.<\\/p>\",\"39\":\"\",\"23\":\"Project Analysis\",\"20\":\"<p>This is the project brief texts.<\\/p>\",\"19\":\"Project Brief\",\"10\":\"\",\"11\":\"\",\"25\":{\"new1\":{\"type\":\"mediaFeature\",\"enabled\":\"1\",\"fields\":{\"heading\":\"Feature 1\",\"body\":\"<p>This is feature 1 texts.<\\/p>\",\"media\":[\"15\"],\"layout\":\"fluid\"}}},\"22\":\"<p>This is what I\'ve learned.<\\/p>\",\"21\":\"What I\'ve Learned\",\"43\":[\"18\"],\"17\":\"\",\"18\":\"\",\"16\":\"\",\"13\":[\"8\"],\"42\":[\"17\"],\"44\":[\"16\"],\"12\":\"UX Design\",\"3\":\"This is the project description.\",\"9\":[\"photoshop\"],\"4\":\"2012\"}}', '2015-05-06 03:44:04', '2015-05-06 03:44:04', '34fb3228-1230-4c1e-8a67-83f8873a5796');
INSERT INTO `entryversions` (`id`, `entryId`, `sectionId`, `creatorId`, `locale`, `num`, `notes`, `data`, `dateCreated`, `dateUpdated`, `uid`) VALUES ('35', '46', '3', '1', 'en_us', '1', '', '{\"typeId\":null,\"authorId\":\"1\",\"title\":\"Music Image App for the iPad\",\"slug\":\"music-image-app-for-the-ipad\",\"postDate\":1430883969,\"expiryDate\":null,\"enabled\":1,\"fields\":{\"24\":\"<p>This is the project analysis texts.<\\/p>\",\"39\":\"\",\"23\":\"Project Analysis\",\"20\":\"<p>This is the project brief texts.<\\/p>\",\"19\":\"Project Brief\",\"10\":\"\",\"11\":\"\",\"25\":{\"new1\":{\"type\":\"mediaFeature\",\"enabled\":\"1\",\"fields\":{\"heading\":\"Feature 1\",\"body\":\"<p>This is feature 1 texts.<\\/p>\",\"media\":[\"15\"],\"layout\":\"fluid\"}}},\"22\":\"<p>This is what I\'ve learned.<\\/p>\",\"21\":\"What I\'ve Learned\",\"43\":[\"18\"],\"17\":\"\",\"18\":\"\",\"16\":\"\",\"13\":[\"8\"],\"42\":[\"17\"],\"44\":[\"16\"],\"12\":\"Visual Design, Wireframe\",\"3\":\"This is the project description.\",\"9\":[\"photoshop\",\"axure\"],\"4\":\"2013\"}}', '2015-05-06 03:46:09', '2015-05-06 03:46:09', 'c90f26c2-a0ee-47d8-b918-bf8bb9632841');
INSERT INTO `entryversions` (`id`, `entryId`, `sectionId`, `creatorId`, `locale`, `num`, `notes`, `data`, `dateCreated`, `dateUpdated`, `uid`) VALUES ('36', '48', '3', '1', 'en_us', '1', '', '{\"typeId\":null,\"authorId\":\"1\",\"title\":\"Branding Designs\",\"slug\":\"branding-designs\",\"postDate\":1430884084,\"expiryDate\":null,\"enabled\":1,\"fields\":{\"24\":\"<p>This is the project analysis texts.<\\/p>\",\"39\":\"\",\"23\":\"Project Analysis\",\"20\":\"<p>This is the project brief texts.<\\/p>\",\"19\":\"Project Brief\",\"10\":\"\",\"11\":\"\",\"25\":{\"new1\":{\"type\":\"mediaFeature\",\"enabled\":\"1\",\"fields\":{\"heading\":\"Feature 1\",\"body\":\"<p>This is the feature 1 texts.<\\/p>\",\"media\":[\"15\"],\"layout\":\"fluid\"}}},\"22\":\"<p>This is what I\'ve learned.<\\/p>\",\"21\":\"What I\'ve Learned\",\"43\":[\"18\"],\"17\":\"\",\"18\":\"\",\"16\":\"\",\"13\":[\"8\"],\"42\":[\"17\"],\"44\":[\"16\"],\"12\":\"Visual Design\",\"3\":\"This is the project description.\",\"9\":[\"aftereffects\",\"Adobe InDesign\",\"photoshop\"],\"4\":\"2012\"}}', '2015-05-06 03:48:04', '2015-05-06 03:48:04', '902181f8-ca66-41a8-acfb-14463523fe94');



DROP TABLE IF EXISTS `fieldgroups`;


--
-- Schema for table `fieldgroups`
--
CREATE TABLE `fieldgroups` (
  `id` int(11) NOT NULL AUTO_INCREMENT,
  `name` varchar(255) COLLATE utf8_unicode_ci NOT NULL,
  `dateCreated` datetime NOT NULL,
  `dateUpdated` datetime NOT NULL,
  `uid` char(36) COLLATE utf8_unicode_ci NOT NULL DEFAULT '0',
  PRIMARY KEY (`id`),
  UNIQUE KEY `fieldgroups_name_unq_idx` (`name`)
) ENGINE=InnoDB AUTO_INCREMENT=4 DEFAULT CHARSET=utf8 COLLATE=utf8_unicode_ci;

--
-- Data for table `fieldgroups`
--

INSERT INTO `fieldgroups` (`id`, `name`, `dateCreated`, `dateUpdated`, `uid`) VALUES ('1', 'Default', '2015-04-26 20:07:25', '2015-04-26 20:07:25', 'ec1c310b-6675-411b-a75c-d07b7693381c');
INSERT INTO `fieldgroups` (`id`, `name`, `dateCreated`, `dateUpdated`, `uid`) VALUES ('2', 'Project', '2015-04-29 03:42:05', '2015-04-29 03:42:05', 'b9541f0a-a5b5-4985-9dca-9ddbfb595a98');
INSERT INTO `fieldgroups` (`id`, `name`, `dateCreated`, `dateUpdated`, `uid`) VALUES ('3', 'SEO', '2015-04-30 03:33:33', '2015-04-30 03:33:33', '962a4be7-bb0d-4295-81a1-fae5482a1f24');



DROP TABLE IF EXISTS `fieldlayoutfields`;


--
-- Schema for table `fieldlayoutfields`
--
CREATE TABLE `fieldlayoutfields` (
  `id` int(11) NOT NULL AUTO_INCREMENT,
  `layoutId` int(11) NOT NULL,
  `tabId` int(11) NOT NULL,
  `fieldId` int(11) NOT NULL,
  `required` tinyint(1) unsigned NOT NULL DEFAULT '0',
  `sortOrder` tinyint(4) DEFAULT NULL,
  `dateCreated` datetime NOT NULL,
  `dateUpdated` datetime NOT NULL,
  `uid` char(36) COLLATE utf8_unicode_ci NOT NULL DEFAULT '0',
  PRIMARY KEY (`id`),
  UNIQUE KEY `fieldlayoutfields_layoutId_fieldId_unq_idx` (`layoutId`,`fieldId`),
  KEY `fieldlayoutfields_sortOrder_idx` (`sortOrder`),
  KEY `fieldlayoutfields_tabId_fk` (`tabId`),
  KEY `fieldlayoutfields_fieldId_fk` (`fieldId`)
) ENGINE=InnoDB AUTO_INCREMENT=268 DEFAULT CHARSET=utf8 COLLATE=utf8_unicode_ci;

--
-- Data for table `fieldlayoutfields`
--

INSERT INTO `fieldlayoutfields` (`id`, `layoutId`, `tabId`, `fieldId`, `required`, `sortOrder`, `dateCreated`, `dateUpdated`, `uid`) VALUES ('1', '3', '1', '1', '1', '1', '2015-04-26 20:07:25', '2015-04-26 20:07:25', 'f6552004-8cc2-4ac7-9a4a-b6e7f8eebd12');
INSERT INTO `fieldlayoutfields` (`id`, `layoutId`, `tabId`, `fieldId`, `required`, `sortOrder`, `dateCreated`, `dateUpdated`, `uid`) VALUES ('2', '5', '2', '1', '1', '1', '2015-04-26 20:07:25', '2015-04-26 20:07:25', '9a11372d-9178-4a17-9348-4780129ffb1e');
INSERT INTO `fieldlayoutfields` (`id`, `layoutId`, `tabId`, `fieldId`, `required`, `sortOrder`, `dateCreated`, `dateUpdated`, `uid`) VALUES ('3', '5', '2', '2', '0', '2', '2015-04-26 20:07:25', '2015-04-26 20:07:25', 'aaa84827-e07c-4b3e-9a27-26ccaf2f0299');
INSERT INTO `fieldlayoutfields` (`id`, `layoutId`, `tabId`, `fieldId`, `required`, `sortOrder`, `dateCreated`, `dateUpdated`, `uid`) VALUES ('8', '11', '5', '5', '1', '1', '2015-04-29 04:07:24', '2015-04-29 04:07:24', '7cc97f25-c937-4e02-a7f4-5403773870f6');
INSERT INTO `fieldlayoutfields` (`id`, `layoutId`, `tabId`, `fieldId`, `required`, `sortOrder`, `dateCreated`, `dateUpdated`, `uid`) VALUES ('9', '11', '5', '6', '1', '2', '2015-04-29 04:07:24', '2015-04-29 04:07:24', 'e0b3355d-56e2-48a2-bf3b-8abb81b0e05d');
INSERT INTO `fieldlayoutfields` (`id`, `layoutId`, `tabId`, `fieldId`, `required`, `sortOrder`, `dateCreated`, `dateUpdated`, `uid`) VALUES ('10', '11', '5', '7', '0', '3', '2015-04-29 04:07:24', '2015-04-29 04:07:24', '661d032d-79d2-436d-b55b-107bf20c43ea');
INSERT INTO `fieldlayoutfields` (`id`, `layoutId`, `tabId`, `fieldId`, `required`, `sortOrder`, `dateCreated`, `dateUpdated`, `uid`) VALUES ('11', '11', '5', '8', '1', '4', '2015-04-29 04:07:24', '2015-04-29 04:07:24', '15b4b7ca-6669-4273-a786-4bd3e90baaee');
INSERT INTO `fieldlayoutfields` (`id`, `layoutId`, `tabId`, `fieldId`, `required`, `sortOrder`, `dateCreated`, `dateUpdated`, `uid`) VALUES ('18', '13', '7', '3', '1', '1', '2015-04-29 04:15:56', '2015-04-29 04:15:56', 'd4f839f6-0142-4433-b380-d679eea5b1de');
INSERT INTO `fieldlayoutfields` (`id`, `layoutId`, `tabId`, `fieldId`, `required`, `sortOrder`, `dateCreated`, `dateUpdated`, `uid`) VALUES ('19', '13', '7', '4', '1', '2', '2015-04-29 04:15:56', '2015-04-29 04:15:56', '04c23147-9dd2-4f75-b490-d9f43f69459c');
INSERT INTO `fieldlayoutfields` (`id`, `layoutId`, `tabId`, `fieldId`, `required`, `sortOrder`, `dateCreated`, `dateUpdated`, `uid`) VALUES ('20', '13', '7', '10', '0', '3', '2015-04-29 04:15:56', '2015-04-29 04:15:56', '06479c9d-257e-4d3a-988f-6167dd03e64d');
INSERT INTO `fieldlayoutfields` (`id`, `layoutId`, `tabId`, `fieldId`, `required`, `sortOrder`, `dateCreated`, `dateUpdated`, `uid`) VALUES ('21', '13', '7', '11', '0', '4', '2015-04-29 04:15:56', '2015-04-29 04:15:56', 'a6616823-2607-4345-8c06-65dc274c195d');
INSERT INTO `fieldlayoutfields` (`id`, `layoutId`, `tabId`, `fieldId`, `required`, `sortOrder`, `dateCreated`, `dateUpdated`, `uid`) VALUES ('22', '13', '7', '12', '1', '5', '2015-04-29 04:15:56', '2015-04-29 04:15:56', 'dc34c5fb-7e0f-4e4b-8e65-73a6cc3d9f54');
INSERT INTO `fieldlayoutfields` (`id`, `layoutId`, `tabId`, `fieldId`, `required`, `sortOrder`, `dateCreated`, `dateUpdated`, `uid`) VALUES ('23', '13', '7', '9', '1', '6', '2015-04-29 04:15:56', '2015-04-29 04:15:56', '04e9e9b2-b24e-4979-a482-8e03f14076fd');
INSERT INTO `fieldlayoutfields` (`id`, `layoutId`, `tabId`, `fieldId`, `required`, `sortOrder`, `dateCreated`, `dateUpdated`, `uid`) VALUES ('52', '26', '12', '14', '1', '1', '2015-04-29 16:50:05', '2015-04-29 16:50:05', '4f82b104-be98-4dce-803a-be72e67c074a');
INSERT INTO `fieldlayoutfields` (`id`, `layoutId`, `tabId`, `fieldId`, `required`, `sortOrder`, `dateCreated`, `dateUpdated`, `uid`) VALUES ('53', '26', '12', '15', '1', '2', '2015-04-29 16:50:05', '2015-04-29 16:50:05', '887d98f0-372b-4244-8387-b5a65a262f56');
INSERT INTO `fieldlayoutfields` (`id`, `layoutId`, `tabId`, `fieldId`, `required`, `sortOrder`, `dateCreated`, `dateUpdated`, `uid`) VALUES ('170', '44', '36', '40', '1', '1', '2015-04-30 05:42:48', '2015-04-30 05:42:48', 'ea64d587-66b6-4c18-9e25-5508788aa6fe');
INSERT INTO `fieldlayoutfields` (`id`, `layoutId`, `tabId`, `fieldId`, `required`, `sortOrder`, `dateCreated`, `dateUpdated`, `uid`) VALUES ('171', '44', '36', '41', '1', '2', '2015-04-30 05:42:48', '2015-04-30 05:42:48', 'b73222cd-8826-4700-931d-caca683bd05b');
INSERT INTO `fieldlayoutfields` (`id`, `layoutId`, `tabId`, `fieldId`, `required`, `sortOrder`, `dateCreated`, `dateUpdated`, `uid`) VALUES ('190', '46', '40', '13', '1', '1', '2015-04-30 05:49:56', '2015-04-30 05:49:56', 'dae88323-5494-41eb-8ce3-0127bcc129a5');
INSERT INTO `fieldlayoutfields` (`id`, `layoutId`, `tabId`, `fieldId`, `required`, `sortOrder`, `dateCreated`, `dateUpdated`, `uid`) VALUES ('191', '46', '40', '3', '1', '2', '2015-04-30 05:49:56', '2015-04-30 05:49:56', 'af21100d-b379-4846-a77d-d71171dc108e');
INSERT INTO `fieldlayoutfields` (`id`, `layoutId`, `tabId`, `fieldId`, `required`, `sortOrder`, `dateCreated`, `dateUpdated`, `uid`) VALUES ('192', '46', '40', '4', '1', '3', '2015-04-30 05:49:56', '2015-04-30 05:49:56', 'e2f1b66a-843a-417d-b8df-76b3d858c7ba');
INSERT INTO `fieldlayoutfields` (`id`, `layoutId`, `tabId`, `fieldId`, `required`, `sortOrder`, `dateCreated`, `dateUpdated`, `uid`) VALUES ('193', '46', '40', '10', '0', '4', '2015-04-30 05:49:56', '2015-04-30 05:49:56', 'b15bc448-4b20-422d-916f-9677443fb089');
INSERT INTO `fieldlayoutfields` (`id`, `layoutId`, `tabId`, `fieldId`, `required`, `sortOrder`, `dateCreated`, `dateUpdated`, `uid`) VALUES ('194', '46', '40', '11', '0', '5', '2015-04-30 05:49:56', '2015-04-30 05:49:56', '08aa588e-b365-4389-8819-ee597c08b5d8');
INSERT INTO `fieldlayoutfields` (`id`, `layoutId`, `tabId`, `fieldId`, `required`, `sortOrder`, `dateCreated`, `dateUpdated`, `uid`) VALUES ('195', '46', '40', '12', '1', '6', '2015-04-30 05:49:56', '2015-04-30 05:49:56', '90b9e940-1c33-4013-b167-0c4fc86126e4');
INSERT INTO `fieldlayoutfields` (`id`, `layoutId`, `tabId`, `fieldId`, `required`, `sortOrder`, `dateCreated`, `dateUpdated`, `uid`) VALUES ('196', '46', '40', '9', '1', '7', '2015-04-30 05:49:56', '2015-04-30 05:49:56', '1902eb10-ce76-42fa-b5d4-4886dd54603a');
INSERT INTO `fieldlayoutfields` (`id`, `layoutId`, `tabId`, `fieldId`, `required`, `sortOrder`, `dateCreated`, `dateUpdated`, `uid`) VALUES ('197', '46', '40', '42', '0', '8', '2015-04-30 05:49:56', '2015-04-30 05:49:56', 'b34d9876-afc4-408b-91b8-76de1bf99b20');
INSERT INTO `fieldlayoutfields` (`id`, `layoutId`, `tabId`, `fieldId`, `required`, `sortOrder`, `dateCreated`, `dateUpdated`, `uid`) VALUES ('198', '46', '40', '44', '0', '9', '2015-04-30 05:49:56', '2015-04-30 05:49:56', '80a0e2c3-c6b6-4f13-bb11-86b08bb92397');
INSERT INTO `fieldlayoutfields` (`id`, `layoutId`, `tabId`, `fieldId`, `required`, `sortOrder`, `dateCreated`, `dateUpdated`, `uid`) VALUES ('199', '46', '40', '43', '0', '10', '2015-04-30 05:49:56', '2015-04-30 05:49:56', '42cba270-31fa-4eaf-8177-17c3206adcdd');
INSERT INTO `fieldlayoutfields` (`id`, `layoutId`, `tabId`, `fieldId`, `required`, `sortOrder`, `dateCreated`, `dateUpdated`, `uid`) VALUES ('200', '46', '41', '19', '1', '1', '2015-04-30 05:49:56', '2015-04-30 05:49:56', '6eb4620b-0082-45e8-8a29-f576cf9ff9e6');
INSERT INTO `fieldlayoutfields` (`id`, `layoutId`, `tabId`, `fieldId`, `required`, `sortOrder`, `dateCreated`, `dateUpdated`, `uid`) VALUES ('201', '46', '41', '20', '1', '2', '2015-04-30 05:49:56', '2015-04-30 05:49:56', '37687f87-feab-4b9e-95ea-6bbaac3c5780');
INSERT INTO `fieldlayoutfields` (`id`, `layoutId`, `tabId`, `fieldId`, `required`, `sortOrder`, `dateCreated`, `dateUpdated`, `uid`) VALUES ('202', '46', '41', '23', '0', '3', '2015-04-30 05:49:56', '2015-04-30 05:49:56', 'd4a29592-782f-4069-a616-04fa39bf5b02');
INSERT INTO `fieldlayoutfields` (`id`, `layoutId`, `tabId`, `fieldId`, `required`, `sortOrder`, `dateCreated`, `dateUpdated`, `uid`) VALUES ('203', '46', '41', '24', '0', '4', '2015-04-30 05:49:56', '2015-04-30 05:49:56', 'f3d4cc62-0661-455f-b572-4389bf491853');
INSERT INTO `fieldlayoutfields` (`id`, `layoutId`, `tabId`, `fieldId`, `required`, `sortOrder`, `dateCreated`, `dateUpdated`, `uid`) VALUES ('204', '46', '41', '39', '0', '5', '2015-04-30 05:49:56', '2015-04-30 05:49:56', '9a2060b8-b67f-4f3b-837b-9fdb22759b51');
INSERT INTO `fieldlayoutfields` (`id`, `layoutId`, `tabId`, `fieldId`, `required`, `sortOrder`, `dateCreated`, `dateUpdated`, `uid`) VALUES ('205', '46', '41', '25', '1', '6', '2015-04-30 05:49:56', '2015-04-30 05:49:56', '3efb67f0-7b4d-4d34-aa80-dac401cc69c6');
INSERT INTO `fieldlayoutfields` (`id`, `layoutId`, `tabId`, `fieldId`, `required`, `sortOrder`, `dateCreated`, `dateUpdated`, `uid`) VALUES ('206', '46', '41', '21', '0', '7', '2015-04-30 05:49:56', '2015-04-30 05:49:56', 'b22e6dba-7fb4-4ed8-8c73-7c0855f48b9d');
INSERT INTO `fieldlayoutfields` (`id`, `layoutId`, `tabId`, `fieldId`, `required`, `sortOrder`, `dateCreated`, `dateUpdated`, `uid`) VALUES ('207', '46', '41', '22', '0', '8', '2015-04-30 05:49:56', '2015-04-30 05:49:56', '54745e4f-1265-4953-bf11-80a398b9bdde');
INSERT INTO `fieldlayoutfields` (`id`, `layoutId`, `tabId`, `fieldId`, `required`, `sortOrder`, `dateCreated`, `dateUpdated`, `uid`) VALUES ('208', '46', '42', '16', '0', '1', '2015-04-30 05:49:56', '2015-04-30 05:49:56', '805d5961-055c-40ee-be6b-4b9b77da6f4c');
INSERT INTO `fieldlayoutfields` (`id`, `layoutId`, `tabId`, `fieldId`, `required`, `sortOrder`, `dateCreated`, `dateUpdated`, `uid`) VALUES ('209', '46', '42', '17', '0', '2', '2015-04-30 05:49:56', '2015-04-30 05:49:56', 'd6f991aa-0da3-4f2e-93fd-d525228c1187');
INSERT INTO `fieldlayoutfields` (`id`, `layoutId`, `tabId`, `fieldId`, `required`, `sortOrder`, `dateCreated`, `dateUpdated`, `uid`) VALUES ('210', '46', '42', '18', '0', '3', '2015-04-30 05:49:56', '2015-04-30 05:49:56', 'c235994e-6628-4a9e-8add-c0c99aa98f5b');
INSERT INTO `fieldlayoutfields` (`id`, `layoutId`, `tabId`, `fieldId`, `required`, `sortOrder`, `dateCreated`, `dateUpdated`, `uid`) VALUES ('250', '66', '52', '26', '1', '1', '2015-05-06 02:29:36', '2015-05-06 02:29:36', 'b53f2867-033d-4d4a-b600-13bb2b9e39f2');
INSERT INTO `fieldlayoutfields` (`id`, `layoutId`, `tabId`, `fieldId`, `required`, `sortOrder`, `dateCreated`, `dateUpdated`, `uid`) VALUES ('251', '66', '52', '27', '1', '2', '2015-05-06 02:29:36', '2015-05-06 02:29:36', '7d9f95f6-e625-45c5-bd69-c6d8220ac3ce');
INSERT INTO `fieldlayoutfields` (`id`, `layoutId`, `tabId`, `fieldId`, `required`, `sortOrder`, `dateCreated`, `dateUpdated`, `uid`) VALUES ('252', '66', '52', '28', '1', '3', '2015-05-06 02:29:36', '2015-05-06 02:29:36', 'b7587941-9ad7-4235-9e84-d3de2a6e9e95');
INSERT INTO `fieldlayoutfields` (`id`, `layoutId`, `tabId`, `fieldId`, `required`, `sortOrder`, `dateCreated`, `dateUpdated`, `uid`) VALUES ('253', '66', '52', '29', '1', '4', '2015-05-06 02:29:36', '2015-05-06 02:29:36', '1c2c3efa-308a-43c7-bbe6-91b79c12c375');
INSERT INTO `fieldlayoutfields` (`id`, `layoutId`, `tabId`, `fieldId`, `required`, `sortOrder`, `dateCreated`, `dateUpdated`, `uid`) VALUES ('254', '67', '53', '30', '1', '1', '2015-05-06 02:29:36', '2015-05-06 02:29:36', '7044b93c-c8d0-497b-b273-14d00bc46450');
INSERT INTO `fieldlayoutfields` (`id`, `layoutId`, `tabId`, `fieldId`, `required`, `sortOrder`, `dateCreated`, `dateUpdated`, `uid`) VALUES ('255', '67', '53', '31', '1', '2', '2015-05-06 02:29:36', '2015-05-06 02:29:36', '9a2958dc-16de-4264-a755-770097f53064');
INSERT INTO `fieldlayoutfields` (`id`, `layoutId`, `tabId`, `fieldId`, `required`, `sortOrder`, `dateCreated`, `dateUpdated`, `uid`) VALUES ('256', '67', '53', '32', '1', '3', '2015-05-06 02:29:36', '2015-05-06 02:29:36', '1ea2ca54-8ef9-47f4-a6b0-f86a29c8e890');
INSERT INTO `fieldlayoutfields` (`id`, `layoutId`, `tabId`, `fieldId`, `required`, `sortOrder`, `dateCreated`, `dateUpdated`, `uid`) VALUES ('257', '67', '53', '33', '1', '4', '2015-05-06 02:29:36', '2015-05-06 02:29:36', 'c14bdbe9-c480-4555-aea4-6aa004ed7493');
INSERT INTO `fieldlayoutfields` (`id`, `layoutId`, `tabId`, `fieldId`, `required`, `sortOrder`, `dateCreated`, `dateUpdated`, `uid`) VALUES ('258', '67', '53', '34', '1', '5', '2015-05-06 02:29:36', '2015-05-06 02:29:36', '4b382cf2-3994-4cc6-9aea-3578f73dee3d');
INSERT INTO `fieldlayoutfields` (`id`, `layoutId`, `tabId`, `fieldId`, `required`, `sortOrder`, `dateCreated`, `dateUpdated`, `uid`) VALUES ('259', '67', '53', '35', '1', '6', '2015-05-06 02:29:36', '2015-05-06 02:29:36', '8548369e-0b24-47ca-a4e1-89e1dfcdbd67');
INSERT INTO `fieldlayoutfields` (`id`, `layoutId`, `tabId`, `fieldId`, `required`, `sortOrder`, `dateCreated`, `dateUpdated`, `uid`) VALUES ('260', '68', '54', '36', '1', '1', '2015-05-06 02:29:37', '2015-05-06 02:29:37', '521a9b96-070a-4757-8b2b-afe893209e54');
INSERT INTO `fieldlayoutfields` (`id`, `layoutId`, `tabId`, `fieldId`, `required`, `sortOrder`, `dateCreated`, `dateUpdated`, `uid`) VALUES ('261', '68', '54', '37', '1', '2', '2015-05-06 02:29:37', '2015-05-06 02:29:37', 'a086114f-914a-429f-ab63-bc63b9097a2d');
INSERT INTO `fieldlayoutfields` (`id`, `layoutId`, `tabId`, `fieldId`, `required`, `sortOrder`, `dateCreated`, `dateUpdated`, `uid`) VALUES ('262', '68', '54', '38', '1', '3', '2015-05-06 02:29:37', '2015-05-06 02:29:37', 'a17590a7-0968-45b7-97f9-0d749814e148');
INSERT INTO `fieldlayoutfields` (`id`, `layoutId`, `tabId`, `fieldId`, `required`, `sortOrder`, `dateCreated`, `dateUpdated`, `uid`) VALUES ('265', '72', '57', '45', '0', '1', '2015-05-07 01:18:57', '2015-05-07 01:18:57', 'd6fe00ba-aad4-4d2c-b360-4192bf05c964');
INSERT INTO `fieldlayoutfields` (`id`, `layoutId`, `tabId`, `fieldId`, `required`, `sortOrder`, `dateCreated`, `dateUpdated`, `uid`) VALUES ('266', '74', '58', '46', '1', '1', '2015-05-08 06:04:50', '2015-05-08 06:04:50', '289978be-9f65-440b-b11b-58b098f57e01');
INSERT INTO `fieldlayoutfields` (`id`, `layoutId`, `tabId`, `fieldId`, `required`, `sortOrder`, `dateCreated`, `dateUpdated`, `uid`) VALUES ('267', '76', '59', '47', '1', '1', '2015-05-10 17:13:57', '2015-05-10 17:13:57', 'f715ce61-7f22-4ead-8631-193098fb293a');



DROP TABLE IF EXISTS `fieldlayouts`;


--
-- Schema for table `fieldlayouts`
--
CREATE TABLE `fieldlayouts` (
  `id` int(11) NOT NULL AUTO_INCREMENT,
  `type` varchar(150) COLLATE utf8_unicode_ci NOT NULL,
  `dateCreated` datetime NOT NULL,
  `dateUpdated` datetime NOT NULL,
  `uid` char(36) COLLATE utf8_unicode_ci NOT NULL DEFAULT '0',
  PRIMARY KEY (`id`),
  KEY `fieldlayouts_type_idx` (`type`)
) ENGINE=InnoDB AUTO_INCREMENT=77 DEFAULT CHARSET=utf8 COLLATE=utf8_unicode_ci;

--
-- Data for table `fieldlayouts`
--

INSERT INTO `fieldlayouts` (`id`, `type`, `dateCreated`, `dateUpdated`, `uid`) VALUES ('1', 'Tag', '2015-04-26 20:07:25', '2015-04-26 20:07:25', 'a7bf2a7d-f0b3-4d62-b9b0-db02cdd11d7b');
INSERT INTO `fieldlayouts` (`id`, `type`, `dateCreated`, `dateUpdated`, `uid`) VALUES ('3', 'Entry', '2015-04-26 20:07:25', '2015-04-26 20:07:25', '7556e555-b5fe-4b55-ac15-5c973214b09c');
INSERT INTO `fieldlayouts` (`id`, `type`, `dateCreated`, `dateUpdated`, `uid`) VALUES ('5', 'Entry', '2015-04-26 20:07:25', '2015-04-26 20:07:25', '02e0681f-5b29-4768-9d4b-64b24c717021');
INSERT INTO `fieldlayouts` (`id`, `type`, `dateCreated`, `dateUpdated`, `uid`) VALUES ('8', 'Entry', '2015-04-29 01:58:37', '2015-04-29 01:58:37', '2c3054a5-5368-47b1-9064-38c34a54c7a6');
INSERT INTO `fieldlayouts` (`id`, `type`, `dateCreated`, `dateUpdated`, `uid`) VALUES ('11', 'MatrixBlock', '2015-04-29 04:07:24', '2015-04-29 04:07:24', '6ceaeed3-4908-4eeb-ac11-016e91d51d74');
INSERT INTO `fieldlayouts` (`id`, `type`, `dateCreated`, `dateUpdated`, `uid`) VALUES ('13', 'Entry', '2015-04-29 04:15:56', '2015-04-29 04:15:56', '77d1220d-f0e7-4115-9fe3-6f35e02ef127');
INSERT INTO `fieldlayouts` (`id`, `type`, `dateCreated`, `dateUpdated`, `uid`) VALUES ('26', 'Category', '2015-04-29 16:50:05', '2015-04-29 16:50:05', '40775271-27cb-4445-9be5-c2b04d432030');
INSERT INTO `fieldlayouts` (`id`, `type`, `dateCreated`, `dateUpdated`, `uid`) VALUES ('44', 'MatrixBlock', '2015-04-30 05:42:48', '2015-04-30 05:42:48', '77b0560d-88f6-4307-a617-8ab31a80ce80');
INSERT INTO `fieldlayouts` (`id`, `type`, `dateCreated`, `dateUpdated`, `uid`) VALUES ('46', 'Entry', '2015-04-30 05:49:56', '2015-04-30 05:49:56', 'bb7e81f6-c59f-4366-8b10-0aa16d1d3474');
INSERT INTO `fieldlayouts` (`id`, `type`, `dateCreated`, `dateUpdated`, `uid`) VALUES ('50', 'Asset', '2015-05-06 02:13:10', '2015-05-06 02:13:10', 'b8fde8a7-6876-47f3-adcd-68c4f8d76a71');
INSERT INTO `fieldlayouts` (`id`, `type`, `dateCreated`, `dateUpdated`, `uid`) VALUES ('54', 'Asset', '2015-05-06 02:16:52', '2015-05-06 02:16:52', '989a903b-3958-4cc8-9057-2c38c20dbfcd');
INSERT INTO `fieldlayouts` (`id`, `type`, `dateCreated`, `dateUpdated`, `uid`) VALUES ('55', 'Asset', '2015-05-06 02:17:14', '2015-05-06 02:17:14', '3e554f01-da20-47cc-94f9-478018621d82');
INSERT INTO `fieldlayouts` (`id`, `type`, `dateCreated`, `dateUpdated`, `uid`) VALUES ('56', 'Asset', '2015-05-06 02:17:35', '2015-05-06 02:17:35', '70a52dc5-e821-4f41-b361-9b7d022b402a');
INSERT INTO `fieldlayouts` (`id`, `type`, `dateCreated`, `dateUpdated`, `uid`) VALUES ('60', 'Asset', '2015-05-06 02:20:14', '2015-05-06 02:20:14', '463f2bec-702a-4539-991f-e918683667c2');
INSERT INTO `fieldlayouts` (`id`, `type`, `dateCreated`, `dateUpdated`, `uid`) VALUES ('61', 'Asset', '2015-05-06 02:20:32', '2015-05-06 02:20:32', '5544dfa8-c39e-477a-9b04-0966a0c49163');
INSERT INTO `fieldlayouts` (`id`, `type`, `dateCreated`, `dateUpdated`, `uid`) VALUES ('62', 'Asset', '2015-05-06 02:20:47', '2015-05-06 02:20:47', 'cd60244b-8149-4a5c-9af3-231f0dfbca66');
INSERT INTO `fieldlayouts` (`id`, `type`, `dateCreated`, `dateUpdated`, `uid`) VALUES ('66', 'MatrixBlock', '2015-05-06 02:29:36', '2015-05-06 02:29:36', '21a5475b-dedd-467f-afd2-3edddf5b1760');
INSERT INTO `fieldlayouts` (`id`, `type`, `dateCreated`, `dateUpdated`, `uid`) VALUES ('67', 'MatrixBlock', '2015-05-06 02:29:36', '2015-05-06 02:29:36', 'd16bc528-8220-4baa-ad29-b8f52b1c085e');
INSERT INTO `fieldlayouts` (`id`, `type`, `dateCreated`, `dateUpdated`, `uid`) VALUES ('68', 'MatrixBlock', '2015-05-06 02:29:37', '2015-05-06 02:29:37', '48ca97ff-b73a-415d-b8bb-6160f7da1f66');
INSERT INTO `fieldlayouts` (`id`, `type`, `dateCreated`, `dateUpdated`, `uid`) VALUES ('72', 'GlobalSet', '2015-05-07 01:18:57', '2015-05-07 01:18:57', '8e59b03f-e621-4027-8813-b0ddc2cc1724');
INSERT INTO `fieldlayouts` (`id`, `type`, `dateCreated`, `dateUpdated`, `uid`) VALUES ('74', 'GlobalSet', '2015-05-08 06:04:50', '2015-05-08 06:04:50', 'd0620a4a-2b55-419d-a9ab-8330d63c28ce');
INSERT INTO `fieldlayouts` (`id`, `type`, `dateCreated`, `dateUpdated`, `uid`) VALUES ('76', 'GlobalSet', '2015-05-10 17:13:57', '2015-05-10 17:13:57', 'a3494ebf-b85d-41da-82fe-9ed55f3d995f');



DROP TABLE IF EXISTS `fieldlayouttabs`;


--
-- Schema for table `fieldlayouttabs`
--
CREATE TABLE `fieldlayouttabs` (
  `id` int(11) NOT NULL AUTO_INCREMENT,
  `layoutId` int(11) NOT NULL,
  `name` varchar(255) COLLATE utf8_unicode_ci NOT NULL,
  `sortOrder` tinyint(4) DEFAULT NULL,
  `dateCreated` datetime NOT NULL,
  `dateUpdated` datetime NOT NULL,
  `uid` char(36) COLLATE utf8_unicode_ci NOT NULL DEFAULT '0',
  PRIMARY KEY (`id`),
  KEY `fieldlayouttabs_sortOrder_idx` (`sortOrder`),
  KEY `fieldlayouttabs_layoutId_fk` (`layoutId`)
) ENGINE=InnoDB AUTO_INCREMENT=60 DEFAULT CHARSET=utf8 COLLATE=utf8_unicode_ci;

--
-- Data for table `fieldlayouttabs`
--

INSERT INTO `fieldlayouttabs` (`id`, `layoutId`, `name`, `sortOrder`, `dateCreated`, `dateUpdated`, `uid`) VALUES ('1', '3', 'Content', '1', '2015-04-26 20:07:25', '2015-04-26 20:07:25', 'c5a99240-c0e9-4324-a41d-78cc01aadfe3');
INSERT INTO `fieldlayouttabs` (`id`, `layoutId`, `name`, `sortOrder`, `dateCreated`, `dateUpdated`, `uid`) VALUES ('2', '5', 'Content', '1', '2015-04-26 20:07:25', '2015-04-26 20:07:25', 'f52c6ecc-f80e-4e39-ab37-596451d3f574');
INSERT INTO `fieldlayouttabs` (`id`, `layoutId`, `name`, `sortOrder`, `dateCreated`, `dateUpdated`, `uid`) VALUES ('5', '11', 'Content', '1', '2015-04-29 04:07:24', '2015-04-29 04:07:24', '06cc0cd6-a282-457f-a30d-36fa71e2fe0e');
INSERT INTO `fieldlayouttabs` (`id`, `layoutId`, `name`, `sortOrder`, `dateCreated`, `dateUpdated`, `uid`) VALUES ('7', '13', 'Lab', '1', '2015-04-29 04:15:56', '2015-04-29 04:15:56', '02f95f69-87f8-4ff7-ba7d-d444172ed6f0');
INSERT INTO `fieldlayouttabs` (`id`, `layoutId`, `name`, `sortOrder`, `dateCreated`, `dateUpdated`, `uid`) VALUES ('12', '26', 'Content', '1', '2015-04-29 16:50:05', '2015-04-29 16:50:05', 'e805a3de-92f9-4b38-be38-c1e5d08beb5f');
INSERT INTO `fieldlayouttabs` (`id`, `layoutId`, `name`, `sortOrder`, `dateCreated`, `dateUpdated`, `uid`) VALUES ('36', '44', 'Content', '1', '2015-04-30 05:42:48', '2015-04-30 05:42:48', '6906c5cd-48bb-4f5c-8abc-12bb968f8274');
INSERT INTO `fieldlayouttabs` (`id`, `layoutId`, `name`, `sortOrder`, `dateCreated`, `dateUpdated`, `uid`) VALUES ('40', '46', 'Information', '1', '2015-04-30 05:49:56', '2015-04-30 05:49:56', '19a772b4-8c0d-4cbe-a769-fd4d6ac099a6');
INSERT INTO `fieldlayouttabs` (`id`, `layoutId`, `name`, `sortOrder`, `dateCreated`, `dateUpdated`, `uid`) VALUES ('41', '46', 'Content', '2', '2015-04-30 05:49:56', '2015-04-30 05:49:56', '24f8e2a9-3f1b-4638-8570-962a988eeca5');
INSERT INTO `fieldlayouttabs` (`id`, `layoutId`, `name`, `sortOrder`, `dateCreated`, `dateUpdated`, `uid`) VALUES ('42', '46', 'SEO', '3', '2015-04-30 05:49:56', '2015-04-30 05:49:56', 'eba7a22d-6d54-405a-80cf-19e387224635');
INSERT INTO `fieldlayouttabs` (`id`, `layoutId`, `name`, `sortOrder`, `dateCreated`, `dateUpdated`, `uid`) VALUES ('52', '66', 'Content', '1', '2015-05-06 02:29:36', '2015-05-06 02:29:36', '20f55826-a0e2-4872-87f8-4efd89a8afb5');
INSERT INTO `fieldlayouttabs` (`id`, `layoutId`, `name`, `sortOrder`, `dateCreated`, `dateUpdated`, `uid`) VALUES ('53', '67', 'Content', '1', '2015-05-06 02:29:36', '2015-05-06 02:29:36', '44eeb30b-1e53-4564-a284-0cceed25d6b0');
INSERT INTO `fieldlayouttabs` (`id`, `layoutId`, `name`, `sortOrder`, `dateCreated`, `dateUpdated`, `uid`) VALUES ('54', '68', 'Content', '1', '2015-05-06 02:29:37', '2015-05-06 02:29:37', '09f29e24-972e-486b-b748-d741fbac90e3');
INSERT INTO `fieldlayouttabs` (`id`, `layoutId`, `name`, `sortOrder`, `dateCreated`, `dateUpdated`, `uid`) VALUES ('57', '72', 'Content', '1', '2015-05-07 01:18:57', '2015-05-07 01:18:57', '59c104af-d4b4-47ce-a851-724af23efb31');
INSERT INTO `fieldlayouttabs` (`id`, `layoutId`, `name`, `sortOrder`, `dateCreated`, `dateUpdated`, `uid`) VALUES ('58', '74', 'Content', '1', '2015-05-08 06:04:50', '2015-05-08 06:04:50', '89d15e05-c43e-41b3-a0c7-9c7224ac373e');
INSERT INTO `fieldlayouttabs` (`id`, `layoutId`, `name`, `sortOrder`, `dateCreated`, `dateUpdated`, `uid`) VALUES ('59', '76', 'Content', '1', '2015-05-10 17:13:57', '2015-05-10 17:13:57', '8edabcf9-7b1d-42cf-a6d4-9e19269c7b0f');



DROP TABLE IF EXISTS `fields`;


--
-- Schema for table `fields`
--
CREATE TABLE `fields` (
  `id` int(11) NOT NULL AUTO_INCREMENT,
  `groupId` int(11) DEFAULT NULL,
  `name` varchar(255) COLLATE utf8_unicode_ci NOT NULL,
  `handle` varchar(58) COLLATE utf8_unicode_ci NOT NULL,
  `context` varchar(255) COLLATE utf8_unicode_ci NOT NULL DEFAULT 'global',
  `instructions` text COLLATE utf8_unicode_ci,
  `translatable` tinyint(1) unsigned NOT NULL DEFAULT '0',
  `type` varchar(150) COLLATE utf8_unicode_ci NOT NULL,
  `settings` text COLLATE utf8_unicode_ci,
  `dateCreated` datetime NOT NULL,
  `dateUpdated` datetime NOT NULL,
  `uid` char(36) COLLATE utf8_unicode_ci NOT NULL DEFAULT '0',
  PRIMARY KEY (`id`),
  UNIQUE KEY `fields_handle_context_unq_idx` (`handle`,`context`),
  KEY `fields_context_idx` (`context`),
  KEY `fields_groupId_fk` (`groupId`)
) ENGINE=InnoDB AUTO_INCREMENT=48 DEFAULT CHARSET=utf8 COLLATE=utf8_unicode_ci;

--
-- Data for table `fields`
--

INSERT INTO `fields` (`id`, `groupId`, `name`, `handle`, `context`, `instructions`, `translatable`, `type`, `settings`, `dateCreated`, `dateUpdated`, `uid`) VALUES ('1', '1', 'Body', 'body', 'global', NULL, '1', 'RichText', '{\"configFile\":\"Standard.json\",\"columnType\":\"text\"}', '2015-04-26 20:07:25', '2015-04-26 20:07:25', '86b70967-5074-4f5c-b677-503f26e87648');
INSERT INTO `fields` (`id`, `groupId`, `name`, `handle`, `context`, `instructions`, `translatable`, `type`, `settings`, `dateCreated`, `dateUpdated`, `uid`) VALUES ('2', '1', 'Tags', 'tags', 'global', NULL, '0', 'Tags', '{\"source\":\"taggroup:1\"}', '2015-04-26 20:07:25', '2015-04-26 20:07:25', '1b11395e-4e59-4c7d-af21-8a7dfca902e7');
INSERT INTO `fields` (`id`, `groupId`, `name`, `handle`, `context`, `instructions`, `translatable`, `type`, `settings`, `dateCreated`, `dateUpdated`, `uid`) VALUES ('3', '2', 'Short Description', 'shortDescription', 'global', 'The project short description displayed on home page.', '0', 'PlainText', '{\"placeholder\":\"Short description goes here.\",\"maxLength\":\"200\",\"multiline\":\"\",\"initialRows\":\"4\"}', '2015-04-29 03:45:49', '2015-04-29 03:45:49', 'd2a6b5c7-ecf6-49ca-9ac8-8313680d061e');
INSERT INTO `fields` (`id`, `groupId`, `name`, `handle`, `context`, `instructions`, `translatable`, `type`, `settings`, `dateCreated`, `dateUpdated`, `uid`) VALUES ('4', '2', 'Year', 'year', 'global', 'The year of creation.', '0', 'Number', '{\"min\":\"1988\",\"max\":\"9999\",\"decimals\":\"0\"}', '2015-04-29 03:50:23', '2015-04-29 04:09:21', 'dafe209b-b6ba-4803-ac81-f8fa484b35fc');
INSERT INTO `fields` (`id`, `groupId`, `name`, `handle`, `context`, `instructions`, `translatable`, `type`, `settings`, `dateCreated`, `dateUpdated`, `uid`) VALUES ('5', NULL, 'Year', 'year', 'matrixBlockType:1', 'The year of project completion.', '0', 'Number', '{\"min\":\"1988\",\"max\":\"9999\",\"decimals\":\"0\"}', '2015-04-29 04:07:23', '2015-04-29 04:07:23', 'dbbb85e1-97be-457f-b555-a4ee7cb0d60e');
INSERT INTO `fields` (`id`, `groupId`, `name`, `handle`, `context`, `instructions`, `translatable`, `type`, `settings`, `dateCreated`, `dateUpdated`, `uid`) VALUES ('6', NULL, 'Client', 'client', 'matrixBlockType:1', 'The client name.', '0', 'PlainText', '{\"placeholder\":\"Personal Project\",\"maxLength\":\"\",\"multiline\":\"\",\"initialRows\":\"4\"}', '2015-04-29 04:07:23', '2015-04-29 04:07:23', '57765018-b0b1-4162-aeb3-165d7e08e9fc');
INSERT INTO `fields` (`id`, `groupId`, `name`, `handle`, `context`, `instructions`, `translatable`, `type`, `settings`, `dateCreated`, `dateUpdated`, `uid`) VALUES ('7', NULL, 'Client URL', 'clientUrl', 'matrixBlockType:1', 'The client website URL.', '0', 'PlainText', '{\"placeholder\":\"\",\"maxLength\":\"\",\"multiline\":\"\",\"initialRows\":\"4\"}', '2015-04-29 04:07:23', '2015-04-29 04:07:23', 'cb95b912-ccba-459d-91c8-2c53fa0e3656');
INSERT INTO `fields` (`id`, `groupId`, `name`, `handle`, `context`, `instructions`, `translatable`, `type`, `settings`, `dateCreated`, `dateUpdated`, `uid`) VALUES ('8', NULL, 'Tools', 'tools', 'matrixBlockType:1', 'The creation tools used for the project.', '0', 'MultiSelect', '{\"options\":[{\"label\":\"Adobe AfterEffects\",\"value\":\"aftereffects\",\"default\":\"\"},{\"label\":\"Adobe Photoshop\",\"value\":\"photoshop\",\"default\":\"\"},{\"label\":\"Adobe InDesign\",\"value\":\"indesign\",\"default\":\"\"},{\"label\":\"Axure\",\"value\":\"axure\",\"default\":\"\"},{\"label\":\"Blender\",\"value\":\"blender\",\"default\":\"\"},{\"label\":\"CSS3\",\"value\":\"css3\",\"default\":\"\"},{\"label\":\"HTML5\",\"value\":\"html5\",\"default\":\"\"},{\"label\":\"InVision\",\"value\":\"invision\",\"default\":\"\"},{\"label\":\"JavaScript\",\"value\":\"javascript\",\"default\":\"\"},{\"label\":\"Sketch\",\"value\":\"sketch\",\"default\":\"\"},{\"label\":\"WebGL\",\"value\":\"webgl\",\"default\":\"\"}]}', '2015-04-29 04:07:24', '2015-04-29 04:07:24', '70453a81-53cc-47de-bbd4-6157a72a3cf4');
INSERT INTO `fields` (`id`, `groupId`, `name`, `handle`, `context`, `instructions`, `translatable`, `type`, `settings`, `dateCreated`, `dateUpdated`, `uid`) VALUES ('9', '2', 'Tools', 'tools', 'global', 'The tools used to create the project.', '0', 'Checkboxes', '{\"options\":[{\"label\":\"Adobe AfterEffects\",\"value\":\"aftereffects\",\"default\":\"\"},{\"label\":\"Adobe Flash\",\"value\":\"flash\",\"default\":\"\"},{\"label\":\"Adobe InDesign\",\"value\":\"Adobe InDesign\",\"default\":\"\"},{\"label\":\"Adobe Photoshop\",\"value\":\"photoshop\",\"default\":\"\"},{\"label\":\"Axure\",\"value\":\"axure\",\"default\":\"\"},{\"label\":\"Blender\",\"value\":\"blender\",\"default\":\"\"},{\"label\":\"CSS3\",\"value\":\"css3\",\"default\":\"\"},{\"label\":\"InVision\",\"value\":\"invision\",\"default\":\"\"},{\"label\":\"HTML5\",\"value\":\"html5\",\"default\":\"\"},{\"label\":\"JavaScript\",\"value\":\"javascript\",\"default\":\"\"},{\"label\":\"Justinmind\",\"value\":\"justinmind\",\"default\":\"\"},{\"label\":\"Sketch\",\"value\":\"sketch\",\"default\":\"\"},{\"label\":\"WebGL\",\"value\":\"webgl\",\"default\":\"\"}]}', '2015-04-29 04:12:32', '2015-04-29 04:18:43', '1fb5aa98-d6bf-4577-86b6-b464f92bee96');
INSERT INTO `fields` (`id`, `groupId`, `name`, `handle`, `context`, `instructions`, `translatable`, `type`, `settings`, `dateCreated`, `dateUpdated`, `uid`) VALUES ('10', '2', 'Client', 'client', 'global', 'The client name.', '0', 'PlainText', '{\"placeholder\":\"\",\"maxLength\":\"\",\"multiline\":\"\",\"initialRows\":\"4\"}', '2015-04-29 04:13:34', '2015-04-29 04:13:34', '936fb77d-be96-4d7b-ab41-d6b761885c64');
INSERT INTO `fields` (`id`, `groupId`, `name`, `handle`, `context`, `instructions`, `translatable`, `type`, `settings`, `dateCreated`, `dateUpdated`, `uid`) VALUES ('11', '2', 'Client URL', 'clientUrl', 'global', 'The client website URL.', '0', 'PlainText', '{\"placeholder\":\"\",\"maxLength\":\"\",\"multiline\":\"\",\"initialRows\":\"4\"}', '2015-04-29 04:13:46', '2015-04-29 04:13:46', '0b7cd5ac-33be-4b5f-a642-37b1873ed24f');
INSERT INTO `fields` (`id`, `groupId`, `name`, `handle`, `context`, `instructions`, `translatable`, `type`, `settings`, `dateCreated`, `dateUpdated`, `uid`) VALUES ('12', '2', 'Responsibilities', 'responsibilities', 'global', 'My responsibilities for creating the project.', '0', 'PlainText', '{\"placeholder\":\"\",\"maxLength\":\"\",\"multiline\":\"\",\"initialRows\":\"4\"}', '2015-04-29 04:14:39', '2015-04-29 04:14:39', 'ccd4f7f4-be50-4219-9dde-d05699d94517');
INSERT INTO `fields` (`id`, `groupId`, `name`, `handle`, `context`, `instructions`, `translatable`, `type`, `settings`, `dateCreated`, `dateUpdated`, `uid`) VALUES ('13', '2', 'Portfolio Category', 'portfolioCategory', 'global', 'The portfolio category of this project.', '0', 'Categories', '{\"source\":\"group:1\",\"limit\":\"1\"}', '2015-04-29 15:02:53', '2015-04-29 15:02:53', '03c5c429-19e2-4da1-8b68-e21816cb0301');
INSERT INTO `fields` (`id`, `groupId`, `name`, `handle`, `context`, `instructions`, `translatable`, `type`, `settings`, `dateCreated`, `dateUpdated`, `uid`) VALUES ('14', '1', 'Heading', 'heading', 'global', 'The heading text.', '0', 'PlainText', '{\"placeholder\":\"\",\"maxLength\":\"100\",\"multiline\":\"\",\"initialRows\":\"4\"}', '2015-04-29 16:48:26', '2015-04-29 16:48:26', 'eaa9021e-24a3-4610-98e1-1d79382d38d3');
INSERT INTO `fields` (`id`, `groupId`, `name`, `handle`, `context`, `instructions`, `translatable`, `type`, `settings`, `dateCreated`, `dateUpdated`, `uid`) VALUES ('15', '1', 'Introduction', 'introduction', 'global', 'The introduction text.', '0', 'RichText', '{\"configFile\":\"Standard.json\",\"cleanupHtml\":\"1\",\"purifyHtml\":\"\",\"columnType\":\"text\"}', '2015-04-29 16:49:33', '2015-04-29 16:51:43', '91dcb526-fdfc-474d-b59c-ed3a09159f80');
INSERT INTO `fields` (`id`, `groupId`, `name`, `handle`, `context`, `instructions`, `translatable`, `type`, `settings`, `dateCreated`, `dateUpdated`, `uid`) VALUES ('16', '3', 'OG Title', 'ogTitle', 'global', 'The Open Graph title text.', '0', 'PlainText', '{\"placeholder\":\"\",\"maxLength\":\"\",\"multiline\":\"\",\"initialRows\":\"4\"}', '2015-04-30 03:35:26', '2015-04-30 03:35:26', '5b9ca197-30cd-4ed0-a10d-3c350d576984');
INSERT INTO `fields` (`id`, `groupId`, `name`, `handle`, `context`, `instructions`, `translatable`, `type`, `settings`, `dateCreated`, `dateUpdated`, `uid`) VALUES ('17', '3', 'OG Description', 'ogDescription', 'global', 'The Open Graph description text.', '0', 'PlainText', '{\"placeholder\":\"\",\"maxLength\":\"300\",\"multiline\":\"\",\"initialRows\":\"4\"}', '2015-04-30 03:36:39', '2015-04-30 03:36:39', '9005847e-a8f5-4973-abba-f4321e8f228d');
INSERT INTO `fields` (`id`, `groupId`, `name`, `handle`, `context`, `instructions`, `translatable`, `type`, `settings`, `dateCreated`, `dateUpdated`, `uid`) VALUES ('18', '3', 'OG Image', 'ogImage', 'global', 'The Open Graph image.', '0', 'Assets', '{\"useSingleFolder\":\"1\",\"sources\":\"*\",\"defaultUploadLocationSource\":\"1\",\"defaultUploadLocationSubpath\":\"\",\"singleUploadLocationSource\":\"1\",\"singleUploadLocationSubpath\":\"\",\"restrictFiles\":\"1\",\"allowedKinds\":[\"image\"],\"limit\":\"1\"}', '2015-04-30 03:37:18', '2015-04-30 03:47:13', 'ad912e01-0cca-4c7e-a8d7-e21a3a821f6e');
INSERT INTO `fields` (`id`, `groupId`, `name`, `handle`, `context`, `instructions`, `translatable`, `type`, `settings`, `dateCreated`, `dateUpdated`, `uid`) VALUES ('19', '2', 'Brief Heading', 'briefHeading', 'global', 'The project summary heading text.', '0', 'PlainText', '{\"placeholder\":\"Project Brief\",\"maxLength\":\"30\",\"multiline\":\"\",\"initialRows\":\"4\"}', '2015-04-30 04:51:57', '2015-05-06 02:41:24', '4004c80e-b238-4f14-8210-78fe1b5ce635');
INSERT INTO `fields` (`id`, `groupId`, `name`, `handle`, `context`, `instructions`, `translatable`, `type`, `settings`, `dateCreated`, `dateUpdated`, `uid`) VALUES ('20', '2', 'Brief Body', 'briefBody', 'global', 'The project brief body text.', '0', 'RichText', '{\"configFile\":\"\",\"cleanupHtml\":\"1\",\"purifyHtml\":\"\",\"columnType\":\"text\"}', '2015-04-30 04:52:19', '2015-04-30 04:52:19', '82bc7405-659f-4f9c-a3df-9f4eecd0c2c0');
INSERT INTO `fields` (`id`, `groupId`, `name`, `handle`, `context`, `instructions`, `translatable`, `type`, `settings`, `dateCreated`, `dateUpdated`, `uid`) VALUES ('21', '2', 'Learned Heading', 'learnedHeading', 'global', 'The learned heading text.', '0', 'PlainText', '{\"placeholder\":\"What I\'ve Learned\",\"maxLength\":\"30\",\"multiline\":\"\",\"initialRows\":\"4\"}', '2015-04-30 04:53:06', '2015-05-06 02:41:31', '774c5517-e60e-407e-a59f-421c43053d06');
INSERT INTO `fields` (`id`, `groupId`, `name`, `handle`, `context`, `instructions`, `translatable`, `type`, `settings`, `dateCreated`, `dateUpdated`, `uid`) VALUES ('22', '2', 'Learned Body', 'learnedBody', 'global', 'The learned body text.', '0', 'RichText', '{\"configFile\":\"\",\"cleanupHtml\":\"1\",\"purifyHtml\":\"\",\"columnType\":\"text\"}', '2015-04-30 04:53:24', '2015-04-30 04:53:24', '29a6b431-26b5-4f0d-a950-f03bbdcb7c1c');
INSERT INTO `fields` (`id`, `groupId`, `name`, `handle`, `context`, `instructions`, `translatable`, `type`, `settings`, `dateCreated`, `dateUpdated`, `uid`) VALUES ('23', '2', 'Analysis Heading', 'analysisHeading', 'global', 'The analysis heading text.', '0', 'PlainText', '{\"placeholder\":\"\",\"maxLength\":\"30\",\"multiline\":\"\",\"initialRows\":\"4\"}', '2015-04-30 04:58:22', '2015-05-06 02:41:14', '7a4785e0-0403-442f-b183-0158c00ff03f');
INSERT INTO `fields` (`id`, `groupId`, `name`, `handle`, `context`, `instructions`, `translatable`, `type`, `settings`, `dateCreated`, `dateUpdated`, `uid`) VALUES ('24', '2', 'Analysis Body', 'analysisBody', 'global', 'The analysis body text.', '0', 'RichText', '{\"configFile\":\"\",\"cleanupHtml\":\"1\",\"purifyHtml\":\"\",\"columnType\":\"text\"}', '2015-04-30 04:58:47', '2015-04-30 04:58:47', '609f3bba-69cc-4ea7-9f7a-0d4fd90b639e');
INSERT INTO `fields` (`id`, `groupId`, `name`, `handle`, `context`, `instructions`, `translatable`, `type`, `settings`, `dateCreated`, `dateUpdated`, `uid`) VALUES ('25', '2', 'Feature', 'feature', 'global', 'The project features.', '0', 'Matrix', '{\"maxBlocks\":null}', '2015-04-30 05:33:59', '2015-05-06 02:29:35', '69fc13e8-6d71-41cc-a27d-76914acbbe15');
INSERT INTO `fields` (`id`, `groupId`, `name`, `handle`, `context`, `instructions`, `translatable`, `type`, `settings`, `dateCreated`, `dateUpdated`, `uid`) VALUES ('26', NULL, 'Heading', 'heading', 'matrixBlockType:2', 'The feature heading text.', '0', 'PlainText', '{\"placeholder\":\"\",\"maxLength\":\"30\",\"multiline\":\"\",\"initialRows\":\"4\"}', '2015-04-30 05:34:00', '2015-05-06 02:29:35', 'cabc04bc-3929-4eb0-8cfc-b479dc3a6532');
INSERT INTO `fields` (`id`, `groupId`, `name`, `handle`, `context`, `instructions`, `translatable`, `type`, `settings`, `dateCreated`, `dateUpdated`, `uid`) VALUES ('27', NULL, 'Body', 'body', 'matrixBlockType:2', 'The feature body text.', '0', 'RichText', '{\"configFile\":\"\",\"cleanupHtml\":\"1\",\"purifyHtml\":\"\",\"columnType\":\"text\"}', '2015-04-30 05:34:00', '2015-05-06 02:29:35', 'cf220168-d4d3-4707-b3c5-78f187958978');
INSERT INTO `fields` (`id`, `groupId`, `name`, `handle`, `context`, `instructions`, `translatable`, `type`, `settings`, `dateCreated`, `dateUpdated`, `uid`) VALUES ('28', NULL, 'media', 'media', 'matrixBlockType:2', 'The image or video media of any number.', '0', 'Assets', '{\"useSingleFolder\":\"\",\"sources\":[\"folder:2\"],\"defaultUploadLocationSource\":\"1\",\"defaultUploadLocationSubpath\":\"\",\"singleUploadLocationSource\":\"1\",\"singleUploadLocationSubpath\":\"\",\"restrictFiles\":\"1\",\"allowedKinds\":[\"image\",\"video\"],\"limit\":\"\"}', '2015-04-30 05:34:00', '2015-05-06 02:29:35', '60d99e11-9adf-421a-acab-974cec330e85');
INSERT INTO `fields` (`id`, `groupId`, `name`, `handle`, `context`, `instructions`, `translatable`, `type`, `settings`, `dateCreated`, `dateUpdated`, `uid`) VALUES ('29', NULL, 'Layout', 'layout', 'matrixBlockType:2', 'The media layout.', '0', 'Dropdown', '{\"options\":[{\"label\":\"Fluid\",\"value\":\"fluid\",\"default\":\"1\"},{\"label\":\"Wide\",\"value\":\"wide\",\"default\":\"\"}]}', '2015-04-30 05:34:00', '2015-05-06 02:29:35', 'c6a762be-430d-413c-93d1-e0d9813fa987');
INSERT INTO `fields` (`id`, `groupId`, `name`, `handle`, `context`, `instructions`, `translatable`, `type`, `settings`, `dateCreated`, `dateUpdated`, `uid`) VALUES ('30', NULL, 'Heading', 'heading', 'matrixBlockType:3', 'The feature heading text.', '0', 'PlainText', '{\"placeholder\":\"\",\"maxLength\":\"30\",\"multiline\":\"\",\"initialRows\":\"4\"}', '2015-04-30 05:34:00', '2015-05-06 02:29:36', 'dc4641a5-3e82-4057-8480-5577643b6351');
INSERT INTO `fields` (`id`, `groupId`, `name`, `handle`, `context`, `instructions`, `translatable`, `type`, `settings`, `dateCreated`, `dateUpdated`, `uid`) VALUES ('31', NULL, 'Body', 'body', 'matrixBlockType:3', 'The feature body text.', '0', 'RichText', '{\"configFile\":\"\",\"cleanupHtml\":\"1\",\"purifyHtml\":\"\",\"columnType\":\"text\"}', '2015-04-30 05:34:00', '2015-05-06 02:29:36', '06b66535-7f7e-4186-b2a4-50b256c16d37');
INSERT INTO `fields` (`id`, `groupId`, `name`, `handle`, `context`, `instructions`, `translatable`, `type`, `settings`, `dateCreated`, `dateUpdated`, `uid`) VALUES ('32', NULL, 'Preview', 'preview', 'matrixBlockType:3', 'The wireframe preview image.', '0', 'Assets', '{\"useSingleFolder\":\"\",\"sources\":[\"folder:2\"],\"defaultUploadLocationSource\":\"1\",\"defaultUploadLocationSubpath\":\"\",\"singleUploadLocationSource\":\"1\",\"singleUploadLocationSubpath\":\"\",\"restrictFiles\":\"1\",\"allowedKinds\":[\"image\"],\"limit\":\"1\"}', '2015-04-30 05:34:01', '2015-05-06 02:29:36', '93ac8f51-0a00-456e-8026-a6b62a8cc732');
INSERT INTO `fields` (`id`, `groupId`, `name`, `handle`, `context`, `instructions`, `translatable`, `type`, `settings`, `dateCreated`, `dateUpdated`, `uid`) VALUES ('33', NULL, 'Layered Images', 'layeredImages', 'matrixBlockType:3', 'The display image presentation, either a single image or in multiples layers for producing stereographic effect.', '0', 'Assets', '{\"useSingleFolder\":\"\",\"sources\":[\"folder:3\"],\"defaultUploadLocationSource\":\"1\",\"defaultUploadLocationSubpath\":\"\",\"singleUploadLocationSource\":\"1\",\"singleUploadLocationSubpath\":\"\",\"restrictFiles\":\"1\",\"allowedKinds\":[\"image\"],\"limit\":\"4\"}', '2015-04-30 05:34:01', '2015-05-06 02:29:36', 'e72ca6c9-ac56-4a59-a4fb-c91ca3c931d4');
INSERT INTO `fields` (`id`, `groupId`, `name`, `handle`, `context`, `instructions`, `translatable`, `type`, `settings`, `dateCreated`, `dateUpdated`, `uid`) VALUES ('34', NULL, 'Layout', 'layout', 'matrixBlockType:3', 'The media layout.', '0', 'Dropdown', '{\"options\":[{\"label\":\"Fluid\",\"value\":\"fluid\",\"default\":\"1\"},{\"label\":\"Wide\",\"value\":\"wide\",\"default\":\"\"}]}', '2015-04-30 05:34:01', '2015-05-06 02:29:36', 'f163c639-35dd-4c8c-a975-58cb14c6c87c');
INSERT INTO `fields` (`id`, `groupId`, `name`, `handle`, `context`, `instructions`, `translatable`, `type`, `settings`, `dateCreated`, `dateUpdated`, `uid`) VALUES ('35', NULL, 'Annotations', 'annotations', 'matrixBlockType:3', 'The annotations on wireframe image.', '0', 'Table', '{\"columns\":{\"col1\":{\"heading\":\"Text\",\"handle\":\"text\",\"width\":\"60%\",\"type\":\"singleline\"},\"col4\":{\"heading\":\"Arrow\",\"handle\":\"arrow\",\"width\":\"20%\",\"type\":\"singleline\"},\"col2\":{\"heading\":\"x\",\"handle\":\"x\",\"width\":\"10%\",\"type\":\"number\"},\"col3\":{\"heading\":\"y\",\"handle\":\"y\",\"width\":\"10%\",\"type\":\"number\"}},\"defaults\":{\"row1\":{\"col1\":\"\",\"col4\":\"\",\"col2\":\"\",\"col3\":\"\"}}}', '2015-04-30 05:34:01', '2015-05-06 02:29:36', '94e84737-3377-4e95-93be-d898edaf2fd5');
INSERT INTO `fields` (`id`, `groupId`, `name`, `handle`, `context`, `instructions`, `translatable`, `type`, `settings`, `dateCreated`, `dateUpdated`, `uid`) VALUES ('36', NULL, 'Heading', 'heading', 'matrixBlockType:4', 'The feature heading text.', '0', 'PlainText', '{\"placeholder\":\"\",\"maxLength\":\"30\",\"multiline\":\"\",\"initialRows\":\"4\"}', '2015-04-30 05:34:01', '2015-05-06 02:29:36', 'f4c20600-94f7-4ce2-974c-0f945397276f');
INSERT INTO `fields` (`id`, `groupId`, `name`, `handle`, `context`, `instructions`, `translatable`, `type`, `settings`, `dateCreated`, `dateUpdated`, `uid`) VALUES ('37', NULL, 'Body', 'body', 'matrixBlockType:4', 'The feature body text.', '0', 'RichText', '{\"configFile\":\"\",\"cleanupHtml\":\"1\",\"purifyHtml\":\"\",\"columnType\":\"text\"}', '2015-04-30 05:34:01', '2015-05-06 02:29:36', '0b0681d5-bf71-42f9-8733-2a5c646c4c2f');
INSERT INTO `fields` (`id`, `groupId`, `name`, `handle`, `context`, `instructions`, `translatable`, `type`, `settings`, `dateCreated`, `dateUpdated`, `uid`) VALUES ('38', NULL, 'Images', 'images', 'matrixBlockType:4', 'The before/after images.', '0', 'Assets', '{\"useSingleFolder\":\"\",\"sources\":[\"folder:4\"],\"defaultUploadLocationSource\":\"1\",\"defaultUploadLocationSubpath\":\"\",\"singleUploadLocationSource\":\"1\",\"singleUploadLocationSubpath\":\"\",\"restrictFiles\":\"1\",\"allowedKinds\":[\"image\"],\"limit\":\"2\"}', '2015-04-30 05:34:01', '2015-05-06 02:29:37', '090decee-98b8-4f1a-ae38-7fe1367d29ce');
INSERT INTO `fields` (`id`, `groupId`, `name`, `handle`, `context`, `instructions`, `translatable`, `type`, `settings`, `dateCreated`, `dateUpdated`, `uid`) VALUES ('39', '2', 'Analysis Flow', 'analysisFlow', 'global', 'The illustrated steps of analysis.', '0', 'Matrix', '{\"maxBlocks\":null}', '2015-04-30 05:42:47', '2015-04-30 05:42:47', '233e2e4c-01e3-4665-8569-71a7b16b312a');
INSERT INTO `fields` (`id`, `groupId`, `name`, `handle`, `context`, `instructions`, `translatable`, `type`, `settings`, `dateCreated`, `dateUpdated`, `uid`) VALUES ('40', NULL, 'Image', 'image', 'matrixBlockType:5', 'The step image.', '0', 'Assets', '{\"useSingleFolder\":\"\",\"sources\":\"*\",\"defaultUploadLocationSource\":\"1\",\"defaultUploadLocationSubpath\":\"\",\"singleUploadLocationSource\":\"1\",\"singleUploadLocationSubpath\":\"\",\"restrictFiles\":\"1\",\"allowedKinds\":[\"image\"],\"limit\":\"1\"}', '2015-04-30 05:42:47', '2015-04-30 05:42:47', '7deccc9c-4da6-46e8-8b03-9b3a1e0e620d');
INSERT INTO `fields` (`id`, `groupId`, `name`, `handle`, `context`, `instructions`, `translatable`, `type`, `settings`, `dateCreated`, `dateUpdated`, `uid`) VALUES ('41', NULL, 'Caption', 'caption', 'matrixBlockType:5', 'The step image caption.', '0', 'PlainText', '{\"placeholder\":\"\",\"maxLength\":\"400\",\"multiline\":\"\",\"initialRows\":\"4\"}', '2015-04-30 05:42:47', '2015-04-30 05:42:47', 'd5ad02c2-ce62-478e-ac22-beaf646347bb');
INSERT INTO `fields` (`id`, `groupId`, `name`, `handle`, `context`, `instructions`, `translatable`, `type`, `settings`, `dateCreated`, `dateUpdated`, `uid`) VALUES ('42', '2', 'Preview Image', 'previewImage', 'global', 'The preview image.', '0', 'Assets', '{\"useSingleFolder\":\"\",\"sources\":[\"folder:6\"],\"defaultUploadLocationSource\":\"1\",\"defaultUploadLocationSubpath\":\"\",\"singleUploadLocationSource\":\"1\",\"singleUploadLocationSubpath\":\"\",\"restrictFiles\":\"1\",\"allowedKinds\":[\"image\"],\"limit\":\"1\"}', '2015-04-30 05:47:32', '2015-05-06 02:25:47', 'ff52aa18-6e11-47f9-96ac-823aea151ff9');
INSERT INTO `fields` (`id`, `groupId`, `name`, `handle`, `context`, `instructions`, `translatable`, `type`, `settings`, `dateCreated`, `dateUpdated`, `uid`) VALUES ('43', '2', 'Navigation Image', 'navigationImage', 'global', 'The navigation image.', '0', 'Assets', '{\"useSingleFolder\":\"\",\"sources\":[\"folder:7\"],\"defaultUploadLocationSource\":\"1\",\"defaultUploadLocationSubpath\":\"\",\"singleUploadLocationSource\":\"1\",\"singleUploadLocationSubpath\":\"\",\"restrictFiles\":\"1\",\"allowedKinds\":[\"image\"],\"limit\":\"1\"}', '2015-04-30 05:48:05', '2015-05-06 02:26:09', '4b57b9d3-2a58-4b08-b9fd-b609925c9261');
INSERT INTO `fields` (`id`, `groupId`, `name`, `handle`, `context`, `instructions`, `translatable`, `type`, `settings`, `dateCreated`, `dateUpdated`, `uid`) VALUES ('44', '2', 'Promotional Image', 'promotionalImage', 'global', 'The promotional image.', '0', 'Assets', '{\"useSingleFolder\":\"\",\"sources\":[\"folder:5\"],\"defaultUploadLocationSource\":\"1\",\"defaultUploadLocationSubpath\":\"\",\"singleUploadLocationSource\":\"1\",\"singleUploadLocationSubpath\":\"\",\"restrictFiles\":\"1\",\"allowedKinds\":[\"image\"],\"limit\":\"3\"}', '2015-04-30 05:49:29', '2015-05-06 02:25:21', '86c5f83c-4157-4842-a140-fbb78e3d456f');
INSERT INTO `fields` (`id`, `groupId`, `name`, `handle`, `context`, `instructions`, `translatable`, `type`, `settings`, `dateCreated`, `dateUpdated`, `uid`) VALUES ('45', '1', 'Dictionary', 'dictionary', 'global', 'The plain text copies.', '0', 'Table', '{\"columns\":{\"col1\":{\"heading\":\"id\",\"handle\":\"id\",\"width\":\"\",\"type\":\"singleline\"},\"col2\":{\"heading\":\"text\",\"handle\":\"text\",\"width\":\"\",\"type\":\"singleline\"}},\"defaults\":{\"row1\":{\"col1\":\"\",\"col2\":\"\"}}}', '2015-05-07 01:07:57', '2015-05-07 01:19:25', 'f3bff2da-5872-4f99-92ab-0bf78dfe6fe4');
INSERT INTO `fields` (`id`, `groupId`, `name`, `handle`, `context`, `instructions`, `translatable`, `type`, `settings`, `dateCreated`, `dateUpdated`, `uid`) VALUES ('46', '1', 'Social', 'social', 'global', 'The social links.', '0', 'Table', '{\"columns\":{\"col1\":{\"heading\":\"ID\",\"handle\":\"id\",\"width\":\"\",\"type\":\"singleline\"},\"col2\":{\"heading\":\"URL\",\"handle\":\"url\",\"width\":\"\",\"type\":\"singleline\"}},\"defaults\":{\"row1\":{\"col1\":\"\",\"col2\":\"\"}}}', '2015-05-08 06:04:30', '2015-05-08 06:04:30', '55e90611-788c-482f-8715-fcc1fc629b34');
INSERT INTO `fields` (`id`, `groupId`, `name`, `handle`, `context`, `instructions`, `translatable`, `type`, `settings`, `dateCreated`, `dateUpdated`, `uid`) VALUES ('47', '1', 'Quotation', 'quotation', 'global', 'The introductory quotation.', '0', 'RichText', '{\"configFile\":\"Simple.json\",\"cleanupHtml\":\"1\",\"purifyHtml\":\"\",\"columnType\":\"text\"}', '2015-05-10 17:13:24', '2015-05-10 17:18:10', '710f6a63-8bdb-47b7-a4f4-cda217868388');



DROP TABLE IF EXISTS `globalsets`;


--
-- Schema for table `globalsets`
--
CREATE TABLE `globalsets` (
  `id` int(11) NOT NULL,
  `name` varchar(255) COLLATE utf8_unicode_ci NOT NULL,
  `handle` varchar(255) COLLATE utf8_unicode_ci NOT NULL,
  `fieldLayoutId` int(10) DEFAULT NULL,
  `dateCreated` datetime NOT NULL,
  `dateUpdated` datetime NOT NULL,
  `uid` char(36) COLLATE utf8_unicode_ci NOT NULL DEFAULT '0',
  PRIMARY KEY (`id`),
  UNIQUE KEY `globalsets_name_unq_idx` (`name`),
  UNIQUE KEY `globalsets_handle_unq_idx` (`handle`),
  KEY `globalsets_fieldLayoutId_fk` (`fieldLayoutId`)
) ENGINE=InnoDB DEFAULT CHARSET=utf8 COLLATE=utf8_unicode_ci;

--
-- Data for table `globalsets`
--

INSERT INTO `globalsets` (`id`, `name`, `handle`, `fieldLayoutId`, `dateCreated`, `dateUpdated`, `uid`) VALUES ('50', 'Copy', 'copy', '72', '2015-05-07 01:06:40', '2015-05-07 01:18:57', '1856d33e-542f-4722-8b39-014cc6e0fab7');
INSERT INTO `globalsets` (`id`, `name`, `handle`, `fieldLayoutId`, `dateCreated`, `dateUpdated`, `uid`) VALUES ('51', 'Footer', 'footer', '74', '2015-05-08 06:02:44', '2015-05-08 06:04:50', '79f71516-e2c1-4284-a368-13d05cf30d3e');
INSERT INTO `globalsets` (`id`, `name`, `handle`, `fieldLayoutId`, `dateCreated`, `dateUpdated`, `uid`) VALUES ('52', 'Intro', 'intro', '76', '2015-05-10 17:10:44', '2015-05-10 17:13:57', 'd60fda39-e7ae-421e-a139-78a53cb7b46f');



DROP TABLE IF EXISTS `info`;


--
-- Schema for table `info`
--
CREATE TABLE `info` (
  `id` int(11) NOT NULL AUTO_INCREMENT,
  `version` varchar(15) COLLATE utf8_unicode_ci NOT NULL,
  `build` int(11) unsigned NOT NULL,
  `schemaVersion` varchar(15) COLLATE utf8_unicode_ci NOT NULL,
  `releaseDate` datetime NOT NULL,
  `edition` tinyint(1) unsigned NOT NULL DEFAULT '0',
  `siteName` varchar(100) COLLATE utf8_unicode_ci NOT NULL,
  `siteUrl` varchar(255) COLLATE utf8_unicode_ci NOT NULL,
  `timezone` varchar(30) COLLATE utf8_unicode_ci DEFAULT NULL,
  `on` tinyint(1) unsigned NOT NULL DEFAULT '0',
  `maintenance` tinyint(1) unsigned NOT NULL DEFAULT '0',
  `track` varchar(40) COLLATE utf8_unicode_ci NOT NULL,
  `dateCreated` datetime NOT NULL,
  `dateUpdated` datetime NOT NULL,
  `uid` char(36) COLLATE utf8_unicode_ci NOT NULL DEFAULT '0',
  PRIMARY KEY (`id`)
) ENGINE=InnoDB AUTO_INCREMENT=2 DEFAULT CHARSET=utf8 COLLATE=utf8_unicode_ci;

--
-- Data for table `info`
--

INSERT INTO `info` (`id`, `version`, `build`, `schemaVersion`, `releaseDate`, `edition`, `siteName`, `siteUrl`, `timezone`, `on`, `maintenance`, `track`, `dateCreated`, `dateUpdated`, `uid`) VALUES ('1', '2.3', '2644', '2.3.4', '2015-04-22 20:03:42', '1', 'Grace Experience', 'http://graceux.craft.dev', 'America/New_York', '1', '0', 'stable', '2015-04-26 20:07:20', '2015-04-29 03:41:05', '7ecc7284-40b3-4082-9674-07f5ca96f180');



DROP TABLE IF EXISTS `locales`;


--
-- Schema for table `locales`
--
CREATE TABLE `locales` (
  `locale` char(12) COLLATE utf8_unicode_ci NOT NULL,
  `sortOrder` tinyint(4) DEFAULT NULL,
  `dateCreated` datetime NOT NULL,
  `dateUpdated` datetime NOT NULL,
  `uid` char(36) COLLATE utf8_unicode_ci NOT NULL DEFAULT '0',
  PRIMARY KEY (`locale`),
  KEY `locales_sortOrder_idx` (`sortOrder`)
) ENGINE=InnoDB DEFAULT CHARSET=utf8 COLLATE=utf8_unicode_ci;

--
-- Data for table `locales`
--

INSERT INTO `locales` (`locale`, `sortOrder`, `dateCreated`, `dateUpdated`, `uid`) VALUES ('en_us', '1', '2015-04-26 20:07:21', '2015-04-26 20:07:21', 'ea696e2e-bfa5-425a-9e4c-0f179e756185');



DROP TABLE IF EXISTS `matrixblocks`;


--
-- Schema for table `matrixblocks`
--
CREATE TABLE `matrixblocks` (
  `id` int(11) NOT NULL,
  `ownerId` int(11) NOT NULL,
  `fieldId` int(11) NOT NULL,
  `typeId` int(11) DEFAULT NULL,
  `sortOrder` tinyint(4) DEFAULT NULL,
  `ownerLocale` char(12) COLLATE utf8_unicode_ci DEFAULT NULL,
  `dateCreated` datetime NOT NULL,
  `dateUpdated` datetime NOT NULL,
  `uid` char(36) COLLATE utf8_unicode_ci NOT NULL DEFAULT '0',
  PRIMARY KEY (`id`),
  KEY `matrixblocks_ownerId_idx` (`ownerId`),
  KEY `matrixblocks_fieldId_idx` (`fieldId`),
  KEY `matrixblocks_typeId_idx` (`typeId`),
  KEY `matrixblocks_sortOrder_idx` (`sortOrder`),
  KEY `matrixblocks_ownerLocale_fk` (`ownerLocale`)
) ENGINE=InnoDB DEFAULT CHARSET=utf8 COLLATE=utf8_unicode_ci;

--
-- Data for table `matrixblocks`
--

INSERT INTO `matrixblocks` (`id`, `ownerId`, `fieldId`, `typeId`, `sortOrder`, `ownerLocale`, `dateCreated`, `dateUpdated`, `uid`) VALUES ('13', '12', '25', '2', '1', NULL, '2015-05-06 02:06:59', '2015-05-06 02:27:39', 'cd8aa83f-2165-43dc-b8c0-d27ee8657ec7');
INSERT INTO `matrixblocks` (`id`, `ownerId`, `fieldId`, `typeId`, `sortOrder`, `ownerLocale`, `dateCreated`, `dateUpdated`, `uid`) VALUES ('19', '10', '25', '2', '1', NULL, '2015-05-06 02:29:06', '2015-05-06 03:17:43', '19f15121-5cd1-455e-9f28-3fdd946f490d');
INSERT INTO `matrixblocks` (`id`, `ownerId`, `fieldId`, `typeId`, `sortOrder`, `ownerLocale`, `dateCreated`, `dateUpdated`, `uid`) VALUES ('20', '9', '25', '2', '1', NULL, '2015-05-06 02:30:50', '2015-05-06 02:32:04', '2d0e7930-9047-4ae0-9c2e-6db7d7fb6720');
INSERT INTO `matrixblocks` (`id`, `ownerId`, `fieldId`, `typeId`, `sortOrder`, `ownerLocale`, `dateCreated`, `dateUpdated`, `uid`) VALUES ('21', '6', '25', '2', '1', NULL, '2015-05-06 02:31:29', '2015-05-06 02:31:29', '3b9078eb-e572-47db-9f05-9c6409a9eaa8');
INSERT INTO `matrixblocks` (`id`, `ownerId`, `fieldId`, `typeId`, `sortOrder`, `ownerLocale`, `dateCreated`, `dateUpdated`, `uid`) VALUES ('23', '22', '25', '2', '1', NULL, '2015-05-06 02:40:58', '2015-05-06 02:40:58', '30d9e15a-4419-47d9-919c-e7944f039174');
INSERT INTO `matrixblocks` (`id`, `ownerId`, `fieldId`, `typeId`, `sortOrder`, `ownerLocale`, `dateCreated`, `dateUpdated`, `uid`) VALUES ('25', '24', '25', '2', '1', NULL, '2015-05-06 02:43:23', '2015-05-06 02:43:23', 'c242689c-87ce-4e79-ba7f-2414d60598e6');
INSERT INTO `matrixblocks` (`id`, `ownerId`, `fieldId`, `typeId`, `sortOrder`, `ownerLocale`, `dateCreated`, `dateUpdated`, `uid`) VALUES ('27', '26', '25', '2', '1', NULL, '2015-05-06 02:50:43', '2015-05-06 02:50:43', '5722ebfe-02c5-47be-bf71-5feaa246d4ab');
INSERT INTO `matrixblocks` (`id`, `ownerId`, `fieldId`, `typeId`, `sortOrder`, `ownerLocale`, `dateCreated`, `dateUpdated`, `uid`) VALUES ('29', '28', '25', '2', '1', NULL, '2015-05-06 03:14:49', '2015-05-06 03:14:49', 'c3cee91d-b068-4b76-acb5-f8626a1127db');
INSERT INTO `matrixblocks` (`id`, `ownerId`, `fieldId`, `typeId`, `sortOrder`, `ownerLocale`, `dateCreated`, `dateUpdated`, `uid`) VALUES ('31', '30', '25', '2', '1', NULL, '2015-05-06 03:16:59', '2015-05-06 03:16:59', '4cdf41cf-fa89-478e-bc90-1944cef0c1b5');
INSERT INTO `matrixblocks` (`id`, `ownerId`, `fieldId`, `typeId`, `sortOrder`, `ownerLocale`, `dateCreated`, `dateUpdated`, `uid`) VALUES ('33', '32', '25', '2', '1', NULL, '2015-05-06 03:19:41', '2015-05-06 03:19:41', 'b5904e6c-a664-4fb7-ad0c-4ca956b947d2');
INSERT INTO `matrixblocks` (`id`, `ownerId`, `fieldId`, `typeId`, `sortOrder`, `ownerLocale`, `dateCreated`, `dateUpdated`, `uid`) VALUES ('35', '34', '25', '2', '1', NULL, '2015-05-06 03:22:55', '2015-05-06 03:22:55', 'd24b2e7e-8b30-411b-ab9c-1e0bf5f978ac');
INSERT INTO `matrixblocks` (`id`, `ownerId`, `fieldId`, `typeId`, `sortOrder`, `ownerLocale`, `dateCreated`, `dateUpdated`, `uid`) VALUES ('37', '36', '25', '2', '1', NULL, '2015-05-06 03:24:59', '2015-05-06 03:24:59', '644ac307-57a2-4a34-a055-c7d318ed4cda');
INSERT INTO `matrixblocks` (`id`, `ownerId`, `fieldId`, `typeId`, `sortOrder`, `ownerLocale`, `dateCreated`, `dateUpdated`, `uid`) VALUES ('39', '38', '25', '2', '1', NULL, '2015-05-06 03:35:44', '2015-05-06 03:35:44', '527cc082-0e78-482b-92a2-330a7bd7188b');
INSERT INTO `matrixblocks` (`id`, `ownerId`, `fieldId`, `typeId`, `sortOrder`, `ownerLocale`, `dateCreated`, `dateUpdated`, `uid`) VALUES ('41', '40', '25', '2', '1', NULL, '2015-05-06 03:38:20', '2015-05-06 03:38:20', '7f3efcf1-f2c7-4c06-b74f-0a6c82869085');
INSERT INTO `matrixblocks` (`id`, `ownerId`, `fieldId`, `typeId`, `sortOrder`, `ownerLocale`, `dateCreated`, `dateUpdated`, `uid`) VALUES ('43', '42', '25', '2', '1', NULL, '2015-05-06 03:41:09', '2015-05-06 03:41:09', 'd221925c-1ce9-4a9f-8347-b891c1e8215a');
INSERT INTO `matrixblocks` (`id`, `ownerId`, `fieldId`, `typeId`, `sortOrder`, `ownerLocale`, `dateCreated`, `dateUpdated`, `uid`) VALUES ('45', '44', '25', '2', '1', NULL, '2015-05-06 03:44:04', '2015-05-06 03:44:04', '2dd8768f-e177-44f4-9ae3-1d3acb62bae4');
INSERT INTO `matrixblocks` (`id`, `ownerId`, `fieldId`, `typeId`, `sortOrder`, `ownerLocale`, `dateCreated`, `dateUpdated`, `uid`) VALUES ('47', '46', '25', '2', '1', NULL, '2015-05-06 03:46:09', '2015-05-06 03:46:09', '73ad9b31-4405-4c39-ae65-3dea694dad18');
INSERT INTO `matrixblocks` (`id`, `ownerId`, `fieldId`, `typeId`, `sortOrder`, `ownerLocale`, `dateCreated`, `dateUpdated`, `uid`) VALUES ('49', '48', '25', '2', '1', NULL, '2015-05-06 03:48:04', '2015-05-06 03:48:04', '61060e78-b15f-4dff-a6b5-bac6bc836071');



DROP TABLE IF EXISTS `matrixblocktypes`;


--
-- Schema for table `matrixblocktypes`
--
CREATE TABLE `matrixblocktypes` (
  `id` int(11) NOT NULL AUTO_INCREMENT,
  `fieldId` int(11) NOT NULL,
  `fieldLayoutId` int(11) DEFAULT NULL,
  `name` varchar(255) COLLATE utf8_unicode_ci NOT NULL,
  `handle` varchar(255) COLLATE utf8_unicode_ci NOT NULL,
  `sortOrder` tinyint(4) DEFAULT NULL,
  `dateCreated` datetime NOT NULL,
  `dateUpdated` datetime NOT NULL,
  `uid` char(36) COLLATE utf8_unicode_ci NOT NULL DEFAULT '0',
  PRIMARY KEY (`id`),
  UNIQUE KEY `matrixblocktypes_name_fieldId_unq_idx` (`name`,`fieldId`),
  UNIQUE KEY `matrixblocktypes_handle_fieldId_unq_idx` (`handle`,`fieldId`),
  KEY `matrixblocktypes_fieldId_fk` (`fieldId`),
  KEY `matrixblocktypes_fieldLayoutId_fk` (`fieldLayoutId`)
) ENGINE=InnoDB AUTO_INCREMENT=6 DEFAULT CHARSET=utf8 COLLATE=utf8_unicode_ci;

--
-- Data for table `matrixblocktypes`
--

INSERT INTO `matrixblocktypes` (`id`, `fieldId`, `fieldLayoutId`, `name`, `handle`, `sortOrder`, `dateCreated`, `dateUpdated`, `uid`) VALUES ('1', '4', '11', 'Information Block', 'informationBlock', '1', '2015-04-29 04:07:23', '2015-04-29 04:07:24', '62b55ec7-2937-4b33-b2ee-312c728abf1d');
INSERT INTO `matrixblocktypes` (`id`, `fieldId`, `fieldLayoutId`, `name`, `handle`, `sortOrder`, `dateCreated`, `dateUpdated`, `uid`) VALUES ('2', '25', '66', 'Media Feature', 'mediaFeature', '1', '2015-04-30 05:34:00', '2015-05-06 02:29:36', '0141316f-4821-4769-b44e-8bc07ba5a5e1');
INSERT INTO `matrixblocktypes` (`id`, `fieldId`, `fieldLayoutId`, `name`, `handle`, `sortOrder`, `dateCreated`, `dateUpdated`, `uid`) VALUES ('3', '25', '67', 'Wireframe Feature', 'wireframeFeature', '2', '2015-04-30 05:34:00', '2015-05-06 02:29:36', 'e6301f52-2d87-44eb-b346-c3bd42a06341');
INSERT INTO `matrixblocktypes` (`id`, `fieldId`, `fieldLayoutId`, `name`, `handle`, `sortOrder`, `dateCreated`, `dateUpdated`, `uid`) VALUES ('4', '25', '68', 'Comparison Feature', 'comparisonFeature', '3', '2015-04-30 05:34:01', '2015-05-06 02:29:37', 'bc3c1b7d-9101-45ac-b701-2fc15624e57c');
INSERT INTO `matrixblocktypes` (`id`, `fieldId`, `fieldLayoutId`, `name`, `handle`, `sortOrder`, `dateCreated`, `dateUpdated`, `uid`) VALUES ('5', '39', '44', 'Step', 'step', '1', '2015-04-30 05:42:47', '2015-04-30 05:42:48', 'c6aa26cb-b420-43f2-b3e2-40a31c644eb2');



DROP TABLE IF EXISTS `matrixcontent_analysisflow`;


--
-- Schema for table `matrixcontent_analysisflow`
--
CREATE TABLE `matrixcontent_analysisflow` (
  `id` int(11) NOT NULL AUTO_INCREMENT,
  `elementId` int(11) NOT NULL,
  `locale` char(12) COLLATE utf8_unicode_ci NOT NULL,
  `field_step_caption` text COLLATE utf8_unicode_ci,
  `dateCreated` datetime NOT NULL,
  `dateUpdated` datetime NOT NULL,
  `uid` char(36) COLLATE utf8_unicode_ci NOT NULL DEFAULT '0',
  PRIMARY KEY (`id`),
  UNIQUE KEY `matrixcontent_analysisflow_elementId_locale_unq_idx` (`elementId`,`locale`),
  KEY `matrixcontent_analysisflow_locale_fk` (`locale`)
) ENGINE=InnoDB DEFAULT CHARSET=utf8 COLLATE=utf8_unicode_ci;

DROP TABLE IF EXISTS `matrixcontent_feature`;


--
-- Schema for table `matrixcontent_feature`
--
CREATE TABLE `matrixcontent_feature` (
  `id` int(11) NOT NULL AUTO_INCREMENT,
  `elementId` int(11) NOT NULL,
  `locale` char(12) COLLATE utf8_unicode_ci NOT NULL,
  `field_mediaFeature_heading` varchar(30) COLLATE utf8_unicode_ci DEFAULT NULL,
  `field_mediaFeature_body` text COLLATE utf8_unicode_ci,
  `field_mediaFeature_layout` varchar(255) COLLATE utf8_unicode_ci DEFAULT 'fluid',
  `field_wireframeFeature_heading` varchar(30) COLLATE utf8_unicode_ci DEFAULT NULL,
  `field_wireframeFeature_body` text COLLATE utf8_unicode_ci,
  `field_wireframeFeature_layout` varchar(255) COLLATE utf8_unicode_ci DEFAULT 'fluid',
  `field_wireframeFeature_annotations` text COLLATE utf8_unicode_ci,
  `field_comparisonFeature_heading` varchar(30) COLLATE utf8_unicode_ci DEFAULT NULL,
  `field_comparisonFeature_body` text COLLATE utf8_unicode_ci,
  `dateCreated` datetime NOT NULL,
  `dateUpdated` datetime NOT NULL,
  `uid` char(36) COLLATE utf8_unicode_ci NOT NULL DEFAULT '0',
  PRIMARY KEY (`id`),
  UNIQUE KEY `matrixcontent_feature_elementId_locale_unq_idx` (`elementId`,`locale`),
  KEY `matrixcontent_feature_locale_fk` (`locale`)
) ENGINE=InnoDB AUTO_INCREMENT=19 DEFAULT CHARSET=utf8 COLLATE=utf8_unicode_ci;

--
-- Data for table `matrixcontent_feature`
--

INSERT INTO `matrixcontent_feature` (`id`, `elementId`, `locale`, `field_mediaFeature_heading`, `field_mediaFeature_body`, `field_mediaFeature_layout`, `field_wireframeFeature_heading`, `field_wireframeFeature_body`, `field_wireframeFeature_layout`, `field_wireframeFeature_annotations`, `field_comparisonFeature_heading`, `field_comparisonFeature_body`, `dateCreated`, `dateUpdated`, `uid`) VALUES ('1', '13', 'en_us', 'This is Feature 1', '<p>This is feature 1 text.</p>', 'fluid', NULL, NULL, NULL, NULL, NULL, NULL, '2015-05-06 02:06:59', '2015-05-06 02:27:39', '0af48ecb-6f37-4b81-9332-62b7ba2dc043');
INSERT INTO `matrixcontent_feature` (`id`, `elementId`, `locale`, `field_mediaFeature_heading`, `field_mediaFeature_body`, `field_mediaFeature_layout`, `field_wireframeFeature_heading`, `field_wireframeFeature_body`, `field_wireframeFeature_layout`, `field_wireframeFeature_annotations`, `field_comparisonFeature_heading`, `field_comparisonFeature_body`, `dateCreated`, `dateUpdated`, `uid`) VALUES ('2', '19', 'en_us', 'Feature 1', '<p>This is the feature texts.</p>', 'fluid', NULL, NULL, NULL, NULL, NULL, NULL, '2015-05-06 02:29:06', '2015-05-06 03:17:43', 'f942dd87-541e-4dac-b851-b101033bb61e');
INSERT INTO `matrixcontent_feature` (`id`, `elementId`, `locale`, `field_mediaFeature_heading`, `field_mediaFeature_body`, `field_mediaFeature_layout`, `field_wireframeFeature_heading`, `field_wireframeFeature_body`, `field_wireframeFeature_layout`, `field_wireframeFeature_annotations`, `field_comparisonFeature_heading`, `field_comparisonFeature_body`, `dateCreated`, `dateUpdated`, `uid`) VALUES ('3', '20', 'en_us', 'Feature1', '<p>This is feature1 texts.</p>', 'fluid', NULL, NULL, NULL, NULL, NULL, NULL, '2015-05-06 02:30:50', '2015-05-06 02:32:04', '49d20c9e-8024-4363-9a4e-41187252bb0e');
INSERT INTO `matrixcontent_feature` (`id`, `elementId`, `locale`, `field_mediaFeature_heading`, `field_mediaFeature_body`, `field_mediaFeature_layout`, `field_wireframeFeature_heading`, `field_wireframeFeature_body`, `field_wireframeFeature_layout`, `field_wireframeFeature_annotations`, `field_comparisonFeature_heading`, `field_comparisonFeature_body`, `dateCreated`, `dateUpdated`, `uid`) VALUES ('4', '21', 'en_us', 'Feature 1', '<p>This is feature 1 texts.</p>', 'fluid', NULL, NULL, NULL, NULL, NULL, NULL, '2015-05-06 02:31:29', '2015-05-06 02:31:29', 'c27d79e7-653c-4c57-92ee-7cc8ffd1dbce');
INSERT INTO `matrixcontent_feature` (`id`, `elementId`, `locale`, `field_mediaFeature_heading`, `field_mediaFeature_body`, `field_mediaFeature_layout`, `field_wireframeFeature_heading`, `field_wireframeFeature_body`, `field_wireframeFeature_layout`, `field_wireframeFeature_annotations`, `field_comparisonFeature_heading`, `field_comparisonFeature_body`, `dateCreated`, `dateUpdated`, `uid`) VALUES ('5', '23', 'en_us', 'Feature 1', '<p>This is feature 1 texts.</p>', 'fluid', NULL, NULL, NULL, NULL, NULL, NULL, '2015-05-06 02:40:58', '2015-05-06 02:40:58', '55debf0f-b3e2-4904-b671-0b7bad2aeb40');
INSERT INTO `matrixcontent_feature` (`id`, `elementId`, `locale`, `field_mediaFeature_heading`, `field_mediaFeature_body`, `field_mediaFeature_layout`, `field_wireframeFeature_heading`, `field_wireframeFeature_body`, `field_wireframeFeature_layout`, `field_wireframeFeature_annotations`, `field_comparisonFeature_heading`, `field_comparisonFeature_body`, `dateCreated`, `dateUpdated`, `uid`) VALUES ('6', '25', 'en_us', 'Feature 1', '<p>This is feature 1 texts.</p>', 'fluid', NULL, NULL, NULL, NULL, NULL, NULL, '2015-05-06 02:43:23', '2015-05-06 02:43:23', '540a4b86-79ed-4886-8b38-3a1341acc915');
INSERT INTO `matrixcontent_feature` (`id`, `elementId`, `locale`, `field_mediaFeature_heading`, `field_mediaFeature_body`, `field_mediaFeature_layout`, `field_wireframeFeature_heading`, `field_wireframeFeature_body`, `field_wireframeFeature_layout`, `field_wireframeFeature_annotations`, `field_comparisonFeature_heading`, `field_comparisonFeature_body`, `dateCreated`, `dateUpdated`, `uid`) VALUES ('7', '27', 'en_us', 'Feature 1', '<p>This is feature 1 texts.</p>', 'fluid', NULL, NULL, NULL, NULL, NULL, NULL, '2015-05-06 02:50:43', '2015-05-06 02:50:43', '051e8778-3497-4e45-bbe3-a2e51c5b9740');
INSERT INTO `matrixcontent_feature` (`id`, `elementId`, `locale`, `field_mediaFeature_heading`, `field_mediaFeature_body`, `field_mediaFeature_layout`, `field_wireframeFeature_heading`, `field_wireframeFeature_body`, `field_wireframeFeature_layout`, `field_wireframeFeature_annotations`, `field_comparisonFeature_heading`, `field_comparisonFeature_body`, `dateCreated`, `dateUpdated`, `uid`) VALUES ('8', '29', 'en_us', 'Feature 1', '<p>This is project feature 1 texts.</p>', 'fluid', NULL, NULL, NULL, NULL, NULL, NULL, '2015-05-06 03:14:49', '2015-05-06 03:14:49', 'b0c89596-d0f7-4368-b6c7-49ab08510e13');
INSERT INTO `matrixcontent_feature` (`id`, `elementId`, `locale`, `field_mediaFeature_heading`, `field_mediaFeature_body`, `field_mediaFeature_layout`, `field_wireframeFeature_heading`, `field_wireframeFeature_body`, `field_wireframeFeature_layout`, `field_wireframeFeature_annotations`, `field_comparisonFeature_heading`, `field_comparisonFeature_body`, `dateCreated`, `dateUpdated`, `uid`) VALUES ('9', '31', 'en_us', 'Feature 1', '<p>This is feature 1 texts.</p>', 'fluid', NULL, NULL, NULL, NULL, NULL, NULL, '2015-05-06 03:16:59', '2015-05-06 03:16:59', '7d309e3a-3f73-4fae-8594-fe4559c1a268');
INSERT INTO `matrixcontent_feature` (`id`, `elementId`, `locale`, `field_mediaFeature_heading`, `field_mediaFeature_body`, `field_mediaFeature_layout`, `field_wireframeFeature_heading`, `field_wireframeFeature_body`, `field_wireframeFeature_layout`, `field_wireframeFeature_annotations`, `field_comparisonFeature_heading`, `field_comparisonFeature_body`, `dateCreated`, `dateUpdated`, `uid`) VALUES ('10', '33', 'en_us', 'Feature 1', '<p>This is feature1 texts.</p>', 'fluid', NULL, NULL, NULL, NULL, NULL, NULL, '2015-05-06 03:19:41', '2015-05-06 03:19:41', '5300e04b-3bea-4b40-ba17-41f4562b718b');
INSERT INTO `matrixcontent_feature` (`id`, `elementId`, `locale`, `field_mediaFeature_heading`, `field_mediaFeature_body`, `field_mediaFeature_layout`, `field_wireframeFeature_heading`, `field_wireframeFeature_body`, `field_wireframeFeature_layout`, `field_wireframeFeature_annotations`, `field_comparisonFeature_heading`, `field_comparisonFeature_body`, `dateCreated`, `dateUpdated`, `uid`) VALUES ('11', '35', 'en_us', 'Feature 1', '<p>This is feature 1 texts.</p>', 'fluid', NULL, NULL, NULL, NULL, NULL, NULL, '2015-05-06 03:22:55', '2015-05-06 03:22:55', 'f15cb2fc-165d-48de-836e-4385136b8997');
INSERT INTO `matrixcontent_feature` (`id`, `elementId`, `locale`, `field_mediaFeature_heading`, `field_mediaFeature_body`, `field_mediaFeature_layout`, `field_wireframeFeature_heading`, `field_wireframeFeature_body`, `field_wireframeFeature_layout`, `field_wireframeFeature_annotations`, `field_comparisonFeature_heading`, `field_comparisonFeature_body`, `dateCreated`, `dateUpdated`, `uid`) VALUES ('12', '37', 'en_us', 'Feature 1', '<p>This is feature 1 texts.</p>', 'fluid', NULL, NULL, NULL, NULL, NULL, NULL, '2015-05-06 03:24:59', '2015-05-06 03:24:59', '13f6537b-1d08-44c1-ab07-7684129e6b1f');
INSERT INTO `matrixcontent_feature` (`id`, `elementId`, `locale`, `field_mediaFeature_heading`, `field_mediaFeature_body`, `field_mediaFeature_layout`, `field_wireframeFeature_heading`, `field_wireframeFeature_body`, `field_wireframeFeature_layout`, `field_wireframeFeature_annotations`, `field_comparisonFeature_heading`, `field_comparisonFeature_body`, `dateCreated`, `dateUpdated`, `uid`) VALUES ('13', '39', 'en_us', 'Feature 1', '<p>This is project feature 1 texts.</p>', 'fluid', NULL, NULL, NULL, NULL, NULL, NULL, '2015-05-06 03:35:44', '2015-05-06 03:35:44', '2587ca79-7515-47fa-8ad0-4d935373f1f5');
INSERT INTO `matrixcontent_feature` (`id`, `elementId`, `locale`, `field_mediaFeature_heading`, `field_mediaFeature_body`, `field_mediaFeature_layout`, `field_wireframeFeature_heading`, `field_wireframeFeature_body`, `field_wireframeFeature_layout`, `field_wireframeFeature_annotations`, `field_comparisonFeature_heading`, `field_comparisonFeature_body`, `dateCreated`, `dateUpdated`, `uid`) VALUES ('14', '41', 'en_us', 'Feature 1', '<p>This is feature 1 texts.</p>', 'fluid', NULL, NULL, NULL, NULL, NULL, NULL, '2015-05-06 03:38:20', '2015-05-06 03:38:20', 'a041d2e4-89e0-4afd-808b-7d6fa3ce8b9c');
INSERT INTO `matrixcontent_feature` (`id`, `elementId`, `locale`, `field_mediaFeature_heading`, `field_mediaFeature_body`, `field_mediaFeature_layout`, `field_wireframeFeature_heading`, `field_wireframeFeature_body`, `field_wireframeFeature_layout`, `field_wireframeFeature_annotations`, `field_comparisonFeature_heading`, `field_comparisonFeature_body`, `dateCreated`, `dateUpdated`, `uid`) VALUES ('15', '43', 'en_us', 'Feature 1', '<p>This is feature 1 texts.</p>', 'fluid', NULL, NULL, NULL, NULL, NULL, NULL, '2015-05-06 03:41:09', '2015-05-06 03:41:09', '8a792cb5-387a-4074-a458-c6a0035797b3');
INSERT INTO `matrixcontent_feature` (`id`, `elementId`, `locale`, `field_mediaFeature_heading`, `field_mediaFeature_body`, `field_mediaFeature_layout`, `field_wireframeFeature_heading`, `field_wireframeFeature_body`, `field_wireframeFeature_layout`, `field_wireframeFeature_annotations`, `field_comparisonFeature_heading`, `field_comparisonFeature_body`, `dateCreated`, `dateUpdated`, `uid`) VALUES ('16', '45', 'en_us', 'Feature 1', '<p>This is feature 1 texts.</p>', 'fluid', NULL, NULL, NULL, NULL, NULL, NULL, '2015-05-06 03:44:04', '2015-05-06 03:44:04', '5da3afc8-3c69-460c-aec1-fa80526390ff');
INSERT INTO `matrixcontent_feature` (`id`, `elementId`, `locale`, `field_mediaFeature_heading`, `field_mediaFeature_body`, `field_mediaFeature_layout`, `field_wireframeFeature_heading`, `field_wireframeFeature_body`, `field_wireframeFeature_layout`, `field_wireframeFeature_annotations`, `field_comparisonFeature_heading`, `field_comparisonFeature_body`, `dateCreated`, `dateUpdated`, `uid`) VALUES ('17', '47', 'en_us', 'Feature 1', '<p>This is feature 1 texts.</p>', 'fluid', NULL, NULL, NULL, NULL, NULL, NULL, '2015-05-06 03:46:09', '2015-05-06 03:46:09', 'baed9c6d-e80b-4791-ab7e-8f45e0c37925');
INSERT INTO `matrixcontent_feature` (`id`, `elementId`, `locale`, `field_mediaFeature_heading`, `field_mediaFeature_body`, `field_mediaFeature_layout`, `field_wireframeFeature_heading`, `field_wireframeFeature_body`, `field_wireframeFeature_layout`, `field_wireframeFeature_annotations`, `field_comparisonFeature_heading`, `field_comparisonFeature_body`, `dateCreated`, `dateUpdated`, `uid`) VALUES ('18', '49', 'en_us', 'Feature 1', '<p>This is the feature 1 texts.</p>', 'fluid', NULL, NULL, NULL, NULL, NULL, NULL, '2015-05-06 03:48:04', '2015-05-06 03:48:04', '1f7926e3-9967-40c7-96b9-a1b5e0d8815a');



DROP TABLE IF EXISTS `matrixcontent_information`;


--
-- Schema for table `matrixcontent_information`
--
CREATE TABLE `matrixcontent_information` (
  `id` int(11) NOT NULL AUTO_INCREMENT,
  `elementId` int(11) NOT NULL,
  `locale` char(12) COLLATE utf8_unicode_ci NOT NULL,
  `field_informationBlock_year` smallint(4) unsigned DEFAULT '0',
  `field_informationBlock_client` text COLLATE utf8_unicode_ci,
  `field_informationBlock_clientUrl` text COLLATE utf8_unicode_ci,
  `field_informationBlock_tools` varchar(255) COLLATE utf8_unicode_ci DEFAULT NULL,
  `dateCreated` datetime NOT NULL,
  `dateUpdated` datetime NOT NULL,
  `uid` char(36) COLLATE utf8_unicode_ci NOT NULL DEFAULT '0',
  PRIMARY KEY (`id`),
  UNIQUE KEY `matrixcontent_information_elementId_locale_unq_idx` (`elementId`,`locale`),
  KEY `matrixcontent_information_locale_fk` (`locale`)
) ENGINE=InnoDB DEFAULT CHARSET=utf8 COLLATE=utf8_unicode_ci;

DROP TABLE IF EXISTS `migrations`;


--
-- Schema for table `migrations`
--
CREATE TABLE `migrations` (
  `id` int(11) NOT NULL AUTO_INCREMENT,
  `pluginId` int(11) DEFAULT NULL,
  `version` varchar(255) COLLATE utf8_unicode_ci NOT NULL,
  `applyTime` datetime NOT NULL,
  `dateCreated` datetime NOT NULL,
  `dateUpdated` datetime NOT NULL,
  `uid` char(36) COLLATE utf8_unicode_ci NOT NULL DEFAULT '0',
  PRIMARY KEY (`id`),
  UNIQUE KEY `migrations_version_unq_idx` (`version`),
  KEY `migrations_pluginId_fk` (`pluginId`)
) ENGINE=InnoDB AUTO_INCREMENT=16 DEFAULT CHARSET=utf8 COLLATE=utf8_unicode_ci;

--
-- Data for table `migrations`
--

INSERT INTO `migrations` (`id`, `pluginId`, `version`, `applyTime`, `dateCreated`, `dateUpdated`, `uid`) VALUES ('1', NULL, 'm000000_000000_base', '2015-04-26 20:07:21', '2015-04-26 20:07:21', '2015-04-26 20:07:21', 'dbd2333e-8740-458c-bf24-d5ac89f824f7');
INSERT INTO `migrations` (`id`, `pluginId`, `version`, `applyTime`, `dateCreated`, `dateUpdated`, `uid`) VALUES ('2', NULL, 'm140730_000001_add_filename_and_format_to_transformindex', '2015-04-26 20:07:21', '2015-04-26 20:07:21', '2015-04-26 20:07:21', '8e396360-9271-4651-a49b-5a6153b30424');
INSERT INTO `migrations` (`id`, `pluginId`, `version`, `applyTime`, `dateCreated`, `dateUpdated`, `uid`) VALUES ('3', NULL, 'm140815_000001_add_format_to_transforms', '2015-04-26 20:07:21', '2015-04-26 20:07:21', '2015-04-26 20:07:21', '938f4290-28b3-4300-a569-d2762a28402b');
INSERT INTO `migrations` (`id`, `pluginId`, `version`, `applyTime`, `dateCreated`, `dateUpdated`, `uid`) VALUES ('4', NULL, 'm140822_000001_allow_more_than_128_items_per_field', '2015-04-26 20:07:21', '2015-04-26 20:07:21', '2015-04-26 20:07:21', '3ed1e5a0-2cf3-47f0-96c1-79b388b734a3');
INSERT INTO `migrations` (`id`, `pluginId`, `version`, `applyTime`, `dateCreated`, `dateUpdated`, `uid`) VALUES ('5', NULL, 'm140829_000001_single_title_formats', '2015-04-26 20:07:21', '2015-04-26 20:07:21', '2015-04-26 20:07:21', '1ab88a1e-0212-4535-abfe-96ff3446cb9c');
INSERT INTO `migrations` (`id`, `pluginId`, `version`, `applyTime`, `dateCreated`, `dateUpdated`, `uid`) VALUES ('6', NULL, 'm140831_000001_extended_cache_keys', '2015-04-26 20:07:21', '2015-04-26 20:07:21', '2015-04-26 20:07:21', '8c32ecc8-ea39-42ca-825d-2f37fc84a356');
INSERT INTO `migrations` (`id`, `pluginId`, `version`, `applyTime`, `dateCreated`, `dateUpdated`, `uid`) VALUES ('7', NULL, 'm140922_000001_delete_orphaned_matrix_blocks', '2015-04-26 20:07:21', '2015-04-26 20:07:21', '2015-04-26 20:07:21', 'fb7a58d6-5741-46a5-800f-6b5992435606');
INSERT INTO `migrations` (`id`, `pluginId`, `version`, `applyTime`, `dateCreated`, `dateUpdated`, `uid`) VALUES ('8', NULL, 'm141008_000001_elements_index_tune', '2015-04-26 20:07:21', '2015-04-26 20:07:21', '2015-04-26 20:07:21', '26aab2c6-b9fa-4adc-89bc-79d40eb0ec2b');
INSERT INTO `migrations` (`id`, `pluginId`, `version`, `applyTime`, `dateCreated`, `dateUpdated`, `uid`) VALUES ('9', NULL, 'm141009_000001_assets_source_handle', '2015-04-26 20:07:21', '2015-04-26 20:07:21', '2015-04-26 20:07:21', '2423f381-e5e3-4e92-85c8-e47c18cca4a1');
INSERT INTO `migrations` (`id`, `pluginId`, `version`, `applyTime`, `dateCreated`, `dateUpdated`, `uid`) VALUES ('10', NULL, 'm141024_000001_field_layout_tabs', '2015-04-26 20:07:21', '2015-04-26 20:07:21', '2015-04-26 20:07:21', '2018d236-1e57-4e97-887f-c41da4dd814a');
INSERT INTO `migrations` (`id`, `pluginId`, `version`, `applyTime`, `dateCreated`, `dateUpdated`, `uid`) VALUES ('11', NULL, 'm141030_000001_drop_structure_move_permission', '2015-04-26 20:07:21', '2015-04-26 20:07:21', '2015-04-26 20:07:21', '458c028d-08a7-4159-bd6b-c911e0fa214f');
INSERT INTO `migrations` (`id`, `pluginId`, `version`, `applyTime`, `dateCreated`, `dateUpdated`, `uid`) VALUES ('12', NULL, 'm141103_000001_tag_titles', '2015-04-26 20:07:21', '2015-04-26 20:07:21', '2015-04-26 20:07:21', '6e001b34-2c24-40c7-8cd0-949785ab7c0e');
INSERT INTO `migrations` (`id`, `pluginId`, `version`, `applyTime`, `dateCreated`, `dateUpdated`, `uid`) VALUES ('13', NULL, 'm141109_000001_user_status_shuffle', '2015-04-26 20:07:21', '2015-04-26 20:07:21', '2015-04-26 20:07:21', 'eade170f-04ca-4ae7-84bb-d819491d58be');
INSERT INTO `migrations` (`id`, `pluginId`, `version`, `applyTime`, `dateCreated`, `dateUpdated`, `uid`) VALUES ('14', NULL, 'm141126_000001_user_week_start_day', '2015-04-26 20:07:21', '2015-04-26 20:07:21', '2015-04-26 20:07:21', 'cf05e219-ed26-455a-a5db-929f6208a288');
INSERT INTO `migrations` (`id`, `pluginId`, `version`, `applyTime`, `dateCreated`, `dateUpdated`, `uid`) VALUES ('15', NULL, 'm150210_000001_adjust_user_photo_size', '2015-04-26 20:07:21', '2015-04-26 20:07:21', '2015-04-26 20:07:21', '17730f5a-b90b-453b-99f2-3eafe05065be');



DROP TABLE IF EXISTS `plugins`;


--
-- Schema for table `plugins`
--
CREATE TABLE `plugins` (
  `id` int(11) NOT NULL AUTO_INCREMENT,
  `class` varchar(150) COLLATE utf8_unicode_ci NOT NULL,
  `version` char(15) COLLATE utf8_unicode_ci NOT NULL,
  `enabled` tinyint(1) unsigned NOT NULL DEFAULT '0',
  `settings` text COLLATE utf8_unicode_ci,
  `installDate` datetime NOT NULL,
  `dateCreated` datetime NOT NULL,
  `dateUpdated` datetime NOT NULL,
  `uid` char(36) COLLATE utf8_unicode_ci NOT NULL DEFAULT '0',
  PRIMARY KEY (`id`)
) ENGINE=InnoDB AUTO_INCREMENT=3 DEFAULT CHARSET=utf8 COLLATE=utf8_unicode_ci;

--
-- Data for table `plugins`
--

INSERT INTO `plugins` (`id`, `class`, `version`, `enabled`, `settings`, `installDate`, `dateCreated`, `dateUpdated`, `uid`) VALUES ('2', 'ContactForm', '1.4', '1', NULL, '2015-04-30 04:33:31', '2015-04-30 04:33:31', '2015-04-30 04:33:31', 'f0e32434-533e-4433-893f-7f5c7ad25bc7');



DROP TABLE IF EXISTS `rackspaceaccess`;


--
-- Schema for table `rackspaceaccess`
--
CREATE TABLE `rackspaceaccess` (
  `id` int(11) NOT NULL AUTO_INCREMENT,
  `connectionKey` varchar(255) COLLATE utf8_unicode_ci NOT NULL,
  `token` varchar(255) COLLATE utf8_unicode_ci NOT NULL,
  `storageUrl` varchar(255) COLLATE utf8_unicode_ci NOT NULL,
  `cdnUrl` varchar(255) COLLATE utf8_unicode_ci NOT NULL,
  `dateCreated` datetime NOT NULL,
  `dateUpdated` datetime NOT NULL,
  `uid` char(36) COLLATE utf8_unicode_ci NOT NULL DEFAULT '0',
  PRIMARY KEY (`id`),
  UNIQUE KEY `rackspaceaccess_connectionKey_unq_idx` (`connectionKey`)
) ENGINE=InnoDB DEFAULT CHARSET=utf8 COLLATE=utf8_unicode_ci;

DROP TABLE IF EXISTS `relations`;


--
-- Schema for table `relations`
--
CREATE TABLE `relations` (
  `id` int(11) NOT NULL AUTO_INCREMENT,
  `fieldId` int(11) NOT NULL,
  `sourceId` int(11) NOT NULL,
  `sourceLocale` char(12) COLLATE utf8_unicode_ci DEFAULT NULL,
  `targetId` int(11) NOT NULL,
  `sortOrder` smallint(6) DEFAULT NULL,
  `dateCreated` datetime NOT NULL,
  `dateUpdated` datetime NOT NULL,
  `uid` char(36) COLLATE utf8_unicode_ci NOT NULL DEFAULT '0',
  PRIMARY KEY (`id`),
  UNIQUE KEY `relations_fieldId_sourceId_sourceLocale_targetId_unq_idx` (`fieldId`,`sourceId`,`sourceLocale`,`targetId`),
  KEY `relations_sourceId_fk` (`sourceId`),
  KEY `relations_sourceLocale_fk` (`sourceLocale`),
  KEY `relations_targetId_fk` (`targetId`)
) ENGINE=InnoDB AUTO_INCREMENT=123 DEFAULT CHARSET=utf8 COLLATE=utf8_unicode_ci;

--
-- Data for table `relations`
--

INSERT INTO `relations` (`id`, `fieldId`, `sourceId`, `sourceLocale`, `targetId`, `sortOrder`, `dateCreated`, `dateUpdated`, `uid`) VALUES ('13', '13', '12', NULL, '7', '1', '2015-05-06 02:27:39', '2015-05-06 02:27:39', '729e0c16-2552-4da3-bac0-d8888b391828');
INSERT INTO `relations` (`id`, `fieldId`, `sourceId`, `sourceLocale`, `targetId`, `sortOrder`, `dateCreated`, `dateUpdated`, `uid`) VALUES ('14', '28', '13', NULL, '15', '1', '2015-05-06 02:27:39', '2015-05-06 02:27:39', 'c16be7fc-b7dd-47c6-beb7-787edf9eb925');
INSERT INTO `relations` (`id`, `fieldId`, `sourceId`, `sourceLocale`, `targetId`, `sortOrder`, `dateCreated`, `dateUpdated`, `uid`) VALUES ('15', '42', '12', NULL, '17', '1', '2015-05-06 02:27:39', '2015-05-06 02:27:39', '2684dbef-e927-41b5-b067-c656a993acf9');
INSERT INTO `relations` (`id`, `fieldId`, `sourceId`, `sourceLocale`, `targetId`, `sortOrder`, `dateCreated`, `dateUpdated`, `uid`) VALUES ('16', '44', '12', NULL, '16', '1', '2015-05-06 02:27:39', '2015-05-06 02:27:39', '89564de0-83a8-4e91-bf25-ee0075842b91');
INSERT INTO `relations` (`id`, `fieldId`, `sourceId`, `sourceLocale`, `targetId`, `sortOrder`, `dateCreated`, `dateUpdated`, `uid`) VALUES ('17', '43', '12', NULL, '18', '1', '2015-05-06 02:27:39', '2015-05-06 02:27:39', '130d6c3a-33ae-4946-b434-ce08b14a9960');
INSERT INTO `relations` (`id`, `fieldId`, `sourceId`, `sourceLocale`, `targetId`, `sortOrder`, `dateCreated`, `dateUpdated`, `uid`) VALUES ('28', '13', '6', NULL, '7', '1', '2015-05-06 02:31:29', '2015-05-06 02:31:29', '37090359-a9b1-4885-81df-631eac083a82');
INSERT INTO `relations` (`id`, `fieldId`, `sourceId`, `sourceLocale`, `targetId`, `sortOrder`, `dateCreated`, `dateUpdated`, `uid`) VALUES ('29', '28', '21', NULL, '15', '1', '2015-05-06 02:31:29', '2015-05-06 02:31:29', '24f97de4-5c58-42c0-a135-889431816a70');
INSERT INTO `relations` (`id`, `fieldId`, `sourceId`, `sourceLocale`, `targetId`, `sortOrder`, `dateCreated`, `dateUpdated`, `uid`) VALUES ('30', '42', '6', NULL, '17', '1', '2015-05-06 02:31:29', '2015-05-06 02:31:29', '17ccdbd0-8b7f-446a-93df-b36c029da2b1');
INSERT INTO `relations` (`id`, `fieldId`, `sourceId`, `sourceLocale`, `targetId`, `sortOrder`, `dateCreated`, `dateUpdated`, `uid`) VALUES ('31', '44', '6', NULL, '16', '1', '2015-05-06 02:31:29', '2015-05-06 02:31:29', '3261b211-ce51-4d0a-8f1c-3e6b3f3187ca');
INSERT INTO `relations` (`id`, `fieldId`, `sourceId`, `sourceLocale`, `targetId`, `sortOrder`, `dateCreated`, `dateUpdated`, `uid`) VALUES ('32', '43', '6', NULL, '18', '1', '2015-05-06 02:31:29', '2015-05-06 02:31:29', 'dbc3b703-113b-4c93-8da0-e16800dfb5de');
INSERT INTO `relations` (`id`, `fieldId`, `sourceId`, `sourceLocale`, `targetId`, `sortOrder`, `dateCreated`, `dateUpdated`, `uid`) VALUES ('38', '13', '9', NULL, '8', '1', '2015-05-06 02:32:04', '2015-05-06 02:32:04', 'd29d492f-d74b-4c19-8d7d-ccea1d2dbe0a');
INSERT INTO `relations` (`id`, `fieldId`, `sourceId`, `sourceLocale`, `targetId`, `sortOrder`, `dateCreated`, `dateUpdated`, `uid`) VALUES ('39', '28', '20', NULL, '15', '1', '2015-05-06 02:32:04', '2015-05-06 02:32:04', '648f1fea-5f15-4467-8ec3-e869ced3b054');
INSERT INTO `relations` (`id`, `fieldId`, `sourceId`, `sourceLocale`, `targetId`, `sortOrder`, `dateCreated`, `dateUpdated`, `uid`) VALUES ('40', '42', '9', NULL, '17', '1', '2015-05-06 02:32:04', '2015-05-06 02:32:04', '67aa7021-fc9f-4a21-8716-8aa108193025');
INSERT INTO `relations` (`id`, `fieldId`, `sourceId`, `sourceLocale`, `targetId`, `sortOrder`, `dateCreated`, `dateUpdated`, `uid`) VALUES ('41', '44', '9', NULL, '16', '1', '2015-05-06 02:32:04', '2015-05-06 02:32:04', 'afd27cd2-9357-4dd2-b574-59c9026d4f04');
INSERT INTO `relations` (`id`, `fieldId`, `sourceId`, `sourceLocale`, `targetId`, `sortOrder`, `dateCreated`, `dateUpdated`, `uid`) VALUES ('42', '43', '9', NULL, '18', '1', '2015-05-06 02:32:04', '2015-05-06 02:32:04', 'e5b8a786-2c70-4e1d-a144-72a80fa88d1a');
INSERT INTO `relations` (`id`, `fieldId`, `sourceId`, `sourceLocale`, `targetId`, `sortOrder`, `dateCreated`, `dateUpdated`, `uid`) VALUES ('43', '13', '22', NULL, '8', '1', '2015-05-06 02:40:58', '2015-05-06 02:40:58', '719e963a-f63e-4785-8639-809c193edce6');
INSERT INTO `relations` (`id`, `fieldId`, `sourceId`, `sourceLocale`, `targetId`, `sortOrder`, `dateCreated`, `dateUpdated`, `uid`) VALUES ('44', '28', '23', NULL, '15', '1', '2015-05-06 02:40:58', '2015-05-06 02:40:58', '7f1bb414-9471-4b14-86be-09bdf92472d0');
INSERT INTO `relations` (`id`, `fieldId`, `sourceId`, `sourceLocale`, `targetId`, `sortOrder`, `dateCreated`, `dateUpdated`, `uid`) VALUES ('45', '42', '22', NULL, '17', '1', '2015-05-06 02:40:58', '2015-05-06 02:40:58', 'a9a2a02a-a314-4bad-ae30-e7d8a41dc4fa');
INSERT INTO `relations` (`id`, `fieldId`, `sourceId`, `sourceLocale`, `targetId`, `sortOrder`, `dateCreated`, `dateUpdated`, `uid`) VALUES ('46', '44', '22', NULL, '16', '1', '2015-05-06 02:40:58', '2015-05-06 02:40:58', '7463b3e0-875e-428c-b59c-98a20f97d75c');
INSERT INTO `relations` (`id`, `fieldId`, `sourceId`, `sourceLocale`, `targetId`, `sortOrder`, `dateCreated`, `dateUpdated`, `uid`) VALUES ('47', '43', '22', NULL, '18', '1', '2015-05-06 02:40:58', '2015-05-06 02:40:58', '6cb50e05-26d2-44f5-b694-0d84613873e0');
INSERT INTO `relations` (`id`, `fieldId`, `sourceId`, `sourceLocale`, `targetId`, `sortOrder`, `dateCreated`, `dateUpdated`, `uid`) VALUES ('48', '13', '24', NULL, '7', '1', '2015-05-06 02:43:23', '2015-05-06 02:43:23', '20f513ce-691a-44d6-964b-340f5a67be27');
INSERT INTO `relations` (`id`, `fieldId`, `sourceId`, `sourceLocale`, `targetId`, `sortOrder`, `dateCreated`, `dateUpdated`, `uid`) VALUES ('49', '28', '25', NULL, '15', '1', '2015-05-06 02:43:23', '2015-05-06 02:43:23', 'e605bf02-63ee-44a6-9f88-607874a3139c');
INSERT INTO `relations` (`id`, `fieldId`, `sourceId`, `sourceLocale`, `targetId`, `sortOrder`, `dateCreated`, `dateUpdated`, `uid`) VALUES ('50', '42', '24', NULL, '17', '1', '2015-05-06 02:43:23', '2015-05-06 02:43:23', '107c34e8-b22b-4b02-884b-b6a2d9cc7e18');
INSERT INTO `relations` (`id`, `fieldId`, `sourceId`, `sourceLocale`, `targetId`, `sortOrder`, `dateCreated`, `dateUpdated`, `uid`) VALUES ('51', '44', '24', NULL, '16', '1', '2015-05-06 02:43:23', '2015-05-06 02:43:23', '50820a06-597c-404c-b68c-16183dcd5cd8');
INSERT INTO `relations` (`id`, `fieldId`, `sourceId`, `sourceLocale`, `targetId`, `sortOrder`, `dateCreated`, `dateUpdated`, `uid`) VALUES ('52', '43', '24', NULL, '18', '1', '2015-05-06 02:43:23', '2015-05-06 02:43:23', '6033cec6-17ec-4481-8f1b-7fa9b10cb2fc');
INSERT INTO `relations` (`id`, `fieldId`, `sourceId`, `sourceLocale`, `targetId`, `sortOrder`, `dateCreated`, `dateUpdated`, `uid`) VALUES ('53', '13', '26', NULL, '7', '1', '2015-05-06 02:50:43', '2015-05-06 02:50:43', 'ccd2a933-bf85-4954-a06d-29f005d06693');
INSERT INTO `relations` (`id`, `fieldId`, `sourceId`, `sourceLocale`, `targetId`, `sortOrder`, `dateCreated`, `dateUpdated`, `uid`) VALUES ('54', '28', '27', NULL, '15', '1', '2015-05-06 02:50:43', '2015-05-06 02:50:43', 'eeed1db7-a341-4111-9870-dae91630a3d8');
INSERT INTO `relations` (`id`, `fieldId`, `sourceId`, `sourceLocale`, `targetId`, `sortOrder`, `dateCreated`, `dateUpdated`, `uid`) VALUES ('55', '42', '26', NULL, '17', '1', '2015-05-06 02:50:43', '2015-05-06 02:50:43', 'd5316082-4ef0-4900-ba65-ebf77d8091ec');
INSERT INTO `relations` (`id`, `fieldId`, `sourceId`, `sourceLocale`, `targetId`, `sortOrder`, `dateCreated`, `dateUpdated`, `uid`) VALUES ('56', '44', '26', NULL, '16', '1', '2015-05-06 02:50:43', '2015-05-06 02:50:43', '94fc8615-fe72-43cb-8883-ec36ba9aa608');
INSERT INTO `relations` (`id`, `fieldId`, `sourceId`, `sourceLocale`, `targetId`, `sortOrder`, `dateCreated`, `dateUpdated`, `uid`) VALUES ('57', '43', '26', NULL, '18', '1', '2015-05-06 02:50:43', '2015-05-06 02:50:43', '40d5cf1a-8b9e-4ff1-8e67-59c058f9718f');
INSERT INTO `relations` (`id`, `fieldId`, `sourceId`, `sourceLocale`, `targetId`, `sortOrder`, `dateCreated`, `dateUpdated`, `uid`) VALUES ('58', '13', '28', NULL, '7', '1', '2015-05-06 03:14:49', '2015-05-06 03:14:49', '2ee62f75-275d-4f58-b82c-cf31e6750151');
INSERT INTO `relations` (`id`, `fieldId`, `sourceId`, `sourceLocale`, `targetId`, `sortOrder`, `dateCreated`, `dateUpdated`, `uid`) VALUES ('59', '28', '29', NULL, '15', '1', '2015-05-06 03:14:49', '2015-05-06 03:14:49', 'f05ef02d-16d4-419c-bf65-6bf9f65ca6d8');
INSERT INTO `relations` (`id`, `fieldId`, `sourceId`, `sourceLocale`, `targetId`, `sortOrder`, `dateCreated`, `dateUpdated`, `uid`) VALUES ('60', '42', '28', NULL, '17', '1', '2015-05-06 03:14:49', '2015-05-06 03:14:49', '2580d031-ff6f-46c6-a1a7-dd53b6604119');
INSERT INTO `relations` (`id`, `fieldId`, `sourceId`, `sourceLocale`, `targetId`, `sortOrder`, `dateCreated`, `dateUpdated`, `uid`) VALUES ('61', '44', '28', NULL, '16', '1', '2015-05-06 03:14:49', '2015-05-06 03:14:49', '27e2566f-a45a-4537-9f67-c6e988b6eb18');
INSERT INTO `relations` (`id`, `fieldId`, `sourceId`, `sourceLocale`, `targetId`, `sortOrder`, `dateCreated`, `dateUpdated`, `uid`) VALUES ('62', '43', '28', NULL, '18', '1', '2015-05-06 03:14:49', '2015-05-06 03:14:49', 'd60f749d-68ad-4797-9e28-ec997cd5a3bb');
INSERT INTO `relations` (`id`, `fieldId`, `sourceId`, `sourceLocale`, `targetId`, `sortOrder`, `dateCreated`, `dateUpdated`, `uid`) VALUES ('63', '13', '30', NULL, '7', '1', '2015-05-06 03:16:59', '2015-05-06 03:16:59', 'cbe4eec6-bf2d-4487-9064-34cfc6040382');
INSERT INTO `relations` (`id`, `fieldId`, `sourceId`, `sourceLocale`, `targetId`, `sortOrder`, `dateCreated`, `dateUpdated`, `uid`) VALUES ('64', '28', '31', NULL, '15', '1', '2015-05-06 03:16:59', '2015-05-06 03:16:59', 'd4c6eb8c-7788-482a-a9c5-51249bd2a81a');
INSERT INTO `relations` (`id`, `fieldId`, `sourceId`, `sourceLocale`, `targetId`, `sortOrder`, `dateCreated`, `dateUpdated`, `uid`) VALUES ('65', '42', '30', NULL, '17', '1', '2015-05-06 03:16:59', '2015-05-06 03:16:59', 'bd10470e-358c-4739-bc36-a969e36173d2');
INSERT INTO `relations` (`id`, `fieldId`, `sourceId`, `sourceLocale`, `targetId`, `sortOrder`, `dateCreated`, `dateUpdated`, `uid`) VALUES ('66', '44', '30', NULL, '16', '1', '2015-05-06 03:16:59', '2015-05-06 03:16:59', 'b3210b3c-79b3-4a88-9c72-18aaa092a3bc');
INSERT INTO `relations` (`id`, `fieldId`, `sourceId`, `sourceLocale`, `targetId`, `sortOrder`, `dateCreated`, `dateUpdated`, `uid`) VALUES ('67', '43', '30', NULL, '18', '1', '2015-05-06 03:16:59', '2015-05-06 03:16:59', '2b32a1bb-468d-4484-a87b-2fbf340f7421');
INSERT INTO `relations` (`id`, `fieldId`, `sourceId`, `sourceLocale`, `targetId`, `sortOrder`, `dateCreated`, `dateUpdated`, `uid`) VALUES ('73', '13', '10', NULL, '7', '1', '2015-05-06 03:17:43', '2015-05-06 03:17:43', '9bbc2145-fcfc-4a96-bc54-132cad677eac');
INSERT INTO `relations` (`id`, `fieldId`, `sourceId`, `sourceLocale`, `targetId`, `sortOrder`, `dateCreated`, `dateUpdated`, `uid`) VALUES ('74', '28', '19', NULL, '15', '1', '2015-05-06 03:17:43', '2015-05-06 03:17:43', '32f9c659-33a4-4646-8ea1-3a66d4ada644');
INSERT INTO `relations` (`id`, `fieldId`, `sourceId`, `sourceLocale`, `targetId`, `sortOrder`, `dateCreated`, `dateUpdated`, `uid`) VALUES ('75', '42', '10', NULL, '17', '1', '2015-05-06 03:17:43', '2015-05-06 03:17:43', '3114a022-e16b-4e74-a36e-236e07060aa0');
INSERT INTO `relations` (`id`, `fieldId`, `sourceId`, `sourceLocale`, `targetId`, `sortOrder`, `dateCreated`, `dateUpdated`, `uid`) VALUES ('76', '44', '10', NULL, '16', '1', '2015-05-06 03:17:43', '2015-05-06 03:17:43', 'd3f8e299-c473-4d7b-9f4c-d9bcc6a5a9cf');
INSERT INTO `relations` (`id`, `fieldId`, `sourceId`, `sourceLocale`, `targetId`, `sortOrder`, `dateCreated`, `dateUpdated`, `uid`) VALUES ('77', '43', '10', NULL, '18', '1', '2015-05-06 03:17:43', '2015-05-06 03:17:43', '421d5ad0-bbe1-459e-82b8-7caea5181718');
INSERT INTO `relations` (`id`, `fieldId`, `sourceId`, `sourceLocale`, `targetId`, `sortOrder`, `dateCreated`, `dateUpdated`, `uid`) VALUES ('78', '13', '32', NULL, '7', '1', '2015-05-06 03:19:41', '2015-05-06 03:19:41', 'c3304e50-2f28-4b67-b441-46e50113213e');
INSERT INTO `relations` (`id`, `fieldId`, `sourceId`, `sourceLocale`, `targetId`, `sortOrder`, `dateCreated`, `dateUpdated`, `uid`) VALUES ('79', '28', '33', NULL, '15', '1', '2015-05-06 03:19:41', '2015-05-06 03:19:41', '10605f40-4427-4403-b46f-8429d35f400c');
INSERT INTO `relations` (`id`, `fieldId`, `sourceId`, `sourceLocale`, `targetId`, `sortOrder`, `dateCreated`, `dateUpdated`, `uid`) VALUES ('80', '42', '32', NULL, '17', '1', '2015-05-06 03:19:41', '2015-05-06 03:19:41', '1440b88c-4af9-42eb-a4c7-5c60ecfedc4c');
INSERT INTO `relations` (`id`, `fieldId`, `sourceId`, `sourceLocale`, `targetId`, `sortOrder`, `dateCreated`, `dateUpdated`, `uid`) VALUES ('81', '44', '32', NULL, '16', '1', '2015-05-06 03:19:41', '2015-05-06 03:19:41', 'b47fa548-d48d-40c7-a94c-17b0f12bbd18');
INSERT INTO `relations` (`id`, `fieldId`, `sourceId`, `sourceLocale`, `targetId`, `sortOrder`, `dateCreated`, `dateUpdated`, `uid`) VALUES ('82', '43', '32', NULL, '18', '1', '2015-05-06 03:19:41', '2015-05-06 03:19:41', 'b649815b-676b-4aca-9413-d1f8029f90f2');
INSERT INTO `relations` (`id`, `fieldId`, `sourceId`, `sourceLocale`, `targetId`, `sortOrder`, `dateCreated`, `dateUpdated`, `uid`) VALUES ('83', '13', '34', NULL, '7', '1', '2015-05-06 03:22:55', '2015-05-06 03:22:55', 'adf56663-dec3-443f-b6a3-926a0613c6e2');
INSERT INTO `relations` (`id`, `fieldId`, `sourceId`, `sourceLocale`, `targetId`, `sortOrder`, `dateCreated`, `dateUpdated`, `uid`) VALUES ('84', '28', '35', NULL, '15', '1', '2015-05-06 03:22:55', '2015-05-06 03:22:55', '41e10bcf-32cf-43fd-9ba7-7fd3b4e7bcf4');
INSERT INTO `relations` (`id`, `fieldId`, `sourceId`, `sourceLocale`, `targetId`, `sortOrder`, `dateCreated`, `dateUpdated`, `uid`) VALUES ('85', '42', '34', NULL, '17', '1', '2015-05-06 03:22:55', '2015-05-06 03:22:55', 'ac1bfdde-5339-4e26-a537-0c8f49eed15e');
INSERT INTO `relations` (`id`, `fieldId`, `sourceId`, `sourceLocale`, `targetId`, `sortOrder`, `dateCreated`, `dateUpdated`, `uid`) VALUES ('86', '44', '34', NULL, '16', '1', '2015-05-06 03:22:55', '2015-05-06 03:22:55', '5b659912-149c-4cf6-a8db-ee434c3e7195');
INSERT INTO `relations` (`id`, `fieldId`, `sourceId`, `sourceLocale`, `targetId`, `sortOrder`, `dateCreated`, `dateUpdated`, `uid`) VALUES ('87', '43', '34', NULL, '18', '1', '2015-05-06 03:22:55', '2015-05-06 03:22:55', 'eeb65140-a6f6-411e-b3fb-60eb25bc4ffc');
INSERT INTO `relations` (`id`, `fieldId`, `sourceId`, `sourceLocale`, `targetId`, `sortOrder`, `dateCreated`, `dateUpdated`, `uid`) VALUES ('88', '13', '36', NULL, '8', '1', '2015-05-06 03:24:59', '2015-05-06 03:24:59', 'e97eb284-4e98-4cac-809a-8ef3515d01a9');
INSERT INTO `relations` (`id`, `fieldId`, `sourceId`, `sourceLocale`, `targetId`, `sortOrder`, `dateCreated`, `dateUpdated`, `uid`) VALUES ('89', '28', '37', NULL, '15', '1', '2015-05-06 03:24:59', '2015-05-06 03:24:59', '91e11c1d-e31e-411d-b611-39ce066d6c92');
INSERT INTO `relations` (`id`, `fieldId`, `sourceId`, `sourceLocale`, `targetId`, `sortOrder`, `dateCreated`, `dateUpdated`, `uid`) VALUES ('90', '42', '36', NULL, '17', '1', '2015-05-06 03:24:59', '2015-05-06 03:24:59', '97505951-6f12-4329-997f-dc37f1c4a2be');
INSERT INTO `relations` (`id`, `fieldId`, `sourceId`, `sourceLocale`, `targetId`, `sortOrder`, `dateCreated`, `dateUpdated`, `uid`) VALUES ('91', '44', '36', NULL, '16', '1', '2015-05-06 03:24:59', '2015-05-06 03:24:59', '7a67e838-76f7-4060-aa8d-c6e2cd162b71');
INSERT INTO `relations` (`id`, `fieldId`, `sourceId`, `sourceLocale`, `targetId`, `sortOrder`, `dateCreated`, `dateUpdated`, `uid`) VALUES ('92', '43', '36', NULL, '18', '1', '2015-05-06 03:24:59', '2015-05-06 03:24:59', '845d7df1-e4b4-420a-949b-452ce53c7b13');
INSERT INTO `relations` (`id`, `fieldId`, `sourceId`, `sourceLocale`, `targetId`, `sortOrder`, `dateCreated`, `dateUpdated`, `uid`) VALUES ('93', '13', '38', NULL, '8', '1', '2015-05-06 03:35:44', '2015-05-06 03:35:44', 'a9f0c976-c8ea-4825-8f93-73b87db2191d');
INSERT INTO `relations` (`id`, `fieldId`, `sourceId`, `sourceLocale`, `targetId`, `sortOrder`, `dateCreated`, `dateUpdated`, `uid`) VALUES ('94', '28', '39', NULL, '15', '1', '2015-05-06 03:35:44', '2015-05-06 03:35:44', '64071064-ff2a-4cba-8b2f-a87483c5fb8d');
INSERT INTO `relations` (`id`, `fieldId`, `sourceId`, `sourceLocale`, `targetId`, `sortOrder`, `dateCreated`, `dateUpdated`, `uid`) VALUES ('95', '42', '38', NULL, '17', '1', '2015-05-06 03:35:44', '2015-05-06 03:35:44', 'bdd1b679-2dc7-4330-b907-5fe1e983ea1e');
INSERT INTO `relations` (`id`, `fieldId`, `sourceId`, `sourceLocale`, `targetId`, `sortOrder`, `dateCreated`, `dateUpdated`, `uid`) VALUES ('96', '44', '38', NULL, '16', '1', '2015-05-06 03:35:44', '2015-05-06 03:35:44', '33b11d2b-e450-4b5a-af20-9b5db8e3f612');
INSERT INTO `relations` (`id`, `fieldId`, `sourceId`, `sourceLocale`, `targetId`, `sortOrder`, `dateCreated`, `dateUpdated`, `uid`) VALUES ('97', '43', '38', NULL, '18', '1', '2015-05-06 03:35:44', '2015-05-06 03:35:44', '840fca0d-d60f-424d-85aa-80cd9ff1eba1');
INSERT INTO `relations` (`id`, `fieldId`, `sourceId`, `sourceLocale`, `targetId`, `sortOrder`, `dateCreated`, `dateUpdated`, `uid`) VALUES ('98', '13', '40', NULL, '8', '1', '2015-05-06 03:38:20', '2015-05-06 03:38:20', '2e6694c4-b609-4c42-a697-70392fd33dd0');
INSERT INTO `relations` (`id`, `fieldId`, `sourceId`, `sourceLocale`, `targetId`, `sortOrder`, `dateCreated`, `dateUpdated`, `uid`) VALUES ('99', '28', '41', NULL, '15', '1', '2015-05-06 03:38:20', '2015-05-06 03:38:20', 'a51cc09c-09f0-4d05-a1d7-e973e3ea09dd');
INSERT INTO `relations` (`id`, `fieldId`, `sourceId`, `sourceLocale`, `targetId`, `sortOrder`, `dateCreated`, `dateUpdated`, `uid`) VALUES ('100', '42', '40', NULL, '17', '1', '2015-05-06 03:38:20', '2015-05-06 03:38:20', '5aee87d1-9499-4419-bd4e-1978019d329a');
INSERT INTO `relations` (`id`, `fieldId`, `sourceId`, `sourceLocale`, `targetId`, `sortOrder`, `dateCreated`, `dateUpdated`, `uid`) VALUES ('101', '44', '40', NULL, '16', '1', '2015-05-06 03:38:20', '2015-05-06 03:38:20', '9ead1e5d-cd3e-4eaf-b117-efb14394d647');
INSERT INTO `relations` (`id`, `fieldId`, `sourceId`, `sourceLocale`, `targetId`, `sortOrder`, `dateCreated`, `dateUpdated`, `uid`) VALUES ('102', '43', '40', NULL, '18', '1', '2015-05-06 03:38:20', '2015-05-06 03:38:20', '36c880fe-de22-4b3d-87a1-1815bba294d5');
INSERT INTO `relations` (`id`, `fieldId`, `sourceId`, `sourceLocale`, `targetId`, `sortOrder`, `dateCreated`, `dateUpdated`, `uid`) VALUES ('103', '13', '42', NULL, '8', '1', '2015-05-06 03:41:09', '2015-05-06 03:41:09', 'f7500913-eca4-4411-ba52-d764bcfa1d3c');
INSERT INTO `relations` (`id`, `fieldId`, `sourceId`, `sourceLocale`, `targetId`, `sortOrder`, `dateCreated`, `dateUpdated`, `uid`) VALUES ('104', '28', '43', NULL, '15', '1', '2015-05-06 03:41:09', '2015-05-06 03:41:09', '4132b67a-9c9d-4ba8-a6bf-0f7212f72519');
INSERT INTO `relations` (`id`, `fieldId`, `sourceId`, `sourceLocale`, `targetId`, `sortOrder`, `dateCreated`, `dateUpdated`, `uid`) VALUES ('105', '42', '42', NULL, '17', '1', '2015-05-06 03:41:09', '2015-05-06 03:41:09', 'ddc45e7d-1ba2-415a-a821-d4fba9846414');
INSERT INTO `relations` (`id`, `fieldId`, `sourceId`, `sourceLocale`, `targetId`, `sortOrder`, `dateCreated`, `dateUpdated`, `uid`) VALUES ('106', '44', '42', NULL, '16', '1', '2015-05-06 03:41:09', '2015-05-06 03:41:09', 'a4fbca57-99c2-4cd1-b5c3-c2730a9bec18');
INSERT INTO `relations` (`id`, `fieldId`, `sourceId`, `sourceLocale`, `targetId`, `sortOrder`, `dateCreated`, `dateUpdated`, `uid`) VALUES ('107', '43', '42', NULL, '18', '1', '2015-05-06 03:41:09', '2015-05-06 03:41:09', '6440ab1d-467c-4477-9de6-baac3dd0f562');
INSERT INTO `relations` (`id`, `fieldId`, `sourceId`, `sourceLocale`, `targetId`, `sortOrder`, `dateCreated`, `dateUpdated`, `uid`) VALUES ('108', '13', '44', NULL, '8', '1', '2015-05-06 03:44:04', '2015-05-06 03:44:04', 'baf9127b-9ae7-4aa9-a775-1858a2cc2682');
INSERT INTO `relations` (`id`, `fieldId`, `sourceId`, `sourceLocale`, `targetId`, `sortOrder`, `dateCreated`, `dateUpdated`, `uid`) VALUES ('109', '28', '45', NULL, '15', '1', '2015-05-06 03:44:04', '2015-05-06 03:44:04', '170cd7c0-50f3-4477-8fae-36141daefa08');
INSERT INTO `relations` (`id`, `fieldId`, `sourceId`, `sourceLocale`, `targetId`, `sortOrder`, `dateCreated`, `dateUpdated`, `uid`) VALUES ('110', '42', '44', NULL, '17', '1', '2015-05-06 03:44:04', '2015-05-06 03:44:04', '7b147ec0-f735-42d1-b12e-b9573ff2116a');
INSERT INTO `relations` (`id`, `fieldId`, `sourceId`, `sourceLocale`, `targetId`, `sortOrder`, `dateCreated`, `dateUpdated`, `uid`) VALUES ('111', '44', '44', NULL, '16', '1', '2015-05-06 03:44:04', '2015-05-06 03:44:04', '0dcf8de7-20a8-4e81-b4c1-b7c380f4f644');
INSERT INTO `relations` (`id`, `fieldId`, `sourceId`, `sourceLocale`, `targetId`, `sortOrder`, `dateCreated`, `dateUpdated`, `uid`) VALUES ('112', '43', '44', NULL, '18', '1', '2015-05-06 03:44:04', '2015-05-06 03:44:04', '90d41ed2-cabf-486d-9fb5-6efdadc51e25');
INSERT INTO `relations` (`id`, `fieldId`, `sourceId`, `sourceLocale`, `targetId`, `sortOrder`, `dateCreated`, `dateUpdated`, `uid`) VALUES ('113', '13', '46', NULL, '8', '1', '2015-05-06 03:46:09', '2015-05-06 03:46:09', '9124fd98-c989-46c7-ab85-1d4ca589962e');
INSERT INTO `relations` (`id`, `fieldId`, `sourceId`, `sourceLocale`, `targetId`, `sortOrder`, `dateCreated`, `dateUpdated`, `uid`) VALUES ('114', '28', '47', NULL, '15', '1', '2015-05-06 03:46:09', '2015-05-06 03:46:09', 'ad792612-8d84-44a5-a5ff-b89e7bfd99a9');
INSERT INTO `relations` (`id`, `fieldId`, `sourceId`, `sourceLocale`, `targetId`, `sortOrder`, `dateCreated`, `dateUpdated`, `uid`) VALUES ('115', '42', '46', NULL, '17', '1', '2015-05-06 03:46:09', '2015-05-06 03:46:09', '369a9fdc-fff7-44b2-809d-8386ec01509e');
INSERT INTO `relations` (`id`, `fieldId`, `sourceId`, `sourceLocale`, `targetId`, `sortOrder`, `dateCreated`, `dateUpdated`, `uid`) VALUES ('116', '44', '46', NULL, '16', '1', '2015-05-06 03:46:09', '2015-05-06 03:46:09', '09c17cc6-64e6-45db-a435-bfc9d99d02f6');
INSERT INTO `relations` (`id`, `fieldId`, `sourceId`, `sourceLocale`, `targetId`, `sortOrder`, `dateCreated`, `dateUpdated`, `uid`) VALUES ('117', '43', '46', NULL, '18', '1', '2015-05-06 03:46:09', '2015-05-06 03:46:09', 'fd44c1d4-7558-4803-98a5-f984b13a7d64');
INSERT INTO `relations` (`id`, `fieldId`, `sourceId`, `sourceLocale`, `targetId`, `sortOrder`, `dateCreated`, `dateUpdated`, `uid`) VALUES ('118', '13', '48', NULL, '8', '1', '2015-05-06 03:48:04', '2015-05-06 03:48:04', '6fafb0c2-35c7-42ef-b051-89f4563af124');
INSERT INTO `relations` (`id`, `fieldId`, `sourceId`, `sourceLocale`, `targetId`, `sortOrder`, `dateCreated`, `dateUpdated`, `uid`) VALUES ('119', '28', '49', NULL, '15', '1', '2015-05-06 03:48:04', '2015-05-06 03:48:04', '3480c297-1409-4481-82d2-a0149de118df');
INSERT INTO `relations` (`id`, `fieldId`, `sourceId`, `sourceLocale`, `targetId`, `sortOrder`, `dateCreated`, `dateUpdated`, `uid`) VALUES ('120', '42', '48', NULL, '17', '1', '2015-05-06 03:48:04', '2015-05-06 03:48:04', 'f0d885d8-c53c-437e-8a9c-064ffe709e7d');
INSERT INTO `relations` (`id`, `fieldId`, `sourceId`, `sourceLocale`, `targetId`, `sortOrder`, `dateCreated`, `dateUpdated`, `uid`) VALUES ('121', '44', '48', NULL, '16', '1', '2015-05-06 03:48:04', '2015-05-06 03:48:04', 'f38b2832-dd2d-41be-99a0-e5260432993a');
INSERT INTO `relations` (`id`, `fieldId`, `sourceId`, `sourceLocale`, `targetId`, `sortOrder`, `dateCreated`, `dateUpdated`, `uid`) VALUES ('122', '43', '48', NULL, '18', '1', '2015-05-06 03:48:04', '2015-05-06 03:48:04', '7cb1e2ad-e9d0-44f3-a7fe-f8ab9f2d74e3');



DROP TABLE IF EXISTS `routes`;


--
-- Schema for table `routes`
--
CREATE TABLE `routes` (
  `id` int(11) NOT NULL AUTO_INCREMENT,
  `locale` char(12) COLLATE utf8_unicode_ci DEFAULT NULL,
  `urlParts` varchar(255) COLLATE utf8_unicode_ci NOT NULL,
  `urlPattern` varchar(255) COLLATE utf8_unicode_ci NOT NULL,
  `template` varchar(255) COLLATE utf8_unicode_ci NOT NULL,
  `sortOrder` tinyint(4) DEFAULT NULL,
  `dateCreated` datetime NOT NULL,
  `dateUpdated` datetime NOT NULL,
  `uid` char(36) COLLATE utf8_unicode_ci NOT NULL DEFAULT '0',
  PRIMARY KEY (`id`),
  UNIQUE KEY `routes_urlPattern_unq_idx` (`urlPattern`),
  KEY `routes_locale_idx` (`locale`)
) ENGINE=InnoDB DEFAULT CHARSET=utf8 COLLATE=utf8_unicode_ci;

DROP TABLE IF EXISTS `searchindex`;


--
-- Schema for table `searchindex`
--
CREATE TABLE `searchindex` (
  `elementId` int(11) NOT NULL,
  `attribute` varchar(25) COLLATE utf8_unicode_ci NOT NULL,
  `fieldId` int(11) NOT NULL,
  `locale` char(12) COLLATE utf8_unicode_ci NOT NULL,
  `keywords` text COLLATE utf8_unicode_ci NOT NULL,
  PRIMARY KEY (`elementId`,`attribute`,`fieldId`,`locale`),
  FULLTEXT KEY `searchindex_keywords_idx` (`keywords`)
) ENGINE=MyISAM DEFAULT CHARSET=utf8 COLLATE=utf8_unicode_ci;

--
-- Data for table `searchindex`
--

INSERT INTO `searchindex` (`elementId`, `attribute`, `fieldId`, `locale`, `keywords`) VALUES ('1', 'username', '0', 'en_us', ' joeonmars ');
INSERT INTO `searchindex` (`elementId`, `attribute`, `fieldId`, `locale`, `keywords`) VALUES ('1', 'firstname', '0', 'en_us', '');
INSERT INTO `searchindex` (`elementId`, `attribute`, `fieldId`, `locale`, `keywords`) VALUES ('1', 'lastname', '0', 'en_us', '');
INSERT INTO `searchindex` (`elementId`, `attribute`, `fieldId`, `locale`, `keywords`) VALUES ('1', 'fullname', '0', 'en_us', '');
INSERT INTO `searchindex` (`elementId`, `attribute`, `fieldId`, `locale`, `keywords`) VALUES ('1', 'email', '0', 'en_us', ' joeonmars gmail com ');
INSERT INTO `searchindex` (`elementId`, `attribute`, `fieldId`, `locale`, `keywords`) VALUES ('1', 'slug', '0', 'en_us', '');
INSERT INTO `searchindex` (`elementId`, `attribute`, `fieldId`, `locale`, `keywords`) VALUES ('2', 'field', '1', 'en_us', ' it s true this site doesn t have a whole lot of content yet but don t worry our web developers have just installed the cms and they re setting things up for the content editors this very moment soon graceux dev will be an oasis of fresh perspectives sharp analyses and astute opinions that will keep you coming back again and again ');
INSERT INTO `searchindex` (`elementId`, `attribute`, `fieldId`, `locale`, `keywords`) VALUES ('2', 'slug', '0', 'en_us', ' projects ');
INSERT INTO `searchindex` (`elementId`, `attribute`, `fieldId`, `locale`, `keywords`) VALUES ('2', 'title', '0', 'en_us', ' projects ');
INSERT INTO `searchindex` (`elementId`, `attribute`, `fieldId`, `locale`, `keywords`) VALUES ('3', 'field', '1', 'en_us', ' craft is the cms that s powering graceux dev it s beautiful powerful flexible and easy to use and it s made by pixel tonic we can t wait to dive in and see what it s capable of this is even more captivating content which you couldn t see on the news index page because it was entered after a page break and the news index template only likes to show the content on the first page craft a nice alternative to word if you re making a website ');
INSERT INTO `searchindex` (`elementId`, `attribute`, `fieldId`, `locale`, `keywords`) VALUES ('3', 'field', '2', 'en_us', '');
INSERT INTO `searchindex` (`elementId`, `attribute`, `fieldId`, `locale`, `keywords`) VALUES ('3', 'slug', '0', 'en_us', '');
INSERT INTO `searchindex` (`elementId`, `attribute`, `fieldId`, `locale`, `keywords`) VALUES ('3', 'title', '0', 'en_us', ' we just installed craft ');
INSERT INTO `searchindex` (`elementId`, `attribute`, `fieldId`, `locale`, `keywords`) VALUES ('4', 'username', '0', 'en_us', ' graceux ');
INSERT INTO `searchindex` (`elementId`, `attribute`, `fieldId`, `locale`, `keywords`) VALUES ('4', 'firstname', '0', 'en_us', ' grace ');
INSERT INTO `searchindex` (`elementId`, `attribute`, `fieldId`, `locale`, `keywords`) VALUES ('4', 'lastname', '0', 'en_us', ' fan ');
INSERT INTO `searchindex` (`elementId`, `attribute`, `fieldId`, `locale`, `keywords`) VALUES ('4', 'fullname', '0', 'en_us', ' grace fan ');
INSERT INTO `searchindex` (`elementId`, `attribute`, `fieldId`, `locale`, `keywords`) VALUES ('4', 'email', '0', 'en_us', ' yueinteractive gmail com ');
INSERT INTO `searchindex` (`elementId`, `attribute`, `fieldId`, `locale`, `keywords`) VALUES ('4', 'slug', '0', 'en_us', '');
INSERT INTO `searchindex` (`elementId`, `attribute`, `fieldId`, `locale`, `keywords`) VALUES ('6', 'field', '3', 'en_us', ' fengshui also known as geomantic omen literally translated to wind and water in chinese fengshui has some primary disciplines in terms of aesthetics psychology and environmental science ');
INSERT INTO `searchindex` (`elementId`, `attribute`, `fieldId`, `locale`, `keywords`) VALUES ('6', 'field', '4', 'en_us', ' 2014 ');
INSERT INTO `searchindex` (`elementId`, `attribute`, `fieldId`, `locale`, `keywords`) VALUES ('6', 'field', '10', 'en_us', '');
INSERT INTO `searchindex` (`elementId`, `attribute`, `fieldId`, `locale`, `keywords`) VALUES ('6', 'field', '11', 'en_us', '');
INSERT INTO `searchindex` (`elementId`, `attribute`, `fieldId`, `locale`, `keywords`) VALUES ('6', 'field', '12', 'en_us', ' ux 2d 3d visual design development ');
INSERT INTO `searchindex` (`elementId`, `attribute`, `fieldId`, `locale`, `keywords`) VALUES ('6', 'field', '9', 'en_us', ' aftereffects flash photoshop blender css3 html5 javascript sketch webgl ');
INSERT INTO `searchindex` (`elementId`, `attribute`, `fieldId`, `locale`, `keywords`) VALUES ('6', 'slug', '0', 'en_us', ' real time fengshui ');
INSERT INTO `searchindex` (`elementId`, `attribute`, `fieldId`, `locale`, `keywords`) VALUES ('6', 'title', '0', 'en_us', ' real time fengshui ');
INSERT INTO `searchindex` (`elementId`, `attribute`, `fieldId`, `locale`, `keywords`) VALUES ('7', 'slug', '0', 'en_us', ' projects ');
INSERT INTO `searchindex` (`elementId`, `attribute`, `fieldId`, `locale`, `keywords`) VALUES ('7', 'title', '0', 'en_us', ' projects ');
INSERT INTO `searchindex` (`elementId`, `attribute`, `fieldId`, `locale`, `keywords`) VALUES ('8', 'slug', '0', 'en_us', ' labs ');
INSERT INTO `searchindex` (`elementId`, `attribute`, `fieldId`, `locale`, `keywords`) VALUES ('8', 'title', '0', 'en_us', ' labs ');
INSERT INTO `searchindex` (`elementId`, `attribute`, `fieldId`, `locale`, `keywords`) VALUES ('6', 'field', '13', 'en_us', ' projects ');
INSERT INTO `searchindex` (`elementId`, `attribute`, `fieldId`, `locale`, `keywords`) VALUES ('9', 'field', '13', 'en_us', ' labs ');
INSERT INTO `searchindex` (`elementId`, `attribute`, `fieldId`, `locale`, `keywords`) VALUES ('9', 'field', '3', 'en_us', ' this is the project description ');
INSERT INTO `searchindex` (`elementId`, `attribute`, `fieldId`, `locale`, `keywords`) VALUES ('9', 'field', '4', 'en_us', ' 2014 ');
INSERT INTO `searchindex` (`elementId`, `attribute`, `fieldId`, `locale`, `keywords`) VALUES ('9', 'field', '10', 'en_us', '');
INSERT INTO `searchindex` (`elementId`, `attribute`, `fieldId`, `locale`, `keywords`) VALUES ('9', 'field', '11', 'en_us', '');
INSERT INTO `searchindex` (`elementId`, `attribute`, `fieldId`, `locale`, `keywords`) VALUES ('9', 'field', '12', 'en_us', ' ux wireframe visual design ');
INSERT INTO `searchindex` (`elementId`, `attribute`, `fieldId`, `locale`, `keywords`) VALUES ('9', 'field', '9', 'en_us', ' photoshop justinmind sketch ');
INSERT INTO `searchindex` (`elementId`, `attribute`, `fieldId`, `locale`, `keywords`) VALUES ('9', 'slug', '0', 'en_us', ' sleep well ');
INSERT INTO `searchindex` (`elementId`, `attribute`, `fieldId`, `locale`, `keywords`) VALUES ('9', 'title', '0', 'en_us', ' sleep well concept ');
INSERT INTO `searchindex` (`elementId`, `attribute`, `fieldId`, `locale`, `keywords`) VALUES ('7', 'field', '14', 'en_us', ' this is the projects page ');
INSERT INTO `searchindex` (`elementId`, `attribute`, `fieldId`, `locale`, `keywords`) VALUES ('7', 'field', '15', 'en_us', ' hello from projects page ');
INSERT INTO `searchindex` (`elementId`, `attribute`, `fieldId`, `locale`, `keywords`) VALUES ('8', 'field', '14', 'en_us', ' this is the labs page ');
INSERT INTO `searchindex` (`elementId`, `attribute`, `fieldId`, `locale`, `keywords`) VALUES ('8', 'field', '15', 'en_us', ' hello from labs page ');
INSERT INTO `searchindex` (`elementId`, `attribute`, `fieldId`, `locale`, `keywords`) VALUES ('10', 'field', '13', 'en_us', ' projects ');
INSERT INTO `searchindex` (`elementId`, `attribute`, `fieldId`, `locale`, `keywords`) VALUES ('10', 'field', '3', 'en_us', ' the official website design for liveperson ');
INSERT INTO `searchindex` (`elementId`, `attribute`, `fieldId`, `locale`, `keywords`) VALUES ('10', 'field', '4', 'en_us', ' 2015 ');
INSERT INTO `searchindex` (`elementId`, `attribute`, `fieldId`, `locale`, `keywords`) VALUES ('10', 'field', '10', 'en_us', ' liveperson ');
INSERT INTO `searchindex` (`elementId`, `attribute`, `fieldId`, `locale`, `keywords`) VALUES ('10', 'field', '11', 'en_us', ' http www liveperson com ');
INSERT INTO `searchindex` (`elementId`, `attribute`, `fieldId`, `locale`, `keywords`) VALUES ('10', 'field', '12', 'en_us', ' visual design ');
INSERT INTO `searchindex` (`elementId`, `attribute`, `fieldId`, `locale`, `keywords`) VALUES ('10', 'field', '9', 'en_us', ' photoshop ');
INSERT INTO `searchindex` (`elementId`, `attribute`, `fieldId`, `locale`, `keywords`) VALUES ('10', 'slug', '0', 'en_us', ' liveperson website ');
INSERT INTO `searchindex` (`elementId`, `attribute`, `fieldId`, `locale`, `keywords`) VALUES ('10', 'title', '0', 'en_us', ' liveperson website ');
INSERT INTO `searchindex` (`elementId`, `attribute`, `fieldId`, `locale`, `keywords`) VALUES ('6', 'field', '16', 'en_us', '');
INSERT INTO `searchindex` (`elementId`, `attribute`, `fieldId`, `locale`, `keywords`) VALUES ('6', 'field', '17', 'en_us', '');
INSERT INTO `searchindex` (`elementId`, `attribute`, `fieldId`, `locale`, `keywords`) VALUES ('6', 'field', '18', 'en_us', '');
INSERT INTO `searchindex` (`elementId`, `attribute`, `fieldId`, `locale`, `keywords`) VALUES ('10', 'field', '17', 'en_us', '');
INSERT INTO `searchindex` (`elementId`, `attribute`, `fieldId`, `locale`, `keywords`) VALUES ('10', 'field', '20', 'en_us', ' this is a cool website ');
INSERT INTO `searchindex` (`elementId`, `attribute`, `fieldId`, `locale`, `keywords`) VALUES ('10', 'field', '19', 'en_us', ' project brief ');
INSERT INTO `searchindex` (`elementId`, `attribute`, `fieldId`, `locale`, `keywords`) VALUES ('10', 'field', '16', 'en_us', '');
INSERT INTO `searchindex` (`elementId`, `attribute`, `fieldId`, `locale`, `keywords`) VALUES ('10', 'field', '18', 'en_us', '');
INSERT INTO `searchindex` (`elementId`, `attribute`, `fieldId`, `locale`, `keywords`) VALUES ('10', 'field', '21', 'en_us', ' what i ve learned ');
INSERT INTO `searchindex` (`elementId`, `attribute`, `fieldId`, `locale`, `keywords`) VALUES ('10', 'field', '22', 'en_us', ' i ve learned a lot ');
INSERT INTO `searchindex` (`elementId`, `attribute`, `fieldId`, `locale`, `keywords`) VALUES ('9', 'field', '16', 'en_us', '');
INSERT INTO `searchindex` (`elementId`, `attribute`, `fieldId`, `locale`, `keywords`) VALUES ('9', 'field', '19', 'en_us', ' project brief ');
INSERT INTO `searchindex` (`elementId`, `attribute`, `fieldId`, `locale`, `keywords`) VALUES ('9', 'field', '20', 'en_us', ' this is a cool project ');
INSERT INTO `searchindex` (`elementId`, `attribute`, `fieldId`, `locale`, `keywords`) VALUES ('9', 'field', '17', 'en_us', '');
INSERT INTO `searchindex` (`elementId`, `attribute`, `fieldId`, `locale`, `keywords`) VALUES ('9', 'field', '18', 'en_us', '');
INSERT INTO `searchindex` (`elementId`, `attribute`, `fieldId`, `locale`, `keywords`) VALUES ('9', 'field', '21', 'en_us', ' what i ve learned ');
INSERT INTO `searchindex` (`elementId`, `attribute`, `fieldId`, `locale`, `keywords`) VALUES ('9', 'field', '22', 'en_us', ' i ve learned a lot ');
INSERT INTO `searchindex` (`elementId`, `attribute`, `fieldId`, `locale`, `keywords`) VALUES ('6', 'field', '19', 'en_us', ' project brief ');
INSERT INTO `searchindex` (`elementId`, `attribute`, `fieldId`, `locale`, `keywords`) VALUES ('6', 'field', '20', 'en_us', ' this is a cool project ');
INSERT INTO `searchindex` (`elementId`, `attribute`, `fieldId`, `locale`, `keywords`) VALUES ('6', 'field', '21', 'en_us', ' what i ve learned ');
INSERT INTO `searchindex` (`elementId`, `attribute`, `fieldId`, `locale`, `keywords`) VALUES ('6', 'field', '22', 'en_us', ' i ve learned a lot ');
INSERT INTO `searchindex` (`elementId`, `attribute`, `fieldId`, `locale`, `keywords`) VALUES ('14', 'kind', '0', 'en_us', ' image ');
INSERT INTO `searchindex` (`elementId`, `attribute`, `fieldId`, `locale`, `keywords`) VALUES ('14', 'extension', '0', 'en_us', ' gif ');
INSERT INTO `searchindex` (`elementId`, `attribute`, `fieldId`, `locale`, `keywords`) VALUES ('14', 'filename', '0', 'en_us', ' 600x600 gif ');
INSERT INTO `searchindex` (`elementId`, `attribute`, `fieldId`, `locale`, `keywords`) VALUES ('12', 'field', '19', 'en_us', ' project brief ');
INSERT INTO `searchindex` (`elementId`, `attribute`, `fieldId`, `locale`, `keywords`) VALUES ('12', 'field', '16', 'en_us', ' composer hsin lei chen portfolio ');
INSERT INTO `searchindex` (`elementId`, `attribute`, `fieldId`, `locale`, `keywords`) VALUES ('12', 'field', '13', 'en_us', ' projects ');
INSERT INTO `searchindex` (`elementId`, `attribute`, `fieldId`, `locale`, `keywords`) VALUES ('12', 'field', '20', 'en_us', ' this is the project brief text ');
INSERT INTO `searchindex` (`elementId`, `attribute`, `fieldId`, `locale`, `keywords`) VALUES ('12', 'field', '3', 'en_us', ' the portfolio website of composer hsin lei chen ');
INSERT INTO `searchindex` (`elementId`, `attribute`, `fieldId`, `locale`, `keywords`) VALUES ('12', 'field', '17', 'en_us', ' this is the og description ');
INSERT INTO `searchindex` (`elementId`, `attribute`, `fieldId`, `locale`, `keywords`) VALUES ('12', 'field', '18', 'en_us', '');
INSERT INTO `searchindex` (`elementId`, `attribute`, `fieldId`, `locale`, `keywords`) VALUES ('12', 'field', '4', 'en_us', ' 2015 ');
INSERT INTO `searchindex` (`elementId`, `attribute`, `fieldId`, `locale`, `keywords`) VALUES ('12', 'field', '23', 'en_us', ' project analysis ');
INSERT INTO `searchindex` (`elementId`, `attribute`, `fieldId`, `locale`, `keywords`) VALUES ('12', 'field', '10', 'en_us', ' hsin lei chen ');
INSERT INTO `searchindex` (`elementId`, `attribute`, `fieldId`, `locale`, `keywords`) VALUES ('12', 'field', '24', 'en_us', ' this is the project analysis text ');
INSERT INTO `searchindex` (`elementId`, `attribute`, `fieldId`, `locale`, `keywords`) VALUES ('12', 'field', '39', 'en_us', '');
INSERT INTO `searchindex` (`elementId`, `attribute`, `fieldId`, `locale`, `keywords`) VALUES ('12', 'field', '11', 'en_us', ' http hsinlei com ');
INSERT INTO `searchindex` (`elementId`, `attribute`, `fieldId`, `locale`, `keywords`) VALUES ('12', 'field', '25', 'en_us', ' this is feature 1 text this is feature 1 fluid 640x480 ');
INSERT INTO `searchindex` (`elementId`, `attribute`, `fieldId`, `locale`, `keywords`) VALUES ('12', 'field', '12', 'en_us', ' visual design ');
INSERT INTO `searchindex` (`elementId`, `attribute`, `fieldId`, `locale`, `keywords`) VALUES ('12', 'field', '9', 'en_us', ' flash css3 html5 javascript sketch webgl ');
INSERT INTO `searchindex` (`elementId`, `attribute`, `fieldId`, `locale`, `keywords`) VALUES ('12', 'field', '21', 'en_us', ' what i ve learned ');
INSERT INTO `searchindex` (`elementId`, `attribute`, `fieldId`, `locale`, `keywords`) VALUES ('12', 'field', '42', 'en_us', ' 600x600 ');
INSERT INTO `searchindex` (`elementId`, `attribute`, `fieldId`, `locale`, `keywords`) VALUES ('12', 'field', '22', 'en_us', ' i have learned a lot of things ');
INSERT INTO `searchindex` (`elementId`, `attribute`, `fieldId`, `locale`, `keywords`) VALUES ('12', 'field', '44', 'en_us', ' 1024x768 ');
INSERT INTO `searchindex` (`elementId`, `attribute`, `fieldId`, `locale`, `keywords`) VALUES ('12', 'field', '43', 'en_us', ' 400x200 ');
INSERT INTO `searchindex` (`elementId`, `attribute`, `fieldId`, `locale`, `keywords`) VALUES ('12', 'slug', '0', 'en_us', ' hsin lei ');
INSERT INTO `searchindex` (`elementId`, `attribute`, `fieldId`, `locale`, `keywords`) VALUES ('12', 'title', '0', 'en_us', ' composer hsin lei chen portfolio ');
INSERT INTO `searchindex` (`elementId`, `attribute`, `fieldId`, `locale`, `keywords`) VALUES ('13', 'field', '26', 'en_us', ' this is feature 1 ');
INSERT INTO `searchindex` (`elementId`, `attribute`, `fieldId`, `locale`, `keywords`) VALUES ('13', 'field', '27', 'en_us', ' this is feature 1 text ');
INSERT INTO `searchindex` (`elementId`, `attribute`, `fieldId`, `locale`, `keywords`) VALUES ('13', 'field', '28', 'en_us', ' 640x480 ');
INSERT INTO `searchindex` (`elementId`, `attribute`, `fieldId`, `locale`, `keywords`) VALUES ('13', 'field', '29', 'en_us', ' fluid ');
INSERT INTO `searchindex` (`elementId`, `attribute`, `fieldId`, `locale`, `keywords`) VALUES ('13', 'slug', '0', 'en_us', '');
INSERT INTO `searchindex` (`elementId`, `attribute`, `fieldId`, `locale`, `keywords`) VALUES ('14', 'slug', '0', 'en_us', '');
INSERT INTO `searchindex` (`elementId`, `attribute`, `fieldId`, `locale`, `keywords`) VALUES ('14', 'title', '0', 'en_us', ' 600x600 ');
INSERT INTO `searchindex` (`elementId`, `attribute`, `fieldId`, `locale`, `keywords`) VALUES ('15', 'filename', '0', 'en_us', ' 640x480 gif ');
INSERT INTO `searchindex` (`elementId`, `attribute`, `fieldId`, `locale`, `keywords`) VALUES ('15', 'extension', '0', 'en_us', ' gif ');
INSERT INTO `searchindex` (`elementId`, `attribute`, `fieldId`, `locale`, `keywords`) VALUES ('15', 'kind', '0', 'en_us', ' image ');
INSERT INTO `searchindex` (`elementId`, `attribute`, `fieldId`, `locale`, `keywords`) VALUES ('15', 'slug', '0', 'en_us', '');
INSERT INTO `searchindex` (`elementId`, `attribute`, `fieldId`, `locale`, `keywords`) VALUES ('15', 'title', '0', 'en_us', ' 640x480 ');
INSERT INTO `searchindex` (`elementId`, `attribute`, `fieldId`, `locale`, `keywords`) VALUES ('16', 'filename', '0', 'en_us', ' 1024x768 gif ');
INSERT INTO `searchindex` (`elementId`, `attribute`, `fieldId`, `locale`, `keywords`) VALUES ('16', 'extension', '0', 'en_us', ' gif ');
INSERT INTO `searchindex` (`elementId`, `attribute`, `fieldId`, `locale`, `keywords`) VALUES ('16', 'kind', '0', 'en_us', ' image ');
INSERT INTO `searchindex` (`elementId`, `attribute`, `fieldId`, `locale`, `keywords`) VALUES ('16', 'slug', '0', 'en_us', '');
INSERT INTO `searchindex` (`elementId`, `attribute`, `fieldId`, `locale`, `keywords`) VALUES ('16', 'title', '0', 'en_us', ' 1024x768 ');
INSERT INTO `searchindex` (`elementId`, `attribute`, `fieldId`, `locale`, `keywords`) VALUES ('17', 'filename', '0', 'en_us', ' 600x600 gif ');
INSERT INTO `searchindex` (`elementId`, `attribute`, `fieldId`, `locale`, `keywords`) VALUES ('17', 'extension', '0', 'en_us', ' gif ');
INSERT INTO `searchindex` (`elementId`, `attribute`, `fieldId`, `locale`, `keywords`) VALUES ('17', 'kind', '0', 'en_us', ' image ');
INSERT INTO `searchindex` (`elementId`, `attribute`, `fieldId`, `locale`, `keywords`) VALUES ('17', 'slug', '0', 'en_us', '');
INSERT INTO `searchindex` (`elementId`, `attribute`, `fieldId`, `locale`, `keywords`) VALUES ('17', 'title', '0', 'en_us', ' 600x600 ');
INSERT INTO `searchindex` (`elementId`, `attribute`, `fieldId`, `locale`, `keywords`) VALUES ('18', 'filename', '0', 'en_us', ' 400x200 gif ');
INSERT INTO `searchindex` (`elementId`, `attribute`, `fieldId`, `locale`, `keywords`) VALUES ('18', 'extension', '0', 'en_us', ' gif ');
INSERT INTO `searchindex` (`elementId`, `attribute`, `fieldId`, `locale`, `keywords`) VALUES ('18', 'kind', '0', 'en_us', ' image ');
INSERT INTO `searchindex` (`elementId`, `attribute`, `fieldId`, `locale`, `keywords`) VALUES ('18', 'slug', '0', 'en_us', '');
INSERT INTO `searchindex` (`elementId`, `attribute`, `fieldId`, `locale`, `keywords`) VALUES ('18', 'title', '0', 'en_us', ' 400x200 ');
INSERT INTO `searchindex` (`elementId`, `attribute`, `fieldId`, `locale`, `keywords`) VALUES ('10', 'field', '23', 'en_us', '');
INSERT INTO `searchindex` (`elementId`, `attribute`, `fieldId`, `locale`, `keywords`) VALUES ('10', 'field', '24', 'en_us', '');
INSERT INTO `searchindex` (`elementId`, `attribute`, `fieldId`, `locale`, `keywords`) VALUES ('10', 'field', '39', 'en_us', '');
INSERT INTO `searchindex` (`elementId`, `attribute`, `fieldId`, `locale`, `keywords`) VALUES ('10', 'field', '25', 'en_us', ' this is the feature texts feature 1 fluid 640x480 ');
INSERT INTO `searchindex` (`elementId`, `attribute`, `fieldId`, `locale`, `keywords`) VALUES ('10', 'field', '42', 'en_us', ' 600x600 ');
INSERT INTO `searchindex` (`elementId`, `attribute`, `fieldId`, `locale`, `keywords`) VALUES ('10', 'field', '44', 'en_us', ' 1024x768 ');
INSERT INTO `searchindex` (`elementId`, `attribute`, `fieldId`, `locale`, `keywords`) VALUES ('10', 'field', '43', 'en_us', ' 400x200 ');
INSERT INTO `searchindex` (`elementId`, `attribute`, `fieldId`, `locale`, `keywords`) VALUES ('19', 'field', '26', 'en_us', ' feature 1 ');
INSERT INTO `searchindex` (`elementId`, `attribute`, `fieldId`, `locale`, `keywords`) VALUES ('19', 'field', '27', 'en_us', ' this is the feature texts ');
INSERT INTO `searchindex` (`elementId`, `attribute`, `fieldId`, `locale`, `keywords`) VALUES ('19', 'field', '28', 'en_us', ' 640x480 ');
INSERT INTO `searchindex` (`elementId`, `attribute`, `fieldId`, `locale`, `keywords`) VALUES ('19', 'field', '29', 'en_us', ' fluid ');
INSERT INTO `searchindex` (`elementId`, `attribute`, `fieldId`, `locale`, `keywords`) VALUES ('19', 'slug', '0', 'en_us', '');
INSERT INTO `searchindex` (`elementId`, `attribute`, `fieldId`, `locale`, `keywords`) VALUES ('9', 'field', '23', 'en_us', '');
INSERT INTO `searchindex` (`elementId`, `attribute`, `fieldId`, `locale`, `keywords`) VALUES ('9', 'field', '24', 'en_us', '');
INSERT INTO `searchindex` (`elementId`, `attribute`, `fieldId`, `locale`, `keywords`) VALUES ('9', 'field', '39', 'en_us', '');
INSERT INTO `searchindex` (`elementId`, `attribute`, `fieldId`, `locale`, `keywords`) VALUES ('9', 'field', '25', 'en_us', ' this is feature1 texts feature1 fluid 640x480 ');
INSERT INTO `searchindex` (`elementId`, `attribute`, `fieldId`, `locale`, `keywords`) VALUES ('9', 'field', '42', 'en_us', ' 600x600 ');
INSERT INTO `searchindex` (`elementId`, `attribute`, `fieldId`, `locale`, `keywords`) VALUES ('9', 'field', '44', 'en_us', ' 1024x768 ');
INSERT INTO `searchindex` (`elementId`, `attribute`, `fieldId`, `locale`, `keywords`) VALUES ('9', 'field', '43', 'en_us', ' 400x200 ');
INSERT INTO `searchindex` (`elementId`, `attribute`, `fieldId`, `locale`, `keywords`) VALUES ('20', 'field', '26', 'en_us', ' feature1 ');
INSERT INTO `searchindex` (`elementId`, `attribute`, `fieldId`, `locale`, `keywords`) VALUES ('20', 'field', '27', 'en_us', ' this is feature1 texts ');
INSERT INTO `searchindex` (`elementId`, `attribute`, `fieldId`, `locale`, `keywords`) VALUES ('20', 'field', '28', 'en_us', ' 640x480 ');
INSERT INTO `searchindex` (`elementId`, `attribute`, `fieldId`, `locale`, `keywords`) VALUES ('20', 'field', '29', 'en_us', ' fluid ');
INSERT INTO `searchindex` (`elementId`, `attribute`, `fieldId`, `locale`, `keywords`) VALUES ('20', 'slug', '0', 'en_us', '');
INSERT INTO `searchindex` (`elementId`, `attribute`, `fieldId`, `locale`, `keywords`) VALUES ('6', 'field', '23', 'en_us', '');
INSERT INTO `searchindex` (`elementId`, `attribute`, `fieldId`, `locale`, `keywords`) VALUES ('6', 'field', '24', 'en_us', '');
INSERT INTO `searchindex` (`elementId`, `attribute`, `fieldId`, `locale`, `keywords`) VALUES ('6', 'field', '39', 'en_us', '');
INSERT INTO `searchindex` (`elementId`, `attribute`, `fieldId`, `locale`, `keywords`) VALUES ('6', 'field', '25', 'en_us', ' this is feature 1 texts feature 1 fluid 640x480 ');
INSERT INTO `searchindex` (`elementId`, `attribute`, `fieldId`, `locale`, `keywords`) VALUES ('6', 'field', '42', 'en_us', ' 600x600 ');
INSERT INTO `searchindex` (`elementId`, `attribute`, `fieldId`, `locale`, `keywords`) VALUES ('6', 'field', '44', 'en_us', ' 1024x768 ');
INSERT INTO `searchindex` (`elementId`, `attribute`, `fieldId`, `locale`, `keywords`) VALUES ('6', 'field', '43', 'en_us', ' 400x200 ');
INSERT INTO `searchindex` (`elementId`, `attribute`, `fieldId`, `locale`, `keywords`) VALUES ('21', 'field', '26', 'en_us', ' feature 1 ');
INSERT INTO `searchindex` (`elementId`, `attribute`, `fieldId`, `locale`, `keywords`) VALUES ('21', 'field', '27', 'en_us', ' this is feature 1 texts ');
INSERT INTO `searchindex` (`elementId`, `attribute`, `fieldId`, `locale`, `keywords`) VALUES ('21', 'field', '28', 'en_us', ' 640x480 ');
INSERT INTO `searchindex` (`elementId`, `attribute`, `fieldId`, `locale`, `keywords`) VALUES ('21', 'field', '29', 'en_us', ' fluid ');
INSERT INTO `searchindex` (`elementId`, `attribute`, `fieldId`, `locale`, `keywords`) VALUES ('21', 'slug', '0', 'en_us', '');
INSERT INTO `searchindex` (`elementId`, `attribute`, `fieldId`, `locale`, `keywords`) VALUES ('22', 'field', '19', 'en_us', ' project brief ');
INSERT INTO `searchindex` (`elementId`, `attribute`, `fieldId`, `locale`, `keywords`) VALUES ('22', 'field', '16', 'en_us', '');
INSERT INTO `searchindex` (`elementId`, `attribute`, `fieldId`, `locale`, `keywords`) VALUES ('22', 'field', '13', 'en_us', ' labs ');
INSERT INTO `searchindex` (`elementId`, `attribute`, `fieldId`, `locale`, `keywords`) VALUES ('22', 'field', '20', 'en_us', ' this is the project brief texts ');
INSERT INTO `searchindex` (`elementId`, `attribute`, `fieldId`, `locale`, `keywords`) VALUES ('22', 'field', '3', 'en_us', ' this is the project description ');
INSERT INTO `searchindex` (`elementId`, `attribute`, `fieldId`, `locale`, `keywords`) VALUES ('22', 'field', '17', 'en_us', '');
INSERT INTO `searchindex` (`elementId`, `attribute`, `fieldId`, `locale`, `keywords`) VALUES ('22', 'field', '18', 'en_us', '');
INSERT INTO `searchindex` (`elementId`, `attribute`, `fieldId`, `locale`, `keywords`) VALUES ('22', 'field', '4', 'en_us', ' 2013 ');
INSERT INTO `searchindex` (`elementId`, `attribute`, `fieldId`, `locale`, `keywords`) VALUES ('22', 'field', '23', 'en_us', ' project analysis ');
INSERT INTO `searchindex` (`elementId`, `attribute`, `fieldId`, `locale`, `keywords`) VALUES ('22', 'field', '10', 'en_us', ' beverage trail ');
INSERT INTO `searchindex` (`elementId`, `attribute`, `fieldId`, `locale`, `keywords`) VALUES ('22', 'field', '24', 'en_us', ' this is the analysis texts ');
INSERT INTO `searchindex` (`elementId`, `attribute`, `fieldId`, `locale`, `keywords`) VALUES ('22', 'field', '39', 'en_us', '');
INSERT INTO `searchindex` (`elementId`, `attribute`, `fieldId`, `locale`, `keywords`) VALUES ('22', 'field', '11', 'en_us', '');
INSERT INTO `searchindex` (`elementId`, `attribute`, `fieldId`, `locale`, `keywords`) VALUES ('22', 'field', '25', 'en_us', ' this is feature 1 texts feature 1 fluid 640x480 ');
INSERT INTO `searchindex` (`elementId`, `attribute`, `fieldId`, `locale`, `keywords`) VALUES ('22', 'field', '12', 'en_us', ' ux design visual design development ');
INSERT INTO `searchindex` (`elementId`, `attribute`, `fieldId`, `locale`, `keywords`) VALUES ('22', 'field', '9', 'en_us', ' photoshop css3 html5 javascript ');
INSERT INTO `searchindex` (`elementId`, `attribute`, `fieldId`, `locale`, `keywords`) VALUES ('22', 'field', '21', 'en_us', ' what i ve learned ');
INSERT INTO `searchindex` (`elementId`, `attribute`, `fieldId`, `locale`, `keywords`) VALUES ('22', 'field', '42', 'en_us', ' 600x600 ');
INSERT INTO `searchindex` (`elementId`, `attribute`, `fieldId`, `locale`, `keywords`) VALUES ('22', 'field', '22', 'en_us', ' this is what i ve learned ');
INSERT INTO `searchindex` (`elementId`, `attribute`, `fieldId`, `locale`, `keywords`) VALUES ('22', 'field', '44', 'en_us', ' 1024x768 ');
INSERT INTO `searchindex` (`elementId`, `attribute`, `fieldId`, `locale`, `keywords`) VALUES ('22', 'field', '43', 'en_us', ' 400x200 ');
INSERT INTO `searchindex` (`elementId`, `attribute`, `fieldId`, `locale`, `keywords`) VALUES ('22', 'slug', '0', 'en_us', ' beverage trail ');
INSERT INTO `searchindex` (`elementId`, `attribute`, `fieldId`, `locale`, `keywords`) VALUES ('22', 'title', '0', 'en_us', ' beverage trail ');
INSERT INTO `searchindex` (`elementId`, `attribute`, `fieldId`, `locale`, `keywords`) VALUES ('23', 'field', '26', 'en_us', ' feature 1 ');
INSERT INTO `searchindex` (`elementId`, `attribute`, `fieldId`, `locale`, `keywords`) VALUES ('23', 'field', '27', 'en_us', ' this is feature 1 texts ');
INSERT INTO `searchindex` (`elementId`, `attribute`, `fieldId`, `locale`, `keywords`) VALUES ('23', 'field', '28', 'en_us', ' 640x480 ');
INSERT INTO `searchindex` (`elementId`, `attribute`, `fieldId`, `locale`, `keywords`) VALUES ('23', 'field', '29', 'en_us', ' fluid ');
INSERT INTO `searchindex` (`elementId`, `attribute`, `fieldId`, `locale`, `keywords`) VALUES ('23', 'slug', '0', 'en_us', '');
INSERT INTO `searchindex` (`elementId`, `attribute`, `fieldId`, `locale`, `keywords`) VALUES ('24', 'field', '19', 'en_us', ' project brief ');
INSERT INTO `searchindex` (`elementId`, `attribute`, `fieldId`, `locale`, `keywords`) VALUES ('24', 'field', '16', 'en_us', '');
INSERT INTO `searchindex` (`elementId`, `attribute`, `fieldId`, `locale`, `keywords`) VALUES ('24', 'field', '13', 'en_us', ' projects ');
INSERT INTO `searchindex` (`elementId`, `attribute`, `fieldId`, `locale`, `keywords`) VALUES ('24', 'field', '20', 'en_us', ' this is the project brief texts ');
INSERT INTO `searchindex` (`elementId`, `attribute`, `fieldId`, `locale`, `keywords`) VALUES ('24', 'field', '3', 'en_us', ' this is the project description ');
INSERT INTO `searchindex` (`elementId`, `attribute`, `fieldId`, `locale`, `keywords`) VALUES ('24', 'field', '17', 'en_us', '');
INSERT INTO `searchindex` (`elementId`, `attribute`, `fieldId`, `locale`, `keywords`) VALUES ('24', 'field', '18', 'en_us', '');
INSERT INTO `searchindex` (`elementId`, `attribute`, `fieldId`, `locale`, `keywords`) VALUES ('24', 'field', '4', 'en_us', ' 2014 ');
INSERT INTO `searchindex` (`elementId`, `attribute`, `fieldId`, `locale`, `keywords`) VALUES ('24', 'field', '23', 'en_us', ' project analysis ');
INSERT INTO `searchindex` (`elementId`, `attribute`, `fieldId`, `locale`, `keywords`) VALUES ('24', 'field', '10', 'en_us', '');
INSERT INTO `searchindex` (`elementId`, `attribute`, `fieldId`, `locale`, `keywords`) VALUES ('24', 'field', '24', 'en_us', ' this is the project analysis texts ');
INSERT INTO `searchindex` (`elementId`, `attribute`, `fieldId`, `locale`, `keywords`) VALUES ('24', 'field', '39', 'en_us', '');
INSERT INTO `searchindex` (`elementId`, `attribute`, `fieldId`, `locale`, `keywords`) VALUES ('24', 'field', '11', 'en_us', '');
INSERT INTO `searchindex` (`elementId`, `attribute`, `fieldId`, `locale`, `keywords`) VALUES ('24', 'field', '25', 'en_us', ' this is feature 1 texts feature 1 fluid 640x480 ');
INSERT INTO `searchindex` (`elementId`, `attribute`, `fieldId`, `locale`, `keywords`) VALUES ('24', 'field', '12', 'en_us', ' ux design wireframe ');
INSERT INTO `searchindex` (`elementId`, `attribute`, `fieldId`, `locale`, `keywords`) VALUES ('24', 'field', '9', 'en_us', ' justinmind ');
INSERT INTO `searchindex` (`elementId`, `attribute`, `fieldId`, `locale`, `keywords`) VALUES ('24', 'field', '21', 'en_us', ' what i ve learned ');
INSERT INTO `searchindex` (`elementId`, `attribute`, `fieldId`, `locale`, `keywords`) VALUES ('24', 'field', '42', 'en_us', ' 600x600 ');
INSERT INTO `searchindex` (`elementId`, `attribute`, `fieldId`, `locale`, `keywords`) VALUES ('24', 'field', '22', 'en_us', ' this is what i ve learned ');
INSERT INTO `searchindex` (`elementId`, `attribute`, `fieldId`, `locale`, `keywords`) VALUES ('24', 'field', '44', 'en_us', ' 1024x768 ');
INSERT INTO `searchindex` (`elementId`, `attribute`, `fieldId`, `locale`, `keywords`) VALUES ('24', 'field', '43', 'en_us', ' 400x200 ');
INSERT INTO `searchindex` (`elementId`, `attribute`, `fieldId`, `locale`, `keywords`) VALUES ('24', 'slug', '0', 'en_us', ' party planner ');
INSERT INTO `searchindex` (`elementId`, `attribute`, `fieldId`, `locale`, `keywords`) VALUES ('24', 'title', '0', 'en_us', ' party planner ');
INSERT INTO `searchindex` (`elementId`, `attribute`, `fieldId`, `locale`, `keywords`) VALUES ('25', 'field', '26', 'en_us', ' feature 1 ');
INSERT INTO `searchindex` (`elementId`, `attribute`, `fieldId`, `locale`, `keywords`) VALUES ('25', 'field', '27', 'en_us', ' this is feature 1 texts ');
INSERT INTO `searchindex` (`elementId`, `attribute`, `fieldId`, `locale`, `keywords`) VALUES ('25', 'field', '28', 'en_us', ' 640x480 ');
INSERT INTO `searchindex` (`elementId`, `attribute`, `fieldId`, `locale`, `keywords`) VALUES ('25', 'field', '29', 'en_us', ' fluid ');
INSERT INTO `searchindex` (`elementId`, `attribute`, `fieldId`, `locale`, `keywords`) VALUES ('25', 'slug', '0', 'en_us', '');
INSERT INTO `searchindex` (`elementId`, `attribute`, `fieldId`, `locale`, `keywords`) VALUES ('26', 'field', '19', 'en_us', ' project brief ');
INSERT INTO `searchindex` (`elementId`, `attribute`, `fieldId`, `locale`, `keywords`) VALUES ('26', 'field', '16', 'en_us', '');
INSERT INTO `searchindex` (`elementId`, `attribute`, `fieldId`, `locale`, `keywords`) VALUES ('26', 'field', '13', 'en_us', ' projects ');
INSERT INTO `searchindex` (`elementId`, `attribute`, `fieldId`, `locale`, `keywords`) VALUES ('26', 'field', '20', 'en_us', ' this is the project brief texts ');
INSERT INTO `searchindex` (`elementId`, `attribute`, `fieldId`, `locale`, `keywords`) VALUES ('26', 'field', '3', 'en_us', ' this is the project description ');
INSERT INTO `searchindex` (`elementId`, `attribute`, `fieldId`, `locale`, `keywords`) VALUES ('26', 'field', '17', 'en_us', '');
INSERT INTO `searchindex` (`elementId`, `attribute`, `fieldId`, `locale`, `keywords`) VALUES ('26', 'field', '18', 'en_us', '');
INSERT INTO `searchindex` (`elementId`, `attribute`, `fieldId`, `locale`, `keywords`) VALUES ('26', 'field', '4', 'en_us', ' 2013 ');
INSERT INTO `searchindex` (`elementId`, `attribute`, `fieldId`, `locale`, `keywords`) VALUES ('26', 'field', '23', 'en_us', ' project analysis ');
INSERT INTO `searchindex` (`elementId`, `attribute`, `fieldId`, `locale`, `keywords`) VALUES ('26', 'field', '10', 'en_us', ' kanjy ');
INSERT INTO `searchindex` (`elementId`, `attribute`, `fieldId`, `locale`, `keywords`) VALUES ('26', 'field', '24', 'en_us', ' this is the project analysis texts ');
INSERT INTO `searchindex` (`elementId`, `attribute`, `fieldId`, `locale`, `keywords`) VALUES ('26', 'field', '39', 'en_us', '');
INSERT INTO `searchindex` (`elementId`, `attribute`, `fieldId`, `locale`, `keywords`) VALUES ('26', 'field', '11', 'en_us', '');
INSERT INTO `searchindex` (`elementId`, `attribute`, `fieldId`, `locale`, `keywords`) VALUES ('26', 'field', '25', 'en_us', ' this is feature 1 texts feature 1 fluid 640x480 ');
INSERT INTO `searchindex` (`elementId`, `attribute`, `fieldId`, `locale`, `keywords`) VALUES ('26', 'field', '12', 'en_us', ' ux design wireframe prototype ');
INSERT INTO `searchindex` (`elementId`, `attribute`, `fieldId`, `locale`, `keywords`) VALUES ('26', 'field', '9', 'en_us', ' adobe indesign photoshop justinmind ');
INSERT INTO `searchindex` (`elementId`, `attribute`, `fieldId`, `locale`, `keywords`) VALUES ('26', 'field', '21', 'en_us', ' what i ve learned ');
INSERT INTO `searchindex` (`elementId`, `attribute`, `fieldId`, `locale`, `keywords`) VALUES ('26', 'field', '42', 'en_us', ' 600x600 ');
INSERT INTO `searchindex` (`elementId`, `attribute`, `fieldId`, `locale`, `keywords`) VALUES ('26', 'field', '22', 'en_us', ' this is what i ve learned ');
INSERT INTO `searchindex` (`elementId`, `attribute`, `fieldId`, `locale`, `keywords`) VALUES ('26', 'field', '44', 'en_us', ' 1024x768 ');
INSERT INTO `searchindex` (`elementId`, `attribute`, `fieldId`, `locale`, `keywords`) VALUES ('26', 'field', '43', 'en_us', ' 400x200 ');
INSERT INTO `searchindex` (`elementId`, `attribute`, `fieldId`, `locale`, `keywords`) VALUES ('26', 'slug', '0', 'en_us', ' kanjy website ');
INSERT INTO `searchindex` (`elementId`, `attribute`, `fieldId`, `locale`, `keywords`) VALUES ('26', 'title', '0', 'en_us', ' kanjy website ');
INSERT INTO `searchindex` (`elementId`, `attribute`, `fieldId`, `locale`, `keywords`) VALUES ('27', 'field', '26', 'en_us', ' feature 1 ');
INSERT INTO `searchindex` (`elementId`, `attribute`, `fieldId`, `locale`, `keywords`) VALUES ('27', 'field', '27', 'en_us', ' this is feature 1 texts ');
INSERT INTO `searchindex` (`elementId`, `attribute`, `fieldId`, `locale`, `keywords`) VALUES ('27', 'field', '28', 'en_us', ' 640x480 ');
INSERT INTO `searchindex` (`elementId`, `attribute`, `fieldId`, `locale`, `keywords`) VALUES ('27', 'field', '29', 'en_us', ' fluid ');
INSERT INTO `searchindex` (`elementId`, `attribute`, `fieldId`, `locale`, `keywords`) VALUES ('27', 'slug', '0', 'en_us', '');
INSERT INTO `searchindex` (`elementId`, `attribute`, `fieldId`, `locale`, `keywords`) VALUES ('28', 'field', '19', 'en_us', ' project brief ');
INSERT INTO `searchindex` (`elementId`, `attribute`, `fieldId`, `locale`, `keywords`) VALUES ('28', 'field', '16', 'en_us', '');
INSERT INTO `searchindex` (`elementId`, `attribute`, `fieldId`, `locale`, `keywords`) VALUES ('28', 'field', '13', 'en_us', ' projects ');
INSERT INTO `searchindex` (`elementId`, `attribute`, `fieldId`, `locale`, `keywords`) VALUES ('28', 'field', '20', 'en_us', ' this is the project brief texts ');
INSERT INTO `searchindex` (`elementId`, `attribute`, `fieldId`, `locale`, `keywords`) VALUES ('28', 'field', '3', 'en_us', ' this is the project description ');
INSERT INTO `searchindex` (`elementId`, `attribute`, `fieldId`, `locale`, `keywords`) VALUES ('28', 'field', '17', 'en_us', '');
INSERT INTO `searchindex` (`elementId`, `attribute`, `fieldId`, `locale`, `keywords`) VALUES ('28', 'field', '18', 'en_us', '');
INSERT INTO `searchindex` (`elementId`, `attribute`, `fieldId`, `locale`, `keywords`) VALUES ('28', 'field', '4', 'en_us', ' 2012 ');
INSERT INTO `searchindex` (`elementId`, `attribute`, `fieldId`, `locale`, `keywords`) VALUES ('28', 'field', '23', 'en_us', ' project analysis ');
INSERT INTO `searchindex` (`elementId`, `attribute`, `fieldId`, `locale`, `keywords`) VALUES ('28', 'field', '10', 'en_us', ' falcon ');
INSERT INTO `searchindex` (`elementId`, `attribute`, `fieldId`, `locale`, `keywords`) VALUES ('28', 'field', '24', 'en_us', ' this is the project analysis texts ');
INSERT INTO `searchindex` (`elementId`, `attribute`, `fieldId`, `locale`, `keywords`) VALUES ('28', 'field', '39', 'en_us', '');
INSERT INTO `searchindex` (`elementId`, `attribute`, `fieldId`, `locale`, `keywords`) VALUES ('28', 'field', '11', 'en_us', '');
INSERT INTO `searchindex` (`elementId`, `attribute`, `fieldId`, `locale`, `keywords`) VALUES ('28', 'field', '25', 'en_us', ' this is project feature 1 texts feature 1 fluid 640x480 ');
INSERT INTO `searchindex` (`elementId`, `attribute`, `fieldId`, `locale`, `keywords`) VALUES ('28', 'field', '12', 'en_us', ' visual design ');
INSERT INTO `searchindex` (`elementId`, `attribute`, `fieldId`, `locale`, `keywords`) VALUES ('28', 'field', '9', 'en_us', ' photoshop ');
INSERT INTO `searchindex` (`elementId`, `attribute`, `fieldId`, `locale`, `keywords`) VALUES ('28', 'field', '21', 'en_us', ' what i ve learned ');
INSERT INTO `searchindex` (`elementId`, `attribute`, `fieldId`, `locale`, `keywords`) VALUES ('28', 'field', '42', 'en_us', ' 600x600 ');
INSERT INTO `searchindex` (`elementId`, `attribute`, `fieldId`, `locale`, `keywords`) VALUES ('28', 'field', '22', 'en_us', ' this is what i ve learned ');
INSERT INTO `searchindex` (`elementId`, `attribute`, `fieldId`, `locale`, `keywords`) VALUES ('28', 'field', '44', 'en_us', ' 1024x768 ');
INSERT INTO `searchindex` (`elementId`, `attribute`, `fieldId`, `locale`, `keywords`) VALUES ('28', 'field', '43', 'en_us', ' 400x200 ');
INSERT INTO `searchindex` (`elementId`, `attribute`, `fieldId`, `locale`, `keywords`) VALUES ('28', 'slug', '0', 'en_us', ' falcon ');
INSERT INTO `searchindex` (`elementId`, `attribute`, `fieldId`, `locale`, `keywords`) VALUES ('28', 'title', '0', 'en_us', ' falcon ');
INSERT INTO `searchindex` (`elementId`, `attribute`, `fieldId`, `locale`, `keywords`) VALUES ('29', 'field', '26', 'en_us', ' feature 1 ');
INSERT INTO `searchindex` (`elementId`, `attribute`, `fieldId`, `locale`, `keywords`) VALUES ('29', 'field', '27', 'en_us', ' this is project feature 1 texts ');
INSERT INTO `searchindex` (`elementId`, `attribute`, `fieldId`, `locale`, `keywords`) VALUES ('29', 'field', '28', 'en_us', ' 640x480 ');
INSERT INTO `searchindex` (`elementId`, `attribute`, `fieldId`, `locale`, `keywords`) VALUES ('29', 'field', '29', 'en_us', ' fluid ');
INSERT INTO `searchindex` (`elementId`, `attribute`, `fieldId`, `locale`, `keywords`) VALUES ('29', 'slug', '0', 'en_us', '');
INSERT INTO `searchindex` (`elementId`, `attribute`, `fieldId`, `locale`, `keywords`) VALUES ('30', 'field', '19', 'en_us', ' project brief ');
INSERT INTO `searchindex` (`elementId`, `attribute`, `fieldId`, `locale`, `keywords`) VALUES ('30', 'field', '16', 'en_us', '');
INSERT INTO `searchindex` (`elementId`, `attribute`, `fieldId`, `locale`, `keywords`) VALUES ('30', 'field', '13', 'en_us', ' projects ');
INSERT INTO `searchindex` (`elementId`, `attribute`, `fieldId`, `locale`, `keywords`) VALUES ('30', 'field', '20', 'en_us', ' this is the project brief texts ');
INSERT INTO `searchindex` (`elementId`, `attribute`, `fieldId`, `locale`, `keywords`) VALUES ('30', 'field', '3', 'en_us', ' this is the project description ');
INSERT INTO `searchindex` (`elementId`, `attribute`, `fieldId`, `locale`, `keywords`) VALUES ('30', 'field', '17', 'en_us', '');
INSERT INTO `searchindex` (`elementId`, `attribute`, `fieldId`, `locale`, `keywords`) VALUES ('30', 'field', '18', 'en_us', '');
INSERT INTO `searchindex` (`elementId`, `attribute`, `fieldId`, `locale`, `keywords`) VALUES ('30', 'field', '4', 'en_us', ' 2011 ');
INSERT INTO `searchindex` (`elementId`, `attribute`, `fieldId`, `locale`, `keywords`) VALUES ('30', 'field', '23', 'en_us', ' project analysis ');
INSERT INTO `searchindex` (`elementId`, `attribute`, `fieldId`, `locale`, `keywords`) VALUES ('30', 'field', '10', 'en_us', '');
INSERT INTO `searchindex` (`elementId`, `attribute`, `fieldId`, `locale`, `keywords`) VALUES ('30', 'field', '24', 'en_us', ' this is the project analysis texts ');
INSERT INTO `searchindex` (`elementId`, `attribute`, `fieldId`, `locale`, `keywords`) VALUES ('30', 'field', '39', 'en_us', '');
INSERT INTO `searchindex` (`elementId`, `attribute`, `fieldId`, `locale`, `keywords`) VALUES ('30', 'field', '11', 'en_us', '');
INSERT INTO `searchindex` (`elementId`, `attribute`, `fieldId`, `locale`, `keywords`) VALUES ('30', 'field', '25', 'en_us', ' this is feature 1 texts feature 1 fluid 640x480 ');
INSERT INTO `searchindex` (`elementId`, `attribute`, `fieldId`, `locale`, `keywords`) VALUES ('30', 'field', '12', 'en_us', ' ux design visual design prototype ');
INSERT INTO `searchindex` (`elementId`, `attribute`, `fieldId`, `locale`, `keywords`) VALUES ('30', 'field', '9', 'en_us', ' adobe indesign justinmind ');
INSERT INTO `searchindex` (`elementId`, `attribute`, `fieldId`, `locale`, `keywords`) VALUES ('30', 'field', '21', 'en_us', ' what i ve learned ');
INSERT INTO `searchindex` (`elementId`, `attribute`, `fieldId`, `locale`, `keywords`) VALUES ('30', 'field', '42', 'en_us', ' 600x600 ');
INSERT INTO `searchindex` (`elementId`, `attribute`, `fieldId`, `locale`, `keywords`) VALUES ('30', 'field', '22', 'en_us', ' this is what i ve learned ');
INSERT INTO `searchindex` (`elementId`, `attribute`, `fieldId`, `locale`, `keywords`) VALUES ('30', 'field', '44', 'en_us', ' 1024x768 ');
INSERT INTO `searchindex` (`elementId`, `attribute`, `fieldId`, `locale`, `keywords`) VALUES ('30', 'field', '43', 'en_us', ' 400x200 ');
INSERT INTO `searchindex` (`elementId`, `attribute`, `fieldId`, `locale`, `keywords`) VALUES ('30', 'slug', '0', 'en_us', ' dresssmart ');
INSERT INTO `searchindex` (`elementId`, `attribute`, `fieldId`, `locale`, `keywords`) VALUES ('30', 'title', '0', 'en_us', ' dresssmart ');
INSERT INTO `searchindex` (`elementId`, `attribute`, `fieldId`, `locale`, `keywords`) VALUES ('31', 'field', '26', 'en_us', ' feature 1 ');
INSERT INTO `searchindex` (`elementId`, `attribute`, `fieldId`, `locale`, `keywords`) VALUES ('31', 'field', '27', 'en_us', ' this is feature 1 texts ');
INSERT INTO `searchindex` (`elementId`, `attribute`, `fieldId`, `locale`, `keywords`) VALUES ('31', 'field', '28', 'en_us', ' 640x480 ');
INSERT INTO `searchindex` (`elementId`, `attribute`, `fieldId`, `locale`, `keywords`) VALUES ('31', 'field', '29', 'en_us', ' fluid ');
INSERT INTO `searchindex` (`elementId`, `attribute`, `fieldId`, `locale`, `keywords`) VALUES ('31', 'slug', '0', 'en_us', '');
INSERT INTO `searchindex` (`elementId`, `attribute`, `fieldId`, `locale`, `keywords`) VALUES ('32', 'field', '19', 'en_us', ' project brief ');
INSERT INTO `searchindex` (`elementId`, `attribute`, `fieldId`, `locale`, `keywords`) VALUES ('32', 'field', '16', 'en_us', '');
INSERT INTO `searchindex` (`elementId`, `attribute`, `fieldId`, `locale`, `keywords`) VALUES ('32', 'field', '13', 'en_us', ' projects ');
INSERT INTO `searchindex` (`elementId`, `attribute`, `fieldId`, `locale`, `keywords`) VALUES ('32', 'field', '20', 'en_us', ' this is the project brief texts ');
INSERT INTO `searchindex` (`elementId`, `attribute`, `fieldId`, `locale`, `keywords`) VALUES ('32', 'field', '3', 'en_us', ' this is the project description ');
INSERT INTO `searchindex` (`elementId`, `attribute`, `fieldId`, `locale`, `keywords`) VALUES ('32', 'field', '17', 'en_us', '');
INSERT INTO `searchindex` (`elementId`, `attribute`, `fieldId`, `locale`, `keywords`) VALUES ('32', 'field', '18', 'en_us', '');
INSERT INTO `searchindex` (`elementId`, `attribute`, `fieldId`, `locale`, `keywords`) VALUES ('32', 'field', '4', 'en_us', ' 2015 ');
INSERT INTO `searchindex` (`elementId`, `attribute`, `fieldId`, `locale`, `keywords`) VALUES ('32', 'field', '23', 'en_us', ' project analysis ');
INSERT INTO `searchindex` (`elementId`, `attribute`, `fieldId`, `locale`, `keywords`) VALUES ('32', 'field', '10', 'en_us', ' sandata ');
INSERT INTO `searchindex` (`elementId`, `attribute`, `fieldId`, `locale`, `keywords`) VALUES ('32', 'field', '24', 'en_us', ' this is the analysis texts ');
INSERT INTO `searchindex` (`elementId`, `attribute`, `fieldId`, `locale`, `keywords`) VALUES ('32', 'field', '39', 'en_us', '');
INSERT INTO `searchindex` (`elementId`, `attribute`, `fieldId`, `locale`, `keywords`) VALUES ('32', 'field', '11', 'en_us', '');
INSERT INTO `searchindex` (`elementId`, `attribute`, `fieldId`, `locale`, `keywords`) VALUES ('32', 'field', '25', 'en_us', ' this is feature1 texts feature 1 fluid 640x480 ');
INSERT INTO `searchindex` (`elementId`, `attribute`, `fieldId`, `locale`, `keywords`) VALUES ('32', 'field', '12', 'en_us', ' visual design ');
INSERT INTO `searchindex` (`elementId`, `attribute`, `fieldId`, `locale`, `keywords`) VALUES ('32', 'field', '9', 'en_us', ' photoshop ');
INSERT INTO `searchindex` (`elementId`, `attribute`, `fieldId`, `locale`, `keywords`) VALUES ('32', 'field', '21', 'en_us', ' what i ve learned ');
INSERT INTO `searchindex` (`elementId`, `attribute`, `fieldId`, `locale`, `keywords`) VALUES ('32', 'field', '42', 'en_us', ' 600x600 ');
INSERT INTO `searchindex` (`elementId`, `attribute`, `fieldId`, `locale`, `keywords`) VALUES ('32', 'field', '22', 'en_us', ' this is what i ve learned ');
INSERT INTO `searchindex` (`elementId`, `attribute`, `fieldId`, `locale`, `keywords`) VALUES ('32', 'field', '44', 'en_us', ' 1024x768 ');
INSERT INTO `searchindex` (`elementId`, `attribute`, `fieldId`, `locale`, `keywords`) VALUES ('32', 'field', '43', 'en_us', ' 400x200 ');
INSERT INTO `searchindex` (`elementId`, `attribute`, `fieldId`, `locale`, `keywords`) VALUES ('32', 'slug', '0', 'en_us', ' sandata ');
INSERT INTO `searchindex` (`elementId`, `attribute`, `fieldId`, `locale`, `keywords`) VALUES ('32', 'title', '0', 'en_us', ' sandata ');
INSERT INTO `searchindex` (`elementId`, `attribute`, `fieldId`, `locale`, `keywords`) VALUES ('33', 'field', '26', 'en_us', ' feature 1 ');
INSERT INTO `searchindex` (`elementId`, `attribute`, `fieldId`, `locale`, `keywords`) VALUES ('33', 'field', '27', 'en_us', ' this is feature1 texts ');
INSERT INTO `searchindex` (`elementId`, `attribute`, `fieldId`, `locale`, `keywords`) VALUES ('33', 'field', '28', 'en_us', ' 640x480 ');
INSERT INTO `searchindex` (`elementId`, `attribute`, `fieldId`, `locale`, `keywords`) VALUES ('33', 'field', '29', 'en_us', ' fluid ');
INSERT INTO `searchindex` (`elementId`, `attribute`, `fieldId`, `locale`, `keywords`) VALUES ('33', 'slug', '0', 'en_us', '');
INSERT INTO `searchindex` (`elementId`, `attribute`, `fieldId`, `locale`, `keywords`) VALUES ('34', 'field', '19', 'en_us', ' project brief ');
INSERT INTO `searchindex` (`elementId`, `attribute`, `fieldId`, `locale`, `keywords`) VALUES ('34', 'field', '16', 'en_us', '');
INSERT INTO `searchindex` (`elementId`, `attribute`, `fieldId`, `locale`, `keywords`) VALUES ('34', 'field', '13', 'en_us', ' projects ');
INSERT INTO `searchindex` (`elementId`, `attribute`, `fieldId`, `locale`, `keywords`) VALUES ('34', 'field', '20', 'en_us', ' this is the project brief texts ');
INSERT INTO `searchindex` (`elementId`, `attribute`, `fieldId`, `locale`, `keywords`) VALUES ('34', 'field', '3', 'en_us', ' this is the project description ');
INSERT INTO `searchindex` (`elementId`, `attribute`, `fieldId`, `locale`, `keywords`) VALUES ('34', 'field', '17', 'en_us', '');
INSERT INTO `searchindex` (`elementId`, `attribute`, `fieldId`, `locale`, `keywords`) VALUES ('34', 'field', '18', 'en_us', '');
INSERT INTO `searchindex` (`elementId`, `attribute`, `fieldId`, `locale`, `keywords`) VALUES ('34', 'field', '4', 'en_us', ' 2013 ');
INSERT INTO `searchindex` (`elementId`, `attribute`, `fieldId`, `locale`, `keywords`) VALUES ('34', 'field', '23', 'en_us', ' project analysis ');
INSERT INTO `searchindex` (`elementId`, `attribute`, `fieldId`, `locale`, `keywords`) VALUES ('34', 'field', '10', 'en_us', ' ideation llc ');
INSERT INTO `searchindex` (`elementId`, `attribute`, `fieldId`, `locale`, `keywords`) VALUES ('34', 'field', '24', 'en_us', ' this is project analysis texts ');
INSERT INTO `searchindex` (`elementId`, `attribute`, `fieldId`, `locale`, `keywords`) VALUES ('34', 'field', '39', 'en_us', '');
INSERT INTO `searchindex` (`elementId`, `attribute`, `fieldId`, `locale`, `keywords`) VALUES ('34', 'field', '11', 'en_us', ' http www ideationnyc com ');
INSERT INTO `searchindex` (`elementId`, `attribute`, `fieldId`, `locale`, `keywords`) VALUES ('34', 'field', '25', 'en_us', ' this is feature 1 texts feature 1 fluid 640x480 ');
INSERT INTO `searchindex` (`elementId`, `attribute`, `fieldId`, `locale`, `keywords`) VALUES ('34', 'field', '12', 'en_us', ' ux design visual design ');
INSERT INTO `searchindex` (`elementId`, `attribute`, `fieldId`, `locale`, `keywords`) VALUES ('34', 'field', '9', 'en_us', ' photoshop ');
INSERT INTO `searchindex` (`elementId`, `attribute`, `fieldId`, `locale`, `keywords`) VALUES ('34', 'field', '21', 'en_us', ' what i ve learned ');
INSERT INTO `searchindex` (`elementId`, `attribute`, `fieldId`, `locale`, `keywords`) VALUES ('34', 'field', '42', 'en_us', ' 600x600 ');
INSERT INTO `searchindex` (`elementId`, `attribute`, `fieldId`, `locale`, `keywords`) VALUES ('34', 'field', '22', 'en_us', ' this is what i ve learned ');
INSERT INTO `searchindex` (`elementId`, `attribute`, `fieldId`, `locale`, `keywords`) VALUES ('34', 'field', '44', 'en_us', ' 1024x768 ');
INSERT INTO `searchindex` (`elementId`, `attribute`, `fieldId`, `locale`, `keywords`) VALUES ('34', 'field', '43', 'en_us', ' 400x200 ');
INSERT INTO `searchindex` (`elementId`, `attribute`, `fieldId`, `locale`, `keywords`) VALUES ('34', 'slug', '0', 'en_us', ' ideation website ');
INSERT INTO `searchindex` (`elementId`, `attribute`, `fieldId`, `locale`, `keywords`) VALUES ('34', 'title', '0', 'en_us', ' ideation website ');
INSERT INTO `searchindex` (`elementId`, `attribute`, `fieldId`, `locale`, `keywords`) VALUES ('35', 'field', '26', 'en_us', ' feature 1 ');
INSERT INTO `searchindex` (`elementId`, `attribute`, `fieldId`, `locale`, `keywords`) VALUES ('35', 'field', '27', 'en_us', ' this is feature 1 texts ');
INSERT INTO `searchindex` (`elementId`, `attribute`, `fieldId`, `locale`, `keywords`) VALUES ('35', 'field', '28', 'en_us', ' 640x480 ');
INSERT INTO `searchindex` (`elementId`, `attribute`, `fieldId`, `locale`, `keywords`) VALUES ('35', 'field', '29', 'en_us', ' fluid ');
INSERT INTO `searchindex` (`elementId`, `attribute`, `fieldId`, `locale`, `keywords`) VALUES ('35', 'slug', '0', 'en_us', '');
INSERT INTO `searchindex` (`elementId`, `attribute`, `fieldId`, `locale`, `keywords`) VALUES ('36', 'field', '19', 'en_us', ' project brief ');
INSERT INTO `searchindex` (`elementId`, `attribute`, `fieldId`, `locale`, `keywords`) VALUES ('36', 'field', '16', 'en_us', '');
INSERT INTO `searchindex` (`elementId`, `attribute`, `fieldId`, `locale`, `keywords`) VALUES ('36', 'field', '13', 'en_us', ' labs ');
INSERT INTO `searchindex` (`elementId`, `attribute`, `fieldId`, `locale`, `keywords`) VALUES ('36', 'field', '20', 'en_us', ' this is the project brief texts ');
INSERT INTO `searchindex` (`elementId`, `attribute`, `fieldId`, `locale`, `keywords`) VALUES ('36', 'field', '3', 'en_us', ' this is the project description ');
INSERT INTO `searchindex` (`elementId`, `attribute`, `fieldId`, `locale`, `keywords`) VALUES ('36', 'field', '17', 'en_us', '');
INSERT INTO `searchindex` (`elementId`, `attribute`, `fieldId`, `locale`, `keywords`) VALUES ('36', 'field', '18', 'en_us', '');
INSERT INTO `searchindex` (`elementId`, `attribute`, `fieldId`, `locale`, `keywords`) VALUES ('36', 'field', '4', 'en_us', ' 2011 ');
INSERT INTO `searchindex` (`elementId`, `attribute`, `fieldId`, `locale`, `keywords`) VALUES ('36', 'field', '23', 'en_us', ' project analysis ');
INSERT INTO `searchindex` (`elementId`, `attribute`, `fieldId`, `locale`, `keywords`) VALUES ('36', 'field', '10', 'en_us', ' wedwu ');
INSERT INTO `searchindex` (`elementId`, `attribute`, `fieldId`, `locale`, `keywords`) VALUES ('36', 'field', '24', 'en_us', ' this is project analysis texts ');
INSERT INTO `searchindex` (`elementId`, `attribute`, `fieldId`, `locale`, `keywords`) VALUES ('36', 'field', '39', 'en_us', '');
INSERT INTO `searchindex` (`elementId`, `attribute`, `fieldId`, `locale`, `keywords`) VALUES ('36', 'field', '11', 'en_us', '');
INSERT INTO `searchindex` (`elementId`, `attribute`, `fieldId`, `locale`, `keywords`) VALUES ('36', 'field', '25', 'en_us', ' this is feature 1 texts feature 1 fluid 640x480 ');
INSERT INTO `searchindex` (`elementId`, `attribute`, `fieldId`, `locale`, `keywords`) VALUES ('36', 'field', '12', 'en_us', ' ux design ');
INSERT INTO `searchindex` (`elementId`, `attribute`, `fieldId`, `locale`, `keywords`) VALUES ('36', 'field', '9', 'en_us', ' axure ');
INSERT INTO `searchindex` (`elementId`, `attribute`, `fieldId`, `locale`, `keywords`) VALUES ('36', 'field', '21', 'en_us', ' what i ve learned ');
INSERT INTO `searchindex` (`elementId`, `attribute`, `fieldId`, `locale`, `keywords`) VALUES ('36', 'field', '42', 'en_us', ' 600x600 ');
INSERT INTO `searchindex` (`elementId`, `attribute`, `fieldId`, `locale`, `keywords`) VALUES ('36', 'field', '22', 'en_us', ' this is what i ve learned ');
INSERT INTO `searchindex` (`elementId`, `attribute`, `fieldId`, `locale`, `keywords`) VALUES ('36', 'field', '44', 'en_us', ' 1024x768 ');
INSERT INTO `searchindex` (`elementId`, `attribute`, `fieldId`, `locale`, `keywords`) VALUES ('36', 'field', '43', 'en_us', ' 400x200 ');
INSERT INTO `searchindex` (`elementId`, `attribute`, `fieldId`, `locale`, `keywords`) VALUES ('36', 'slug', '0', 'en_us', ' wedwu redesign ');
INSERT INTO `searchindex` (`elementId`, `attribute`, `fieldId`, `locale`, `keywords`) VALUES ('36', 'title', '0', 'en_us', ' wedwu redesign ');
INSERT INTO `searchindex` (`elementId`, `attribute`, `fieldId`, `locale`, `keywords`) VALUES ('37', 'field', '26', 'en_us', ' feature 1 ');
INSERT INTO `searchindex` (`elementId`, `attribute`, `fieldId`, `locale`, `keywords`) VALUES ('37', 'field', '27', 'en_us', ' this is feature 1 texts ');
INSERT INTO `searchindex` (`elementId`, `attribute`, `fieldId`, `locale`, `keywords`) VALUES ('37', 'field', '28', 'en_us', ' 640x480 ');
INSERT INTO `searchindex` (`elementId`, `attribute`, `fieldId`, `locale`, `keywords`) VALUES ('37', 'field', '29', 'en_us', ' fluid ');
INSERT INTO `searchindex` (`elementId`, `attribute`, `fieldId`, `locale`, `keywords`) VALUES ('37', 'slug', '0', 'en_us', '');
INSERT INTO `searchindex` (`elementId`, `attribute`, `fieldId`, `locale`, `keywords`) VALUES ('38', 'field', '19', 'en_us', ' this is the project brief ');
INSERT INTO `searchindex` (`elementId`, `attribute`, `fieldId`, `locale`, `keywords`) VALUES ('38', 'field', '16', 'en_us', '');
INSERT INTO `searchindex` (`elementId`, `attribute`, `fieldId`, `locale`, `keywords`) VALUES ('38', 'field', '13', 'en_us', ' labs ');
INSERT INTO `searchindex` (`elementId`, `attribute`, `fieldId`, `locale`, `keywords`) VALUES ('38', 'field', '20', 'en_us', ' this is the project brief texts ');
INSERT INTO `searchindex` (`elementId`, `attribute`, `fieldId`, `locale`, `keywords`) VALUES ('38', 'field', '3', 'en_us', ' this is the project description ');
INSERT INTO `searchindex` (`elementId`, `attribute`, `fieldId`, `locale`, `keywords`) VALUES ('38', 'field', '17', 'en_us', '');
INSERT INTO `searchindex` (`elementId`, `attribute`, `fieldId`, `locale`, `keywords`) VALUES ('38', 'field', '18', 'en_us', '');
INSERT INTO `searchindex` (`elementId`, `attribute`, `fieldId`, `locale`, `keywords`) VALUES ('38', 'field', '4', 'en_us', ' 2015 ');
INSERT INTO `searchindex` (`elementId`, `attribute`, `fieldId`, `locale`, `keywords`) VALUES ('38', 'field', '23', 'en_us', ' project analysis ');
INSERT INTO `searchindex` (`elementId`, `attribute`, `fieldId`, `locale`, `keywords`) VALUES ('38', 'field', '10', 'en_us', '');
INSERT INTO `searchindex` (`elementId`, `attribute`, `fieldId`, `locale`, `keywords`) VALUES ('38', 'field', '24', 'en_us', ' this is the project analysis texts ');
INSERT INTO `searchindex` (`elementId`, `attribute`, `fieldId`, `locale`, `keywords`) VALUES ('38', 'field', '39', 'en_us', '');
INSERT INTO `searchindex` (`elementId`, `attribute`, `fieldId`, `locale`, `keywords`) VALUES ('38', 'field', '11', 'en_us', '');
INSERT INTO `searchindex` (`elementId`, `attribute`, `fieldId`, `locale`, `keywords`) VALUES ('38', 'field', '25', 'en_us', ' this is project feature 1 texts feature 1 fluid 640x480 ');
INSERT INTO `searchindex` (`elementId`, `attribute`, `fieldId`, `locale`, `keywords`) VALUES ('38', 'field', '12', 'en_us', ' ux design wireframe visual design ');
INSERT INTO `searchindex` (`elementId`, `attribute`, `fieldId`, `locale`, `keywords`) VALUES ('38', 'field', '9', 'en_us', ' invision sketch ');
INSERT INTO `searchindex` (`elementId`, `attribute`, `fieldId`, `locale`, `keywords`) VALUES ('38', 'field', '21', 'en_us', ' what i ve learned ');
INSERT INTO `searchindex` (`elementId`, `attribute`, `fieldId`, `locale`, `keywords`) VALUES ('38', 'field', '42', 'en_us', ' 600x600 ');
INSERT INTO `searchindex` (`elementId`, `attribute`, `fieldId`, `locale`, `keywords`) VALUES ('38', 'field', '22', 'en_us', ' this is what i ve learned ');
INSERT INTO `searchindex` (`elementId`, `attribute`, `fieldId`, `locale`, `keywords`) VALUES ('38', 'field', '44', 'en_us', ' 1024x768 ');
INSERT INTO `searchindex` (`elementId`, `attribute`, `fieldId`, `locale`, `keywords`) VALUES ('38', 'field', '43', 'en_us', ' 400x200 ');
INSERT INTO `searchindex` (`elementId`, `attribute`, `fieldId`, `locale`, `keywords`) VALUES ('38', 'slug', '0', 'en_us', ' train tracker app ');
INSERT INTO `searchindex` (`elementId`, `attribute`, `fieldId`, `locale`, `keywords`) VALUES ('38', 'title', '0', 'en_us', ' train tracker app ');
INSERT INTO `searchindex` (`elementId`, `attribute`, `fieldId`, `locale`, `keywords`) VALUES ('39', 'field', '26', 'en_us', ' feature 1 ');
INSERT INTO `searchindex` (`elementId`, `attribute`, `fieldId`, `locale`, `keywords`) VALUES ('39', 'field', '27', 'en_us', ' this is project feature 1 texts ');
INSERT INTO `searchindex` (`elementId`, `attribute`, `fieldId`, `locale`, `keywords`) VALUES ('39', 'field', '28', 'en_us', ' 640x480 ');
INSERT INTO `searchindex` (`elementId`, `attribute`, `fieldId`, `locale`, `keywords`) VALUES ('39', 'field', '29', 'en_us', ' fluid ');
INSERT INTO `searchindex` (`elementId`, `attribute`, `fieldId`, `locale`, `keywords`) VALUES ('39', 'slug', '0', 'en_us', '');
INSERT INTO `searchindex` (`elementId`, `attribute`, `fieldId`, `locale`, `keywords`) VALUES ('40', 'field', '19', 'en_us', ' project brief ');
INSERT INTO `searchindex` (`elementId`, `attribute`, `fieldId`, `locale`, `keywords`) VALUES ('40', 'field', '16', 'en_us', '');
INSERT INTO `searchindex` (`elementId`, `attribute`, `fieldId`, `locale`, `keywords`) VALUES ('40', 'field', '13', 'en_us', ' labs ');
INSERT INTO `searchindex` (`elementId`, `attribute`, `fieldId`, `locale`, `keywords`) VALUES ('40', 'field', '20', 'en_us', ' this is the project brief texts ');
INSERT INTO `searchindex` (`elementId`, `attribute`, `fieldId`, `locale`, `keywords`) VALUES ('40', 'field', '3', 'en_us', ' this is the project description ');
INSERT INTO `searchindex` (`elementId`, `attribute`, `fieldId`, `locale`, `keywords`) VALUES ('40', 'field', '17', 'en_us', '');
INSERT INTO `searchindex` (`elementId`, `attribute`, `fieldId`, `locale`, `keywords`) VALUES ('40', 'field', '18', 'en_us', '');
INSERT INTO `searchindex` (`elementId`, `attribute`, `fieldId`, `locale`, `keywords`) VALUES ('40', 'field', '4', 'en_us', ' 2012 ');
INSERT INTO `searchindex` (`elementId`, `attribute`, `fieldId`, `locale`, `keywords`) VALUES ('40', 'field', '23', 'en_us', ' project analysis ');
INSERT INTO `searchindex` (`elementId`, `attribute`, `fieldId`, `locale`, `keywords`) VALUES ('40', 'field', '10', 'en_us', ' joe zhou ');
INSERT INTO `searchindex` (`elementId`, `attribute`, `fieldId`, `locale`, `keywords`) VALUES ('40', 'field', '24', 'en_us', ' this is the project analysis texts ');
INSERT INTO `searchindex` (`elementId`, `attribute`, `fieldId`, `locale`, `keywords`) VALUES ('40', 'field', '39', 'en_us', '');
INSERT INTO `searchindex` (`elementId`, `attribute`, `fieldId`, `locale`, `keywords`) VALUES ('40', 'field', '11', 'en_us', ' http www joeonmars com ');
INSERT INTO `searchindex` (`elementId`, `attribute`, `fieldId`, `locale`, `keywords`) VALUES ('40', 'field', '25', 'en_us', ' this is feature 1 texts feature 1 fluid 640x480 ');
INSERT INTO `searchindex` (`elementId`, `attribute`, `fieldId`, `locale`, `keywords`) VALUES ('40', 'field', '12', 'en_us', ' created this amazing piece ');
INSERT INTO `searchindex` (`elementId`, `attribute`, `fieldId`, `locale`, `keywords`) VALUES ('40', 'field', '9', 'en_us', ' photoshop ');
INSERT INTO `searchindex` (`elementId`, `attribute`, `fieldId`, `locale`, `keywords`) VALUES ('40', 'field', '21', 'en_us', ' what i ve learned ');
INSERT INTO `searchindex` (`elementId`, `attribute`, `fieldId`, `locale`, `keywords`) VALUES ('40', 'field', '42', 'en_us', ' 600x600 ');
INSERT INTO `searchindex` (`elementId`, `attribute`, `fieldId`, `locale`, `keywords`) VALUES ('40', 'field', '22', 'en_us', ' this is what i ve learned ');
INSERT INTO `searchindex` (`elementId`, `attribute`, `fieldId`, `locale`, `keywords`) VALUES ('40', 'field', '44', 'en_us', ' 1024x768 ');
INSERT INTO `searchindex` (`elementId`, `attribute`, `fieldId`, `locale`, `keywords`) VALUES ('40', 'field', '43', 'en_us', ' 400x200 ');
INSERT INTO `searchindex` (`elementId`, `attribute`, `fieldId`, `locale`, `keywords`) VALUES ('40', 'slug', '0', 'en_us', ' music box ');
INSERT INTO `searchindex` (`elementId`, `attribute`, `fieldId`, `locale`, `keywords`) VALUES ('40', 'title', '0', 'en_us', ' music box ');
INSERT INTO `searchindex` (`elementId`, `attribute`, `fieldId`, `locale`, `keywords`) VALUES ('41', 'field', '26', 'en_us', ' feature 1 ');
INSERT INTO `searchindex` (`elementId`, `attribute`, `fieldId`, `locale`, `keywords`) VALUES ('41', 'field', '27', 'en_us', ' this is feature 1 texts ');
INSERT INTO `searchindex` (`elementId`, `attribute`, `fieldId`, `locale`, `keywords`) VALUES ('41', 'field', '28', 'en_us', ' 640x480 ');
INSERT INTO `searchindex` (`elementId`, `attribute`, `fieldId`, `locale`, `keywords`) VALUES ('41', 'field', '29', 'en_us', ' fluid ');
INSERT INTO `searchindex` (`elementId`, `attribute`, `fieldId`, `locale`, `keywords`) VALUES ('41', 'slug', '0', 'en_us', '');
INSERT INTO `searchindex` (`elementId`, `attribute`, `fieldId`, `locale`, `keywords`) VALUES ('42', 'field', '19', 'en_us', ' project brief ');
INSERT INTO `searchindex` (`elementId`, `attribute`, `fieldId`, `locale`, `keywords`) VALUES ('42', 'field', '16', 'en_us', '');
INSERT INTO `searchindex` (`elementId`, `attribute`, `fieldId`, `locale`, `keywords`) VALUES ('42', 'field', '13', 'en_us', ' labs ');
INSERT INTO `searchindex` (`elementId`, `attribute`, `fieldId`, `locale`, `keywords`) VALUES ('42', 'field', '20', 'en_us', ' this is the project brief texts ');
INSERT INTO `searchindex` (`elementId`, `attribute`, `fieldId`, `locale`, `keywords`) VALUES ('42', 'field', '3', 'en_us', ' this is the project description ');
INSERT INTO `searchindex` (`elementId`, `attribute`, `fieldId`, `locale`, `keywords`) VALUES ('42', 'field', '17', 'en_us', '');
INSERT INTO `searchindex` (`elementId`, `attribute`, `fieldId`, `locale`, `keywords`) VALUES ('42', 'field', '18', 'en_us', '');
INSERT INTO `searchindex` (`elementId`, `attribute`, `fieldId`, `locale`, `keywords`) VALUES ('42', 'field', '4', 'en_us', ' 2014 ');
INSERT INTO `searchindex` (`elementId`, `attribute`, `fieldId`, `locale`, `keywords`) VALUES ('42', 'field', '23', 'en_us', ' project analysis ');
INSERT INTO `searchindex` (`elementId`, `attribute`, `fieldId`, `locale`, `keywords`) VALUES ('42', 'field', '10', 'en_us', ' verbalized ');
INSERT INTO `searchindex` (`elementId`, `attribute`, `fieldId`, `locale`, `keywords`) VALUES ('42', 'field', '24', 'en_us', ' this is the project analysis texts ');
INSERT INTO `searchindex` (`elementId`, `attribute`, `fieldId`, `locale`, `keywords`) VALUES ('42', 'field', '39', 'en_us', '');
INSERT INTO `searchindex` (`elementId`, `attribute`, `fieldId`, `locale`, `keywords`) VALUES ('42', 'field', '11', 'en_us', ' http www verbalizeit com ');
INSERT INTO `searchindex` (`elementId`, `attribute`, `fieldId`, `locale`, `keywords`) VALUES ('42', 'field', '25', 'en_us', ' this is feature 1 texts feature 1 fluid 640x480 ');
INSERT INTO `searchindex` (`elementId`, `attribute`, `fieldId`, `locale`, `keywords`) VALUES ('42', 'field', '12', 'en_us', ' presentation design ');
INSERT INTO `searchindex` (`elementId`, `attribute`, `fieldId`, `locale`, `keywords`) VALUES ('42', 'field', '9', 'en_us', ' sketch ');
INSERT INTO `searchindex` (`elementId`, `attribute`, `fieldId`, `locale`, `keywords`) VALUES ('42', 'field', '21', 'en_us', ' what i ve learned ');
INSERT INTO `searchindex` (`elementId`, `attribute`, `fieldId`, `locale`, `keywords`) VALUES ('42', 'field', '42', 'en_us', ' 600x600 ');
INSERT INTO `searchindex` (`elementId`, `attribute`, `fieldId`, `locale`, `keywords`) VALUES ('42', 'field', '22', 'en_us', ' this is what i ve learned ');
INSERT INTO `searchindex` (`elementId`, `attribute`, `fieldId`, `locale`, `keywords`) VALUES ('42', 'field', '44', 'en_us', ' 1024x768 ');
INSERT INTO `searchindex` (`elementId`, `attribute`, `fieldId`, `locale`, `keywords`) VALUES ('42', 'field', '43', 'en_us', ' 400x200 ');
INSERT INTO `searchindex` (`elementId`, `attribute`, `fieldId`, `locale`, `keywords`) VALUES ('42', 'slug', '0', 'en_us', ' innovative presentation for verbalized ');
INSERT INTO `searchindex` (`elementId`, `attribute`, `fieldId`, `locale`, `keywords`) VALUES ('42', 'title', '0', 'en_us', ' innovative presentation for verbalized ');
INSERT INTO `searchindex` (`elementId`, `attribute`, `fieldId`, `locale`, `keywords`) VALUES ('43', 'field', '26', 'en_us', ' feature 1 ');
INSERT INTO `searchindex` (`elementId`, `attribute`, `fieldId`, `locale`, `keywords`) VALUES ('43', 'field', '27', 'en_us', ' this is feature 1 texts ');
INSERT INTO `searchindex` (`elementId`, `attribute`, `fieldId`, `locale`, `keywords`) VALUES ('43', 'field', '28', 'en_us', ' 640x480 ');
INSERT INTO `searchindex` (`elementId`, `attribute`, `fieldId`, `locale`, `keywords`) VALUES ('43', 'field', '29', 'en_us', ' fluid ');
INSERT INTO `searchindex` (`elementId`, `attribute`, `fieldId`, `locale`, `keywords`) VALUES ('43', 'slug', '0', 'en_us', '');
INSERT INTO `searchindex` (`elementId`, `attribute`, `fieldId`, `locale`, `keywords`) VALUES ('44', 'field', '19', 'en_us', ' project brief ');
INSERT INTO `searchindex` (`elementId`, `attribute`, `fieldId`, `locale`, `keywords`) VALUES ('44', 'field', '16', 'en_us', '');
INSERT INTO `searchindex` (`elementId`, `attribute`, `fieldId`, `locale`, `keywords`) VALUES ('44', 'field', '13', 'en_us', ' labs ');
INSERT INTO `searchindex` (`elementId`, `attribute`, `fieldId`, `locale`, `keywords`) VALUES ('44', 'field', '20', 'en_us', ' this is the project brief texts ');
INSERT INTO `searchindex` (`elementId`, `attribute`, `fieldId`, `locale`, `keywords`) VALUES ('44', 'field', '3', 'en_us', ' this is the project description ');
INSERT INTO `searchindex` (`elementId`, `attribute`, `fieldId`, `locale`, `keywords`) VALUES ('44', 'field', '17', 'en_us', '');
INSERT INTO `searchindex` (`elementId`, `attribute`, `fieldId`, `locale`, `keywords`) VALUES ('44', 'field', '18', 'en_us', '');
INSERT INTO `searchindex` (`elementId`, `attribute`, `fieldId`, `locale`, `keywords`) VALUES ('44', 'field', '4', 'en_us', ' 2012 ');
INSERT INTO `searchindex` (`elementId`, `attribute`, `fieldId`, `locale`, `keywords`) VALUES ('44', 'field', '23', 'en_us', ' project analysis ');
INSERT INTO `searchindex` (`elementId`, `attribute`, `fieldId`, `locale`, `keywords`) VALUES ('44', 'field', '10', 'en_us', '');
INSERT INTO `searchindex` (`elementId`, `attribute`, `fieldId`, `locale`, `keywords`) VALUES ('44', 'field', '24', 'en_us', ' this is analysis texts ');
INSERT INTO `searchindex` (`elementId`, `attribute`, `fieldId`, `locale`, `keywords`) VALUES ('44', 'field', '39', 'en_us', '');
INSERT INTO `searchindex` (`elementId`, `attribute`, `fieldId`, `locale`, `keywords`) VALUES ('44', 'field', '11', 'en_us', '');
INSERT INTO `searchindex` (`elementId`, `attribute`, `fieldId`, `locale`, `keywords`) VALUES ('44', 'field', '25', 'en_us', ' this is feature 1 texts feature 1 fluid 640x480 ');
INSERT INTO `searchindex` (`elementId`, `attribute`, `fieldId`, `locale`, `keywords`) VALUES ('44', 'field', '12', 'en_us', ' ux design ');
INSERT INTO `searchindex` (`elementId`, `attribute`, `fieldId`, `locale`, `keywords`) VALUES ('44', 'field', '9', 'en_us', ' photoshop ');
INSERT INTO `searchindex` (`elementId`, `attribute`, `fieldId`, `locale`, `keywords`) VALUES ('44', 'field', '21', 'en_us', ' what i ve learned ');
INSERT INTO `searchindex` (`elementId`, `attribute`, `fieldId`, `locale`, `keywords`) VALUES ('44', 'field', '42', 'en_us', ' 600x600 ');
INSERT INTO `searchindex` (`elementId`, `attribute`, `fieldId`, `locale`, `keywords`) VALUES ('44', 'field', '22', 'en_us', ' this is what i ve learned ');
INSERT INTO `searchindex` (`elementId`, `attribute`, `fieldId`, `locale`, `keywords`) VALUES ('44', 'field', '44', 'en_us', ' 1024x768 ');
INSERT INTO `searchindex` (`elementId`, `attribute`, `fieldId`, `locale`, `keywords`) VALUES ('44', 'field', '43', 'en_us', ' 400x200 ');
INSERT INTO `searchindex` (`elementId`, `attribute`, `fieldId`, `locale`, `keywords`) VALUES ('44', 'slug', '0', 'en_us', ' gym research ');
INSERT INTO `searchindex` (`elementId`, `attribute`, `fieldId`, `locale`, `keywords`) VALUES ('44', 'title', '0', 'en_us', ' gym research ');
INSERT INTO `searchindex` (`elementId`, `attribute`, `fieldId`, `locale`, `keywords`) VALUES ('45', 'field', '26', 'en_us', ' feature 1 ');
INSERT INTO `searchindex` (`elementId`, `attribute`, `fieldId`, `locale`, `keywords`) VALUES ('45', 'field', '27', 'en_us', ' this is feature 1 texts ');
INSERT INTO `searchindex` (`elementId`, `attribute`, `fieldId`, `locale`, `keywords`) VALUES ('45', 'field', '28', 'en_us', ' 640x480 ');
INSERT INTO `searchindex` (`elementId`, `attribute`, `fieldId`, `locale`, `keywords`) VALUES ('45', 'field', '29', 'en_us', ' fluid ');
INSERT INTO `searchindex` (`elementId`, `attribute`, `fieldId`, `locale`, `keywords`) VALUES ('45', 'slug', '0', 'en_us', '');
INSERT INTO `searchindex` (`elementId`, `attribute`, `fieldId`, `locale`, `keywords`) VALUES ('46', 'field', '19', 'en_us', ' project brief ');
INSERT INTO `searchindex` (`elementId`, `attribute`, `fieldId`, `locale`, `keywords`) VALUES ('46', 'field', '16', 'en_us', '');
INSERT INTO `searchindex` (`elementId`, `attribute`, `fieldId`, `locale`, `keywords`) VALUES ('46', 'field', '13', 'en_us', ' labs ');
INSERT INTO `searchindex` (`elementId`, `attribute`, `fieldId`, `locale`, `keywords`) VALUES ('46', 'field', '20', 'en_us', ' this is the project brief texts ');
INSERT INTO `searchindex` (`elementId`, `attribute`, `fieldId`, `locale`, `keywords`) VALUES ('46', 'field', '3', 'en_us', ' this is the project description ');
INSERT INTO `searchindex` (`elementId`, `attribute`, `fieldId`, `locale`, `keywords`) VALUES ('46', 'field', '17', 'en_us', '');
INSERT INTO `searchindex` (`elementId`, `attribute`, `fieldId`, `locale`, `keywords`) VALUES ('46', 'field', '18', 'en_us', '');
INSERT INTO `searchindex` (`elementId`, `attribute`, `fieldId`, `locale`, `keywords`) VALUES ('46', 'field', '4', 'en_us', ' 2013 ');
INSERT INTO `searchindex` (`elementId`, `attribute`, `fieldId`, `locale`, `keywords`) VALUES ('46', 'field', '23', 'en_us', ' project analysis ');
INSERT INTO `searchindex` (`elementId`, `attribute`, `fieldId`, `locale`, `keywords`) VALUES ('46', 'field', '10', 'en_us', '');
INSERT INTO `searchindex` (`elementId`, `attribute`, `fieldId`, `locale`, `keywords`) VALUES ('46', 'field', '24', 'en_us', ' this is the project analysis texts ');
INSERT INTO `searchindex` (`elementId`, `attribute`, `fieldId`, `locale`, `keywords`) VALUES ('46', 'field', '39', 'en_us', '');
INSERT INTO `searchindex` (`elementId`, `attribute`, `fieldId`, `locale`, `keywords`) VALUES ('46', 'field', '11', 'en_us', '');
INSERT INTO `searchindex` (`elementId`, `attribute`, `fieldId`, `locale`, `keywords`) VALUES ('46', 'field', '25', 'en_us', ' this is feature 1 texts feature 1 fluid 640x480 ');
INSERT INTO `searchindex` (`elementId`, `attribute`, `fieldId`, `locale`, `keywords`) VALUES ('46', 'field', '12', 'en_us', ' visual design wireframe ');
INSERT INTO `searchindex` (`elementId`, `attribute`, `fieldId`, `locale`, `keywords`) VALUES ('46', 'field', '9', 'en_us', ' photoshop axure ');
INSERT INTO `searchindex` (`elementId`, `attribute`, `fieldId`, `locale`, `keywords`) VALUES ('46', 'field', '21', 'en_us', ' what i ve learned ');
INSERT INTO `searchindex` (`elementId`, `attribute`, `fieldId`, `locale`, `keywords`) VALUES ('46', 'field', '42', 'en_us', ' 600x600 ');
INSERT INTO `searchindex` (`elementId`, `attribute`, `fieldId`, `locale`, `keywords`) VALUES ('46', 'field', '22', 'en_us', ' this is what i ve learned ');
INSERT INTO `searchindex` (`elementId`, `attribute`, `fieldId`, `locale`, `keywords`) VALUES ('46', 'field', '44', 'en_us', ' 1024x768 ');
INSERT INTO `searchindex` (`elementId`, `attribute`, `fieldId`, `locale`, `keywords`) VALUES ('46', 'field', '43', 'en_us', ' 400x200 ');
INSERT INTO `searchindex` (`elementId`, `attribute`, `fieldId`, `locale`, `keywords`) VALUES ('46', 'slug', '0', 'en_us', ' music image app for the ipad ');
INSERT INTO `searchindex` (`elementId`, `attribute`, `fieldId`, `locale`, `keywords`) VALUES ('46', 'title', '0', 'en_us', ' music image app for the ipad ');
INSERT INTO `searchindex` (`elementId`, `attribute`, `fieldId`, `locale`, `keywords`) VALUES ('47', 'field', '26', 'en_us', ' feature 1 ');
INSERT INTO `searchindex` (`elementId`, `attribute`, `fieldId`, `locale`, `keywords`) VALUES ('47', 'field', '27', 'en_us', ' this is feature 1 texts ');
INSERT INTO `searchindex` (`elementId`, `attribute`, `fieldId`, `locale`, `keywords`) VALUES ('47', 'field', '28', 'en_us', ' 640x480 ');
INSERT INTO `searchindex` (`elementId`, `attribute`, `fieldId`, `locale`, `keywords`) VALUES ('47', 'field', '29', 'en_us', ' fluid ');
INSERT INTO `searchindex` (`elementId`, `attribute`, `fieldId`, `locale`, `keywords`) VALUES ('47', 'slug', '0', 'en_us', '');
INSERT INTO `searchindex` (`elementId`, `attribute`, `fieldId`, `locale`, `keywords`) VALUES ('48', 'field', '19', 'en_us', ' project brief ');
INSERT INTO `searchindex` (`elementId`, `attribute`, `fieldId`, `locale`, `keywords`) VALUES ('48', 'field', '16', 'en_us', '');
INSERT INTO `searchindex` (`elementId`, `attribute`, `fieldId`, `locale`, `keywords`) VALUES ('48', 'field', '13', 'en_us', ' labs ');
INSERT INTO `searchindex` (`elementId`, `attribute`, `fieldId`, `locale`, `keywords`) VALUES ('48', 'field', '20', 'en_us', ' this is the project brief texts ');
INSERT INTO `searchindex` (`elementId`, `attribute`, `fieldId`, `locale`, `keywords`) VALUES ('48', 'field', '3', 'en_us', ' this is the project description ');
INSERT INTO `searchindex` (`elementId`, `attribute`, `fieldId`, `locale`, `keywords`) VALUES ('48', 'field', '17', 'en_us', '');
INSERT INTO `searchindex` (`elementId`, `attribute`, `fieldId`, `locale`, `keywords`) VALUES ('48', 'field', '18', 'en_us', '');
INSERT INTO `searchindex` (`elementId`, `attribute`, `fieldId`, `locale`, `keywords`) VALUES ('48', 'field', '4', 'en_us', ' 2012 ');
INSERT INTO `searchindex` (`elementId`, `attribute`, `fieldId`, `locale`, `keywords`) VALUES ('48', 'field', '23', 'en_us', ' project analysis ');
INSERT INTO `searchindex` (`elementId`, `attribute`, `fieldId`, `locale`, `keywords`) VALUES ('48', 'field', '10', 'en_us', '');
INSERT INTO `searchindex` (`elementId`, `attribute`, `fieldId`, `locale`, `keywords`) VALUES ('48', 'field', '24', 'en_us', ' this is the project analysis texts ');
INSERT INTO `searchindex` (`elementId`, `attribute`, `fieldId`, `locale`, `keywords`) VALUES ('48', 'field', '39', 'en_us', '');
INSERT INTO `searchindex` (`elementId`, `attribute`, `fieldId`, `locale`, `keywords`) VALUES ('48', 'field', '11', 'en_us', '');
INSERT INTO `searchindex` (`elementId`, `attribute`, `fieldId`, `locale`, `keywords`) VALUES ('48', 'field', '25', 'en_us', ' this is the feature 1 texts feature 1 fluid 640x480 ');
INSERT INTO `searchindex` (`elementId`, `attribute`, `fieldId`, `locale`, `keywords`) VALUES ('48', 'field', '12', 'en_us', ' visual design ');
INSERT INTO `searchindex` (`elementId`, `attribute`, `fieldId`, `locale`, `keywords`) VALUES ('48', 'field', '9', 'en_us', ' aftereffects adobe indesign photoshop ');
INSERT INTO `searchindex` (`elementId`, `attribute`, `fieldId`, `locale`, `keywords`) VALUES ('48', 'field', '21', 'en_us', ' what i ve learned ');
INSERT INTO `searchindex` (`elementId`, `attribute`, `fieldId`, `locale`, `keywords`) VALUES ('48', 'field', '42', 'en_us', ' 600x600 ');
INSERT INTO `searchindex` (`elementId`, `attribute`, `fieldId`, `locale`, `keywords`) VALUES ('48', 'field', '22', 'en_us', ' this is what i ve learned ');
INSERT INTO `searchindex` (`elementId`, `attribute`, `fieldId`, `locale`, `keywords`) VALUES ('48', 'field', '44', 'en_us', ' 1024x768 ');
INSERT INTO `searchindex` (`elementId`, `attribute`, `fieldId`, `locale`, `keywords`) VALUES ('48', 'field', '43', 'en_us', ' 400x200 ');
INSERT INTO `searchindex` (`elementId`, `attribute`, `fieldId`, `locale`, `keywords`) VALUES ('48', 'slug', '0', 'en_us', ' branding designs ');
INSERT INTO `searchindex` (`elementId`, `attribute`, `fieldId`, `locale`, `keywords`) VALUES ('48', 'title', '0', 'en_us', ' branding designs ');
INSERT INTO `searchindex` (`elementId`, `attribute`, `fieldId`, `locale`, `keywords`) VALUES ('49', 'field', '26', 'en_us', ' feature 1 ');
INSERT INTO `searchindex` (`elementId`, `attribute`, `fieldId`, `locale`, `keywords`) VALUES ('49', 'field', '27', 'en_us', ' this is the feature 1 texts ');
INSERT INTO `searchindex` (`elementId`, `attribute`, `fieldId`, `locale`, `keywords`) VALUES ('49', 'field', '28', 'en_us', ' 640x480 ');
INSERT INTO `searchindex` (`elementId`, `attribute`, `fieldId`, `locale`, `keywords`) VALUES ('49', 'field', '29', 'en_us', ' fluid ');
INSERT INTO `searchindex` (`elementId`, `attribute`, `fieldId`, `locale`, `keywords`) VALUES ('49', 'slug', '0', 'en_us', '');
INSERT INTO `searchindex` (`elementId`, `attribute`, `fieldId`, `locale`, `keywords`) VALUES ('50', 'slug', '0', 'en_us', '');
INSERT INTO `searchindex` (`elementId`, `attribute`, `fieldId`, `locale`, `keywords`) VALUES ('50', 'field', '45', 'en_us', ' viewproject view case study viewproject view case study ');
INSERT INTO `searchindex` (`elementId`, `attribute`, `fieldId`, `locale`, `keywords`) VALUES ('51', 'slug', '0', 'en_us', '');
INSERT INTO `searchindex` (`elementId`, `attribute`, `fieldId`, `locale`, `keywords`) VALUES ('51', 'field', '46', 'en_us', ' dribbble http dribbble com joeonmars dribbble http dribbble com joeonmars linkedin http www linkedin com pub grace fan 4a 503 821 linkedin http www linkedin com pub grace fan 4a 503 821 behance http www behance net gracefan behance http www behance net gracefan ');
INSERT INTO `searchindex` (`elementId`, `attribute`, `fieldId`, `locale`, `keywords`) VALUES ('52', 'slug', '0', 'en_us', '');
INSERT INTO `searchindex` (`elementId`, `attribute`, `fieldId`, `locale`, `keywords`) VALUES ('52', 'field', '47', 'en_us', ' design can be art design can be aesthetics design is so simple that s why it is so complicated ');



DROP TABLE IF EXISTS `sections`;


--
-- Schema for table `sections`
--
CREATE TABLE `sections` (
  `id` int(11) NOT NULL AUTO_INCREMENT,
  `structureId` int(11) DEFAULT NULL,
  `name` varchar(255) COLLATE utf8_unicode_ci NOT NULL,
  `handle` varchar(255) COLLATE utf8_unicode_ci NOT NULL,
  `type` enum('single','channel','structure') COLLATE utf8_unicode_ci NOT NULL DEFAULT 'channel',
  `hasUrls` tinyint(1) unsigned NOT NULL DEFAULT '1',
  `template` varchar(500) COLLATE utf8_unicode_ci DEFAULT NULL,
  `enableVersioning` tinyint(1) unsigned NOT NULL DEFAULT '0',
  `dateCreated` datetime NOT NULL,
  `dateUpdated` datetime NOT NULL,
  `uid` char(36) COLLATE utf8_unicode_ci NOT NULL DEFAULT '0',
  PRIMARY KEY (`id`),
  UNIQUE KEY `sections_name_unq_idx` (`name`),
  UNIQUE KEY `sections_handle_unq_idx` (`handle`),
  KEY `sections_structureId_fk` (`structureId`)
) ENGINE=InnoDB AUTO_INCREMENT=6 DEFAULT CHARSET=utf8 COLLATE=utf8_unicode_ci;

--
-- Data for table `sections`
--

INSERT INTO `sections` (`id`, `structureId`, `name`, `handle`, `type`, `hasUrls`, `template`, `enableVersioning`, `dateCreated`, `dateUpdated`, `uid`) VALUES ('1', NULL, 'Projects', 'projects', 'single', '1', 'index', '1', '2015-04-26 20:07:25', '2015-05-10 18:11:10', '8913cf03-aa2f-4879-8b31-b0f93360f04f');
INSERT INTO `sections` (`id`, `structureId`, `name`, `handle`, `type`, `hasUrls`, `template`, `enableVersioning`, `dateCreated`, `dateUpdated`, `uid`) VALUES ('2', NULL, 'News', 'news', 'channel', '1', 'news/_entry', '1', '2015-04-26 20:07:25', '2015-04-26 20:07:25', '21ae30b9-9b00-438d-9732-81410ffcf100');
INSERT INTO `sections` (`id`, `structureId`, `name`, `handle`, `type`, `hasUrls`, `template`, `enableVersioning`, `dateCreated`, `dateUpdated`, `uid`) VALUES ('3', NULL, 'Portfolio', 'portfolio', 'channel', '1', 'news/_entry', '1', '2015-04-29 01:57:30', '2015-04-29 16:42:27', '156852bf-9a60-4767-a790-b92bb956cda7');
INSERT INTO `sections` (`id`, `structureId`, `name`, `handle`, `type`, `hasUrls`, `template`, `enableVersioning`, `dateCreated`, `dateUpdated`, `uid`) VALUES ('5', NULL, 'About', 'about', 'single', '1', 'about', '1', '2015-04-29 01:58:37', '2015-04-29 01:58:37', 'd2b1bf88-4248-47a1-9933-d206429cdc98');



DROP TABLE IF EXISTS `sections_i18n`;


--
-- Schema for table `sections_i18n`
--
CREATE TABLE `sections_i18n` (
  `id` int(11) NOT NULL AUTO_INCREMENT,
  `sectionId` int(11) NOT NULL,
  `locale` char(12) COLLATE utf8_unicode_ci NOT NULL,
  `enabledByDefault` tinyint(1) unsigned NOT NULL DEFAULT '1',
  `urlFormat` varchar(255) COLLATE utf8_unicode_ci DEFAULT NULL,
  `nestedUrlFormat` varchar(255) COLLATE utf8_unicode_ci DEFAULT NULL,
  `dateCreated` datetime NOT NULL,
  `dateUpdated` datetime NOT NULL,
  `uid` char(36) COLLATE utf8_unicode_ci NOT NULL DEFAULT '0',
  PRIMARY KEY (`id`),
  UNIQUE KEY `sections_i18n_sectionId_locale_unq_idx` (`sectionId`,`locale`),
  KEY `sections_i18n_locale_fk` (`locale`)
) ENGINE=InnoDB AUTO_INCREMENT=6 DEFAULT CHARSET=utf8 COLLATE=utf8_unicode_ci;

--
-- Data for table `sections_i18n`
--

INSERT INTO `sections_i18n` (`id`, `sectionId`, `locale`, `enabledByDefault`, `urlFormat`, `nestedUrlFormat`, `dateCreated`, `dateUpdated`, `uid`) VALUES ('1', '1', 'en_us', '0', '__home__', NULL, '2015-04-26 20:07:25', '2015-05-10 18:11:10', '7e6308ac-0683-4504-8533-1f33bda97fb2');
INSERT INTO `sections_i18n` (`id`, `sectionId`, `locale`, `enabledByDefault`, `urlFormat`, `nestedUrlFormat`, `dateCreated`, `dateUpdated`, `uid`) VALUES ('2', '2', 'en_us', '1', 'news/{postDate.year}/{slug}', NULL, '2015-04-26 20:07:25', '2015-04-26 20:07:25', 'cbe4ffd8-2032-4558-8de0-512708a9f710');
INSERT INTO `sections_i18n` (`id`, `sectionId`, `locale`, `enabledByDefault`, `urlFormat`, `nestedUrlFormat`, `dateCreated`, `dateUpdated`, `uid`) VALUES ('3', '3', 'en_us', '0', '{portfolioCategory.first.slug}/{slug}', NULL, '2015-04-29 01:57:30', '2015-04-29 16:42:27', '6013db14-539e-4a26-80f0-d825b766f715');
INSERT INTO `sections_i18n` (`id`, `sectionId`, `locale`, `enabledByDefault`, `urlFormat`, `nestedUrlFormat`, `dateCreated`, `dateUpdated`, `uid`) VALUES ('5', '5', 'en_us', '0', 'about', NULL, '2015-04-29 01:58:37', '2015-04-29 01:58:37', 'e512a15b-b223-436a-8e78-cbfaa5f7da67');



DROP TABLE IF EXISTS `sessions`;


--
-- Schema for table `sessions`
--
CREATE TABLE `sessions` (
  `id` int(11) NOT NULL AUTO_INCREMENT,
  `userId` int(11) NOT NULL,
  `token` char(100) COLLATE utf8_unicode_ci NOT NULL,
  `dateCreated` datetime NOT NULL,
  `dateUpdated` datetime NOT NULL,
  `uid` char(36) COLLATE utf8_unicode_ci NOT NULL DEFAULT '0',
  PRIMARY KEY (`id`),
  KEY `sessions_uid_idx` (`uid`),
  KEY `sessions_token_idx` (`token`),
  KEY `sessions_dateUpdated_idx` (`dateUpdated`),
  KEY `sessions_userId_fk` (`userId`)
) ENGINE=InnoDB AUTO_INCREMENT=4 DEFAULT CHARSET=utf8 COLLATE=utf8_unicode_ci;

DROP TABLE IF EXISTS `shunnedmessages`;


--
-- Schema for table `shunnedmessages`
--
CREATE TABLE `shunnedmessages` (
  `id` int(11) NOT NULL AUTO_INCREMENT,
  `userId` int(11) NOT NULL,
  `message` varchar(255) COLLATE utf8_unicode_ci NOT NULL,
  `expiryDate` datetime DEFAULT NULL,
  `dateCreated` datetime NOT NULL,
  `dateUpdated` datetime NOT NULL,
  `uid` char(36) COLLATE utf8_unicode_ci NOT NULL DEFAULT '0',
  PRIMARY KEY (`id`),
  UNIQUE KEY `shunnedmessages_userId_message_unq_idx` (`userId`,`message`)
) ENGINE=InnoDB DEFAULT CHARSET=utf8 COLLATE=utf8_unicode_ci;

DROP TABLE IF EXISTS `structureelements`;


--
-- Schema for table `structureelements`
--
CREATE TABLE `structureelements` (
  `id` int(11) NOT NULL AUTO_INCREMENT,
  `structureId` int(11) NOT NULL,
  `elementId` int(11) DEFAULT NULL,
  `root` int(11) unsigned DEFAULT NULL,
  `lft` int(11) unsigned NOT NULL,
  `rgt` int(11) unsigned NOT NULL,
  `level` smallint(6) unsigned NOT NULL,
  `dateCreated` datetime NOT NULL,
  `dateUpdated` datetime NOT NULL,
  `uid` char(36) COLLATE utf8_unicode_ci NOT NULL DEFAULT '0',
  PRIMARY KEY (`id`),
  UNIQUE KEY `structureelements_structureId_elementId_unq_idx` (`structureId`,`elementId`),
  KEY `structureelements_root_idx` (`root`),
  KEY `structureelements_lft_idx` (`lft`),
  KEY `structureelements_rgt_idx` (`rgt`),
  KEY `structureelements_level_idx` (`level`),
  KEY `structureelements_elementId_fk` (`elementId`)
) ENGINE=InnoDB AUTO_INCREMENT=5 DEFAULT CHARSET=utf8 COLLATE=utf8_unicode_ci;

--
-- Data for table `structureelements`
--

INSERT INTO `structureelements` (`id`, `structureId`, `elementId`, `root`, `lft`, `rgt`, `level`, `dateCreated`, `dateUpdated`, `uid`) VALUES ('1', '1', NULL, '1', '1', '2', '0', '2015-04-29 13:28:09', '2015-04-29 13:28:09', '9b67c333-dfeb-4d71-b6a6-4d0d953e5b4d');
INSERT INTO `structureelements` (`id`, `structureId`, `elementId`, `root`, `lft`, `rgt`, `level`, `dateCreated`, `dateUpdated`, `uid`) VALUES ('2', '4', NULL, '2', '1', '6', '0', '2015-04-29 14:57:45', '2015-04-29 14:57:45', 'b57af69f-b1f2-4782-ace1-2784dd4e6742');
INSERT INTO `structureelements` (`id`, `structureId`, `elementId`, `root`, `lft`, `rgt`, `level`, `dateCreated`, `dateUpdated`, `uid`) VALUES ('3', '4', '7', '2', '2', '3', '1', '2015-04-29 14:57:45', '2015-04-29 14:57:45', '15ff2aeb-08ad-4388-b14d-abf6cebee8b1');
INSERT INTO `structureelements` (`id`, `structureId`, `elementId`, `root`, `lft`, `rgt`, `level`, `dateCreated`, `dateUpdated`, `uid`) VALUES ('4', '4', '8', '2', '4', '5', '1', '2015-04-29 14:57:50', '2015-04-29 14:57:50', 'ed722587-b4ef-4b66-bb92-44f245fba89c');



DROP TABLE IF EXISTS `structures`;


--
-- Schema for table `structures`
--
CREATE TABLE `structures` (
  `id` int(11) NOT NULL AUTO_INCREMENT,
  `maxLevels` smallint(6) unsigned DEFAULT NULL,
  `dateCreated` datetime NOT NULL,
  `dateUpdated` datetime NOT NULL,
  `uid` char(36) COLLATE utf8_unicode_ci NOT NULL DEFAULT '0',
  PRIMARY KEY (`id`)
) ENGINE=InnoDB AUTO_INCREMENT=5 DEFAULT CHARSET=utf8 COLLATE=utf8_unicode_ci;

--
-- Data for table `structures`
--

INSERT INTO `structures` (`id`, `maxLevels`, `dateCreated`, `dateUpdated`, `uid`) VALUES ('1', NULL, '2015-04-29 13:27:41', '2015-04-29 13:27:41', '47d4121b-3f70-4f46-a98b-b1831d47e2c3');
INSERT INTO `structures` (`id`, `maxLevels`, `dateCreated`, `dateUpdated`, `uid`) VALUES ('2', NULL, '2015-04-29 13:31:09', '2015-04-29 13:31:09', 'cbc6ac05-ecc8-40b3-8281-703f1a9a1462');
INSERT INTO `structures` (`id`, `maxLevels`, `dateCreated`, `dateUpdated`, `uid`) VALUES ('3', NULL, '2015-04-29 13:31:20', '2015-04-29 13:31:20', 'e319a970-bb76-4c3c-b6c6-b0594de25ae1');
INSERT INTO `structures` (`id`, `maxLevels`, `dateCreated`, `dateUpdated`, `uid`) VALUES ('4', '1', '2015-04-29 14:57:32', '2015-04-29 16:50:05', 'aa96e1c0-57f6-449c-8a45-208f9ee8290c');



DROP TABLE IF EXISTS `systemsettings`;


--
-- Schema for table `systemsettings`
--
CREATE TABLE `systemsettings` (
  `id` int(11) NOT NULL AUTO_INCREMENT,
  `category` varchar(15) COLLATE utf8_unicode_ci NOT NULL,
  `settings` text COLLATE utf8_unicode_ci,
  `dateCreated` datetime NOT NULL,
  `dateUpdated` datetime NOT NULL,
  `uid` char(36) COLLATE utf8_unicode_ci NOT NULL DEFAULT '0',
  PRIMARY KEY (`id`),
  UNIQUE KEY `systemsettings_category_unq_idx` (`category`)
) ENGINE=InnoDB AUTO_INCREMENT=2 DEFAULT CHARSET=utf8 COLLATE=utf8_unicode_ci;

--
-- Data for table `systemsettings`
--

INSERT INTO `systemsettings` (`id`, `category`, `settings`, `dateCreated`, `dateUpdated`, `uid`) VALUES ('1', 'email', '{\"protocol\":\"php\",\"emailAddress\":\"joeonmars@gmail.com\",\"senderName\":\"Grace Experience\"}', '2015-04-26 20:07:25', '2015-04-26 20:07:25', 'ccd2020f-af45-4d84-a4b2-5f1c2aa88660');



DROP TABLE IF EXISTS `taggroups`;


--
-- Schema for table `taggroups`
--
CREATE TABLE `taggroups` (
  `id` int(11) NOT NULL AUTO_INCREMENT,
  `name` varchar(255) COLLATE utf8_unicode_ci NOT NULL,
  `handle` varchar(255) COLLATE utf8_unicode_ci NOT NULL,
  `fieldLayoutId` int(10) DEFAULT NULL,
  `dateCreated` datetime NOT NULL,
  `dateUpdated` datetime NOT NULL,
  `uid` char(36) COLLATE utf8_unicode_ci NOT NULL DEFAULT '0',
  PRIMARY KEY (`id`),
  UNIQUE KEY `taggroups_name_unq_idx` (`name`),
  UNIQUE KEY `taggroups_handle_unq_idx` (`handle`),
  KEY `taggroups_fieldLayoutId_fk` (`fieldLayoutId`)
) ENGINE=InnoDB AUTO_INCREMENT=2 DEFAULT CHARSET=utf8 COLLATE=utf8_unicode_ci;

--
-- Data for table `taggroups`
--

INSERT INTO `taggroups` (`id`, `name`, `handle`, `fieldLayoutId`, `dateCreated`, `dateUpdated`, `uid`) VALUES ('1', 'Default', 'default', '1', '2015-04-26 20:07:25', '2015-04-26 20:07:25', 'cf49c311-346a-4eb7-9d80-38f2c291064a');



DROP TABLE IF EXISTS `tags`;


--
-- Schema for table `tags`
--
CREATE TABLE `tags` (
  `id` int(11) NOT NULL,
  `groupId` int(11) NOT NULL,
  `dateCreated` datetime NOT NULL,
  `dateUpdated` datetime NOT NULL,
  `uid` char(36) COLLATE utf8_unicode_ci NOT NULL DEFAULT '0',
  PRIMARY KEY (`id`),
  KEY `tags_groupId_fk` (`groupId`)
) ENGINE=InnoDB DEFAULT CHARSET=utf8 COLLATE=utf8_unicode_ci;

DROP TABLE IF EXISTS `tasks`;


--
-- Schema for table `tasks`
--
CREATE TABLE `tasks` (
  `id` int(11) NOT NULL AUTO_INCREMENT,
  `root` int(11) unsigned DEFAULT NULL,
  `lft` int(11) unsigned NOT NULL,
  `rgt` int(11) unsigned NOT NULL,
  `level` smallint(6) unsigned NOT NULL,
  `currentStep` int(11) unsigned DEFAULT NULL,
  `totalSteps` int(11) unsigned DEFAULT NULL,
  `status` enum('pending','error','running') COLLATE utf8_unicode_ci DEFAULT NULL,
  `type` varchar(150) COLLATE utf8_unicode_ci NOT NULL,
  `description` varchar(255) COLLATE utf8_unicode_ci DEFAULT NULL,
  `settings` text COLLATE utf8_unicode_ci,
  `dateCreated` datetime NOT NULL,
  `dateUpdated` datetime NOT NULL,
  `uid` char(36) COLLATE utf8_unicode_ci NOT NULL DEFAULT '0',
  PRIMARY KEY (`id`),
  KEY `tasks_root_idx` (`root`),
  KEY `tasks_lft_idx` (`lft`),
  KEY `tasks_rgt_idx` (`rgt`),
  KEY `tasks_level_idx` (`level`)
) ENGINE=InnoDB AUTO_INCREMENT=6 DEFAULT CHARSET=utf8 COLLATE=utf8_unicode_ci;

DROP TABLE IF EXISTS `templatecachecriteria`;


--
-- Schema for table `templatecachecriteria`
--
CREATE TABLE `templatecachecriteria` (
  `id` int(11) NOT NULL AUTO_INCREMENT,
  `cacheId` int(11) NOT NULL,
  `type` varchar(150) COLLATE utf8_unicode_ci NOT NULL,
  `criteria` text COLLATE utf8_unicode_ci NOT NULL,
  PRIMARY KEY (`id`),
  KEY `templatecachecriteria_cacheId_fk` (`cacheId`),
  KEY `templatecachecriteria_type_idx` (`type`)
) ENGINE=InnoDB DEFAULT CHARSET=utf8 COLLATE=utf8_unicode_ci;

DROP TABLE IF EXISTS `templatecacheelements`;


--
-- Schema for table `templatecacheelements`
--
CREATE TABLE `templatecacheelements` (
  `cacheId` int(11) NOT NULL,
  `elementId` int(11) NOT NULL,
  KEY `templatecacheelements_cacheId_fk` (`cacheId`),
  KEY `templatecacheelements_elementId_fk` (`elementId`)
) ENGINE=InnoDB DEFAULT CHARSET=utf8 COLLATE=utf8_unicode_ci;

DROP TABLE IF EXISTS `templatecaches`;


--
-- Schema for table `templatecaches`
--
CREATE TABLE `templatecaches` (
  `id` int(11) NOT NULL AUTO_INCREMENT,
  `cacheKey` varchar(255) COLLATE utf8_unicode_ci NOT NULL,
  `locale` char(12) COLLATE utf8_unicode_ci NOT NULL,
  `path` varchar(255) COLLATE utf8_unicode_ci DEFAULT NULL,
  `expiryDate` datetime NOT NULL,
  `body` mediumtext COLLATE utf8_unicode_ci NOT NULL,
  PRIMARY KEY (`id`),
  KEY `templatecaches_expiryDate_cacheKey_locale_path_idx` (`expiryDate`,`cacheKey`,`locale`,`path`),
  KEY `templatecaches_locale_fk` (`locale`)
) ENGINE=InnoDB DEFAULT CHARSET=utf8 COLLATE=utf8_unicode_ci;

DROP TABLE IF EXISTS `tokens`;


--
-- Schema for table `tokens`
--
CREATE TABLE `tokens` (
  `id` int(11) NOT NULL AUTO_INCREMENT,
  `token` char(32) COLLATE utf8_unicode_ci NOT NULL,
  `route` text COLLATE utf8_unicode_ci,
  `usageLimit` tinyint(3) unsigned DEFAULT NULL,
  `usageCount` tinyint(3) unsigned DEFAULT NULL,
  `expiryDate` datetime NOT NULL,
  `dateCreated` datetime NOT NULL,
  `dateUpdated` datetime NOT NULL,
  `uid` char(36) COLLATE utf8_unicode_ci NOT NULL DEFAULT '0',
  PRIMARY KEY (`id`),
  UNIQUE KEY `tokens_token_unq_idx` (`token`),
  KEY `tokens_expiryDate_idx` (`expiryDate`)
) ENGINE=InnoDB DEFAULT CHARSET=utf8 COLLATE=utf8_unicode_ci;

DROP TABLE IF EXISTS `usergroups`;


--
-- Schema for table `usergroups`
--
CREATE TABLE `usergroups` (
  `id` int(11) NOT NULL AUTO_INCREMENT,
  `name` varchar(255) COLLATE utf8_unicode_ci NOT NULL,
  `handle` varchar(255) COLLATE utf8_unicode_ci NOT NULL,
  `dateCreated` datetime NOT NULL,
  `dateUpdated` datetime NOT NULL,
  `uid` char(36) COLLATE utf8_unicode_ci NOT NULL DEFAULT '0',
  PRIMARY KEY (`id`)
) ENGINE=InnoDB DEFAULT CHARSET=utf8 COLLATE=utf8_unicode_ci;

DROP TABLE IF EXISTS `usergroups_users`;


--
-- Schema for table `usergroups_users`
--
CREATE TABLE `usergroups_users` (
  `id` int(11) NOT NULL AUTO_INCREMENT,
  `groupId` int(11) NOT NULL,
  `userId` int(11) NOT NULL,
  `dateCreated` datetime NOT NULL,
  `dateUpdated` datetime NOT NULL,
  `uid` char(36) COLLATE utf8_unicode_ci NOT NULL DEFAULT '0',
  PRIMARY KEY (`id`),
  UNIQUE KEY `usergroups_users_groupId_userId_unq_idx` (`groupId`,`userId`),
  KEY `usergroups_users_userId_fk` (`userId`)
) ENGINE=InnoDB DEFAULT CHARSET=utf8 COLLATE=utf8_unicode_ci;

DROP TABLE IF EXISTS `userpermissions`;


--
-- Schema for table `userpermissions`
--
CREATE TABLE `userpermissions` (
  `id` int(11) NOT NULL AUTO_INCREMENT,
  `name` varchar(255) COLLATE utf8_unicode_ci NOT NULL,
  `dateCreated` datetime NOT NULL,
  `dateUpdated` datetime NOT NULL,
  `uid` char(36) COLLATE utf8_unicode_ci NOT NULL DEFAULT '0',
  PRIMARY KEY (`id`),
  UNIQUE KEY `userpermissions_name_unq_idx` (`name`)
) ENGINE=InnoDB DEFAULT CHARSET=utf8 COLLATE=utf8_unicode_ci;

DROP TABLE IF EXISTS `userpermissions_usergroups`;


--
-- Schema for table `userpermissions_usergroups`
--
CREATE TABLE `userpermissions_usergroups` (
  `id` int(11) NOT NULL AUTO_INCREMENT,
  `permissionId` int(11) NOT NULL,
  `groupId` int(11) NOT NULL,
  `dateCreated` datetime NOT NULL,
  `dateUpdated` datetime NOT NULL,
  `uid` char(36) COLLATE utf8_unicode_ci NOT NULL DEFAULT '0',
  PRIMARY KEY (`id`),
  UNIQUE KEY `userpermissions_usergroups_permissionId_groupId_unq_idx` (`permissionId`,`groupId`),
  KEY `userpermissions_usergroups_groupId_fk` (`groupId`)
) ENGINE=InnoDB DEFAULT CHARSET=utf8 COLLATE=utf8_unicode_ci;

DROP TABLE IF EXISTS `userpermissions_users`;


--
-- Schema for table `userpermissions_users`
--
CREATE TABLE `userpermissions_users` (
  `id` int(11) NOT NULL AUTO_INCREMENT,
  `permissionId` int(11) NOT NULL,
  `userId` int(11) NOT NULL,
  `dateCreated` datetime NOT NULL,
  `dateUpdated` datetime NOT NULL,
  `uid` char(36) COLLATE utf8_unicode_ci NOT NULL DEFAULT '0',
  PRIMARY KEY (`id`),
  UNIQUE KEY `userpermissions_users_permissionId_userId_unq_idx` (`permissionId`,`userId`),
  KEY `userpermissions_users_userId_fk` (`userId`)
) ENGINE=InnoDB DEFAULT CHARSET=utf8 COLLATE=utf8_unicode_ci;

DROP TABLE IF EXISTS `users`;


--
-- Schema for table `users`
--
CREATE TABLE `users` (
  `id` int(11) NOT NULL,
  `username` varchar(100) COLLATE utf8_unicode_ci NOT NULL,
  `photo` varchar(100) COLLATE utf8_unicode_ci DEFAULT NULL,
  `firstName` varchar(100) COLLATE utf8_unicode_ci DEFAULT NULL,
  `lastName` varchar(100) COLLATE utf8_unicode_ci DEFAULT NULL,
  `email` varchar(255) COLLATE utf8_unicode_ci NOT NULL,
  `password` char(255) COLLATE utf8_unicode_ci DEFAULT NULL,
  `preferredLocale` char(12) COLLATE utf8_unicode_ci DEFAULT NULL,
  `weekStartDay` tinyint(1) unsigned NOT NULL DEFAULT '0',
  `admin` tinyint(1) unsigned NOT NULL DEFAULT '0',
  `client` tinyint(1) unsigned NOT NULL DEFAULT '0',
  `locked` tinyint(1) unsigned NOT NULL DEFAULT '0',
  `suspended` tinyint(1) unsigned NOT NULL DEFAULT '0',
  `pending` tinyint(1) unsigned NOT NULL DEFAULT '0',
  `archived` tinyint(1) unsigned NOT NULL DEFAULT '0',
  `lastLoginDate` datetime DEFAULT NULL,
  `lastLoginAttemptIPAddress` varchar(45) COLLATE utf8_unicode_ci DEFAULT NULL,
  `invalidLoginWindowStart` datetime DEFAULT NULL,
  `invalidLoginCount` tinyint(4) unsigned DEFAULT NULL,
  `lastInvalidLoginDate` datetime DEFAULT NULL,
  `lockoutDate` datetime DEFAULT NULL,
  `verificationCode` char(100) COLLATE utf8_unicode_ci DEFAULT NULL,
  `verificationCodeIssuedDate` datetime DEFAULT NULL,
  `unverifiedEmail` varchar(255) COLLATE utf8_unicode_ci DEFAULT NULL,
  `passwordResetRequired` tinyint(1) unsigned NOT NULL DEFAULT '0',
  `lastPasswordChangeDate` datetime DEFAULT NULL,
  `dateCreated` datetime NOT NULL,
  `dateUpdated` datetime NOT NULL,
  `uid` char(36) COLLATE utf8_unicode_ci NOT NULL DEFAULT '0',
  PRIMARY KEY (`id`),
  UNIQUE KEY `users_username_unq_idx` (`username`),
  UNIQUE KEY `users_email_unq_idx` (`email`),
  KEY `users_verificationCode_idx` (`verificationCode`),
  KEY `users_uid_idx` (`uid`),
  KEY `users_preferredLocale_fk` (`preferredLocale`)
) ENGINE=InnoDB DEFAULT CHARSET=utf8 COLLATE=utf8_unicode_ci;

--
-- Data for table `users`
--

INSERT INTO `users` (`id`, `username`, `photo`, `firstName`, `lastName`, `email`, `password`, `preferredLocale`, `weekStartDay`, `admin`, `client`, `locked`, `suspended`, `pending`, `archived`, `lastLoginDate`, `lastLoginAttemptIPAddress`, `invalidLoginWindowStart`, `invalidLoginCount`, `lastInvalidLoginDate`, `lockoutDate`, `verificationCode`, `verificationCodeIssuedDate`, `unverifiedEmail`, `passwordResetRequired`, `lastPasswordChangeDate`, `dateCreated`, `dateUpdated`, `uid`) VALUES ('1', 'joeonmars', NULL, NULL, NULL, 'joeonmars@gmail.com', '$2a$13$fLE01.thwIwc9fF1Ptyz3OI2OIvQcedW0vcofCoCJsTCNgfQQI2bO', NULL, '0', '1', '0', '0', '0', '0', '0', '2015-05-08 06:02:06', '127.0.0.1', NULL, NULL, NULL, NULL, NULL, NULL, NULL, '0', '2015-04-26 20:07:23', '2015-04-26 20:07:23', '2015-05-08 06:02:06', 'a858b464-51ff-4f6e-84b7-e4a277dcd09e');
INSERT INTO `users` (`id`, `username`, `photo`, `firstName`, `lastName`, `email`, `password`, `preferredLocale`, `weekStartDay`, `admin`, `client`, `locked`, `suspended`, `pending`, `archived`, `lastLoginDate`, `lastLoginAttemptIPAddress`, `invalidLoginWindowStart`, `invalidLoginCount`, `lastInvalidLoginDate`, `lockoutDate`, `verificationCode`, `verificationCodeIssuedDate`, `unverifiedEmail`, `passwordResetRequired`, `lastPasswordChangeDate`, `dateCreated`, `dateUpdated`, `uid`) VALUES ('4', 'graceux', NULL, 'Grace', 'Fan', 'yueinteractive@gmail.com', NULL, NULL, '0', '0', '1', '0', '0', '1', '0', NULL, NULL, NULL, NULL, NULL, NULL, NULL, NULL, NULL, '0', NULL, '2015-04-26 20:37:35', '2015-04-26 20:37:35', '9f9f4e29-e6c6-4d2a-a603-8f3963634a55');



DROP TABLE IF EXISTS `widgets`;


--
-- Schema for table `widgets`
--
CREATE TABLE `widgets` (
  `id` int(11) NOT NULL AUTO_INCREMENT,
  `userId` int(11) NOT NULL,
  `type` varchar(150) COLLATE utf8_unicode_ci NOT NULL,
  `sortOrder` tinyint(4) DEFAULT NULL,
  `settings` text COLLATE utf8_unicode_ci,
  `enabled` tinyint(1) unsigned NOT NULL DEFAULT '1',
  `dateCreated` datetime NOT NULL,
  `dateUpdated` datetime NOT NULL,
  `uid` char(36) COLLATE utf8_unicode_ci NOT NULL DEFAULT '0',
  PRIMARY KEY (`id`),
  KEY `widgets_userId_fk` (`userId`)
) ENGINE=InnoDB AUTO_INCREMENT=5 DEFAULT CHARSET=utf8 COLLATE=utf8_unicode_ci;

--
-- Data for table `widgets`
--

INSERT INTO `widgets` (`id`, `userId`, `type`, `sortOrder`, `settings`, `enabled`, `dateCreated`, `dateUpdated`, `uid`) VALUES ('1', '1', 'RecentEntries', '1', NULL, '1', '2015-04-26 20:07:47', '2015-04-26 20:07:47', '238d1322-ab48-40de-916f-44c1b3117ca8');
INSERT INTO `widgets` (`id`, `userId`, `type`, `sortOrder`, `settings`, `enabled`, `dateCreated`, `dateUpdated`, `uid`) VALUES ('2', '1', 'GetHelp', '2', NULL, '1', '2015-04-26 20:07:47', '2015-04-26 20:07:47', '13686c25-ebd6-42dc-a8c9-3c7ec8840a2e');
INSERT INTO `widgets` (`id`, `userId`, `type`, `sortOrder`, `settings`, `enabled`, `dateCreated`, `dateUpdated`, `uid`) VALUES ('3', '1', 'Updates', '3', NULL, '1', '2015-04-26 20:07:47', '2015-04-26 20:07:47', '8ea43515-8068-4e66-8077-30ea324aef49');
INSERT INTO `widgets` (`id`, `userId`, `type`, `sortOrder`, `settings`, `enabled`, `dateCreated`, `dateUpdated`, `uid`) VALUES ('4', '1', 'Feed', '4', '{\"url\":\"http:\\/\\/feeds.feedburner.com\\/blogandtonic\",\"title\":\"Blog & Tonic\"}', '1', '2015-04-26 20:07:47', '2015-04-26 20:07:47', '94206929-cbad-4de9-9e08-f7dd3c29aec6');


--
-- Constraints for tables
--


--
-- Constraints for table `assetfiles`
--
ALTER TABLE `assetfiles`
	ADD CONSTRAINT `assetfiles_folderId_fk` FOREIGN KEY (`folderId`) REFERENCES `assetfolders` (`id`) ON DELETE CASCADE,
	ADD CONSTRAINT `assetfiles_id_fk` FOREIGN KEY (`id`) REFERENCES `elements` (`id`) ON DELETE CASCADE,
	ADD CONSTRAINT `assetfiles_sourceId_fk` FOREIGN KEY (`sourceId`) REFERENCES `assetsources` (`id`) ON DELETE CASCADE;

--
-- Constraints for table `assetfolders`
--
ALTER TABLE `assetfolders`
	ADD CONSTRAINT `assetfolders_parentId_fk` FOREIGN KEY (`parentId`) REFERENCES `assetfolders` (`id`) ON DELETE CASCADE,
	ADD CONSTRAINT `assetfolders_sourceId_fk` FOREIGN KEY (`sourceId`) REFERENCES `assetsources` (`id`) ON DELETE CASCADE;

--
-- Constraints for table `assetindexdata`
--
ALTER TABLE `assetindexdata`
	ADD CONSTRAINT `assetindexdata_sourceId_fk` FOREIGN KEY (`sourceId`) REFERENCES `assetsources` (`id`) ON DELETE CASCADE;

--
-- Constraints for table `assetsources`
--
ALTER TABLE `assetsources`
	ADD CONSTRAINT `assetsources_fieldLayoutId_fk` FOREIGN KEY (`fieldLayoutId`) REFERENCES `fieldlayouts` (`id`) ON DELETE SET NULL;

--
-- Constraints for table `categories`
--
ALTER TABLE `categories`
	ADD CONSTRAINT `categories_groupId_fk` FOREIGN KEY (`groupId`) REFERENCES `categorygroups` (`id`) ON DELETE CASCADE,
	ADD CONSTRAINT `categories_id_fk` FOREIGN KEY (`id`) REFERENCES `elements` (`id`) ON DELETE CASCADE;

--
-- Constraints for table `categorygroups`
--
ALTER TABLE `categorygroups`
	ADD CONSTRAINT `categorygroups_fieldLayoutId_fk` FOREIGN KEY (`fieldLayoutId`) REFERENCES `fieldlayouts` (`id`) ON DELETE SET NULL,
	ADD CONSTRAINT `categorygroups_structureId_fk` FOREIGN KEY (`structureId`) REFERENCES `structures` (`id`) ON DELETE CASCADE;

--
-- Constraints for table `categorygroups_i18n`
--
ALTER TABLE `categorygroups_i18n`
	ADD CONSTRAINT `categorygroups_i18n_groupId_fk` FOREIGN KEY (`groupId`) REFERENCES `categorygroups` (`id`) ON DELETE CASCADE,
	ADD CONSTRAINT `categorygroups_i18n_locale_fk` FOREIGN KEY (`locale`) REFERENCES `locales` (`locale`) ON DELETE CASCADE ON UPDATE CASCADE;

--
-- Constraints for table `content`
--
ALTER TABLE `content`
	ADD CONSTRAINT `content_elementId_fk` FOREIGN KEY (`elementId`) REFERENCES `elements` (`id`) ON DELETE CASCADE,
	ADD CONSTRAINT `content_locale_fk` FOREIGN KEY (`locale`) REFERENCES `locales` (`locale`) ON DELETE CASCADE ON UPDATE CASCADE;

--
-- Constraints for table `elements_i18n`
--
ALTER TABLE `elements_i18n`
	ADD CONSTRAINT `elements_i18n_elementId_fk` FOREIGN KEY (`elementId`) REFERENCES `elements` (`id`) ON DELETE CASCADE,
	ADD CONSTRAINT `elements_i18n_locale_fk` FOREIGN KEY (`locale`) REFERENCES `locales` (`locale`) ON DELETE CASCADE ON UPDATE CASCADE;

--
-- Constraints for table `emailmessages`
--
ALTER TABLE `emailmessages`
	ADD CONSTRAINT `emailmessages_locale_fk` FOREIGN KEY (`locale`) REFERENCES `locales` (`locale`) ON DELETE CASCADE ON UPDATE CASCADE;

--
-- Constraints for table `entries`
--
ALTER TABLE `entries`
	ADD CONSTRAINT `entries_authorId_fk` FOREIGN KEY (`authorId`) REFERENCES `users` (`id`) ON DELETE CASCADE,
	ADD CONSTRAINT `entries_id_fk` FOREIGN KEY (`id`) REFERENCES `elements` (`id`) ON DELETE CASCADE,
	ADD CONSTRAINT `entries_sectionId_fk` FOREIGN KEY (`sectionId`) REFERENCES `sections` (`id`) ON DELETE CASCADE,
	ADD CONSTRAINT `entries_typeId_fk` FOREIGN KEY (`typeId`) REFERENCES `entrytypes` (`id`) ON DELETE CASCADE;

--
-- Constraints for table `entrydrafts`
--
ALTER TABLE `entrydrafts`
	ADD CONSTRAINT `entrydrafts_creatorId_fk` FOREIGN KEY (`creatorId`) REFERENCES `users` (`id`) ON DELETE CASCADE,
	ADD CONSTRAINT `entrydrafts_entryId_fk` FOREIGN KEY (`entryId`) REFERENCES `entries` (`id`) ON DELETE CASCADE,
	ADD CONSTRAINT `entrydrafts_locale_fk` FOREIGN KEY (`locale`) REFERENCES `locales` (`locale`) ON DELETE CASCADE ON UPDATE CASCADE,
	ADD CONSTRAINT `entrydrafts_sectionId_fk` FOREIGN KEY (`sectionId`) REFERENCES `sections` (`id`) ON DELETE CASCADE;

--
-- Constraints for table `entrytypes`
--
ALTER TABLE `entrytypes`
	ADD CONSTRAINT `entrytypes_fieldLayoutId_fk` FOREIGN KEY (`fieldLayoutId`) REFERENCES `fieldlayouts` (`id`) ON DELETE SET NULL,
	ADD CONSTRAINT `entrytypes_sectionId_fk` FOREIGN KEY (`sectionId`) REFERENCES `sections` (`id`) ON DELETE CASCADE;

--
-- Constraints for table `entryversions`
--
ALTER TABLE `entryversions`
	ADD CONSTRAINT `entryversions_creatorId_fk` FOREIGN KEY (`creatorId`) REFERENCES `users` (`id`) ON DELETE SET NULL,
	ADD CONSTRAINT `entryversions_entryId_fk` FOREIGN KEY (`entryId`) REFERENCES `entries` (`id`) ON DELETE CASCADE,
	ADD CONSTRAINT `entryversions_locale_fk` FOREIGN KEY (`locale`) REFERENCES `locales` (`locale`) ON DELETE CASCADE ON UPDATE CASCADE,
	ADD CONSTRAINT `entryversions_sectionId_fk` FOREIGN KEY (`sectionId`) REFERENCES `sections` (`id`) ON DELETE CASCADE;

--
-- Constraints for table `fieldlayoutfields`
--
ALTER TABLE `fieldlayoutfields`
	ADD CONSTRAINT `fieldlayoutfields_fieldId_fk` FOREIGN KEY (`fieldId`) REFERENCES `fields` (`id`) ON DELETE CASCADE,
	ADD CONSTRAINT `fieldlayoutfields_layoutId_fk` FOREIGN KEY (`layoutId`) REFERENCES `fieldlayouts` (`id`) ON DELETE CASCADE,
	ADD CONSTRAINT `fieldlayoutfields_tabId_fk` FOREIGN KEY (`tabId`) REFERENCES `fieldlayouttabs` (`id`) ON DELETE CASCADE;

--
-- Constraints for table `fieldlayouttabs`
--
ALTER TABLE `fieldlayouttabs`
	ADD CONSTRAINT `fieldlayouttabs_layoutId_fk` FOREIGN KEY (`layoutId`) REFERENCES `fieldlayouts` (`id`) ON DELETE CASCADE;

--
-- Constraints for table `fields`
--
ALTER TABLE `fields`
	ADD CONSTRAINT `fields_groupId_fk` FOREIGN KEY (`groupId`) REFERENCES `fieldgroups` (`id`) ON DELETE CASCADE;

--
-- Constraints for table `globalsets`
--
ALTER TABLE `globalsets`
	ADD CONSTRAINT `globalsets_fieldLayoutId_fk` FOREIGN KEY (`fieldLayoutId`) REFERENCES `fieldlayouts` (`id`) ON DELETE SET NULL,
	ADD CONSTRAINT `globalsets_id_fk` FOREIGN KEY (`id`) REFERENCES `elements` (`id`) ON DELETE CASCADE;

--
-- Constraints for table `matrixblocks`
--
ALTER TABLE `matrixblocks`
	ADD CONSTRAINT `matrixblocks_fieldId_fk` FOREIGN KEY (`fieldId`) REFERENCES `fields` (`id`) ON DELETE CASCADE,
	ADD CONSTRAINT `matrixblocks_id_fk` FOREIGN KEY (`id`) REFERENCES `elements` (`id`) ON DELETE CASCADE,
	ADD CONSTRAINT `matrixblocks_ownerId_fk` FOREIGN KEY (`ownerId`) REFERENCES `elements` (`id`) ON DELETE CASCADE,
	ADD CONSTRAINT `matrixblocks_ownerLocale_fk` FOREIGN KEY (`ownerLocale`) REFERENCES `locales` (`locale`) ON DELETE CASCADE ON UPDATE CASCADE,
	ADD CONSTRAINT `matrixblocks_typeId_fk` FOREIGN KEY (`typeId`) REFERENCES `matrixblocktypes` (`id`) ON DELETE CASCADE;

--
-- Constraints for table `matrixblocktypes`
--
ALTER TABLE `matrixblocktypes`
	ADD CONSTRAINT `matrixblocktypes_fieldId_fk` FOREIGN KEY (`fieldId`) REFERENCES `fields` (`id`) ON DELETE CASCADE,
	ADD CONSTRAINT `matrixblocktypes_fieldLayoutId_fk` FOREIGN KEY (`fieldLayoutId`) REFERENCES `fieldlayouts` (`id`) ON DELETE SET NULL;

--
-- Constraints for table `matrixcontent_analysisflow`
--
ALTER TABLE `matrixcontent_analysisflow`
	ADD CONSTRAINT `matrixcontent_analysisflow_elementId_fk` FOREIGN KEY (`elementId`) REFERENCES `elements` (`id`) ON DELETE CASCADE,
	ADD CONSTRAINT `matrixcontent_analysisflow_locale_fk` FOREIGN KEY (`locale`) REFERENCES `locales` (`locale`) ON DELETE CASCADE ON UPDATE CASCADE;

--
-- Constraints for table `matrixcontent_feature`
--
ALTER TABLE `matrixcontent_feature`
	ADD CONSTRAINT `matrixcontent_feature_elementId_fk` FOREIGN KEY (`elementId`) REFERENCES `elements` (`id`) ON DELETE CASCADE,
	ADD CONSTRAINT `matrixcontent_feature_locale_fk` FOREIGN KEY (`locale`) REFERENCES `locales` (`locale`) ON DELETE CASCADE ON UPDATE CASCADE;

--
-- Constraints for table `matrixcontent_information`
--
ALTER TABLE `matrixcontent_information`
	ADD CONSTRAINT `matrixcontent_information_elementId_fk` FOREIGN KEY (`elementId`) REFERENCES `elements` (`id`) ON DELETE CASCADE,
	ADD CONSTRAINT `matrixcontent_information_locale_fk` FOREIGN KEY (`locale`) REFERENCES `locales` (`locale`) ON DELETE CASCADE ON UPDATE CASCADE;

--
-- Constraints for table `migrations`
--
ALTER TABLE `migrations`
	ADD CONSTRAINT `migrations_pluginId_fk` FOREIGN KEY (`pluginId`) REFERENCES `plugins` (`id`) ON DELETE CASCADE;

--
-- Constraints for table `relations`
--
ALTER TABLE `relations`
	ADD CONSTRAINT `relations_fieldId_fk` FOREIGN KEY (`fieldId`) REFERENCES `fields` (`id`) ON DELETE CASCADE,
	ADD CONSTRAINT `relations_sourceId_fk` FOREIGN KEY (`sourceId`) REFERENCES `elements` (`id`) ON DELETE CASCADE,
	ADD CONSTRAINT `relations_sourceLocale_fk` FOREIGN KEY (`sourceLocale`) REFERENCES `locales` (`locale`) ON DELETE CASCADE ON UPDATE CASCADE,
	ADD CONSTRAINT `relations_targetId_fk` FOREIGN KEY (`targetId`) REFERENCES `elements` (`id`) ON DELETE CASCADE;

--
-- Constraints for table `routes`
--
ALTER TABLE `routes`
	ADD CONSTRAINT `routes_locale_fk` FOREIGN KEY (`locale`) REFERENCES `locales` (`locale`) ON DELETE CASCADE ON UPDATE CASCADE;

--
-- Constraints for table `sections`
--
ALTER TABLE `sections`
	ADD CONSTRAINT `sections_structureId_fk` FOREIGN KEY (`structureId`) REFERENCES `structures` (`id`) ON DELETE SET NULL;

--
-- Constraints for table `sections_i18n`
--
ALTER TABLE `sections_i18n`
	ADD CONSTRAINT `sections_i18n_locale_fk` FOREIGN KEY (`locale`) REFERENCES `locales` (`locale`) ON DELETE CASCADE ON UPDATE CASCADE,
	ADD CONSTRAINT `sections_i18n_sectionId_fk` FOREIGN KEY (`sectionId`) REFERENCES `sections` (`id`) ON DELETE CASCADE;

--
-- Constraints for table `sessions`
--
ALTER TABLE `sessions`
	ADD CONSTRAINT `sessions_userId_fk` FOREIGN KEY (`userId`) REFERENCES `users` (`id`) ON DELETE CASCADE;

--
-- Constraints for table `shunnedmessages`
--
ALTER TABLE `shunnedmessages`
	ADD CONSTRAINT `shunnedmessages_userId_fk` FOREIGN KEY (`userId`) REFERENCES `users` (`id`) ON DELETE CASCADE;

--
-- Constraints for table `structureelements`
--
ALTER TABLE `structureelements`
	ADD CONSTRAINT `structureelements_elementId_fk` FOREIGN KEY (`elementId`) REFERENCES `elements` (`id`) ON DELETE CASCADE,
	ADD CONSTRAINT `structureelements_structureId_fk` FOREIGN KEY (`structureId`) REFERENCES `structures` (`id`) ON DELETE CASCADE;

--
-- Constraints for table `taggroups`
--
ALTER TABLE `taggroups`
	ADD CONSTRAINT `taggroups_fieldLayoutId_fk` FOREIGN KEY (`fieldLayoutId`) REFERENCES `fieldlayouts` (`id`) ON DELETE SET NULL;

--
-- Constraints for table `tags`
--
ALTER TABLE `tags`
	ADD CONSTRAINT `tags_groupId_fk` FOREIGN KEY (`groupId`) REFERENCES `taggroups` (`id`) ON DELETE CASCADE,
	ADD CONSTRAINT `tags_id_fk` FOREIGN KEY (`id`) REFERENCES `elements` (`id`) ON DELETE CASCADE;

--
-- Constraints for table `templatecachecriteria`
--
ALTER TABLE `templatecachecriteria`
	ADD CONSTRAINT `templatecachecriteria_cacheId_fk` FOREIGN KEY (`cacheId`) REFERENCES `templatecaches` (`id`) ON DELETE CASCADE;

--
-- Constraints for table `templatecacheelements`
--
ALTER TABLE `templatecacheelements`
	ADD CONSTRAINT `templatecacheelements_cacheId_fk` FOREIGN KEY (`cacheId`) REFERENCES `templatecaches` (`id`) ON DELETE CASCADE,
	ADD CONSTRAINT `templatecacheelements_elementId_fk` FOREIGN KEY (`elementId`) REFERENCES `elements` (`id`) ON DELETE CASCADE;

--
-- Constraints for table `templatecaches`
--
ALTER TABLE `templatecaches`
	ADD CONSTRAINT `templatecaches_locale_fk` FOREIGN KEY (`locale`) REFERENCES `locales` (`locale`) ON DELETE CASCADE ON UPDATE CASCADE;

--
-- Constraints for table `usergroups_users`
--
ALTER TABLE `usergroups_users`
	ADD CONSTRAINT `usergroups_users_groupId_fk` FOREIGN KEY (`groupId`) REFERENCES `usergroups` (`id`) ON DELETE CASCADE,
	ADD CONSTRAINT `usergroups_users_userId_fk` FOREIGN KEY (`userId`) REFERENCES `users` (`id`) ON DELETE CASCADE;

--
-- Constraints for table `userpermissions_usergroups`
--
ALTER TABLE `userpermissions_usergroups`
	ADD CONSTRAINT `userpermissions_usergroups_groupId_fk` FOREIGN KEY (`groupId`) REFERENCES `usergroups` (`id`) ON DELETE CASCADE,
	ADD CONSTRAINT `userpermissions_usergroups_permissionId_fk` FOREIGN KEY (`permissionId`) REFERENCES `userpermissions` (`id`) ON DELETE CASCADE;

--
-- Constraints for table `userpermissions_users`
--
ALTER TABLE `userpermissions_users`
	ADD CONSTRAINT `userpermissions_users_permissionId_fk` FOREIGN KEY (`permissionId`) REFERENCES `userpermissions` (`id`) ON DELETE CASCADE,
	ADD CONSTRAINT `userpermissions_users_userId_fk` FOREIGN KEY (`userId`) REFERENCES `users` (`id`) ON DELETE CASCADE;

--
-- Constraints for table `users`
--
ALTER TABLE `users`
	ADD CONSTRAINT `users_id_fk` FOREIGN KEY (`id`) REFERENCES `elements` (`id`) ON DELETE CASCADE,
	ADD CONSTRAINT `users_preferredLocale_fk` FOREIGN KEY (`preferredLocale`) REFERENCES `locales` (`locale`) ON DELETE SET NULL ON UPDATE CASCADE;

--
-- Constraints for table `widgets`
--
ALTER TABLE `widgets`
	ADD CONSTRAINT `widgets_userId_fk` FOREIGN KEY (`userId`) REFERENCES `users` (`id`) ON DELETE CASCADE;

SET FOREIGN_KEY_CHECKS = 1;
