-- Generated by Craft v2.3.2644 on Apr 30, 2015 5:54:30 AM.

--
-- Disable foreign key checks and autocommit.
--

SET FOREIGN_KEY_CHECKS = 0;
SET SQL_MODE = "NO_AUTO_VALUE_ON_ZERO";
SET AUTOCOMMIT = 0;
SET NAMES utf8;


DROP TABLE IF EXISTS `assetfiles`;


--
-- Schema for table `assetfiles`
--
CREATE TABLE `assetfiles` (
  `id` int(11) NOT NULL,
  `sourceId` int(11) DEFAULT NULL,
  `folderId` int(11) NOT NULL,
  `filename` varchar(255) COLLATE utf8_unicode_ci NOT NULL,
  `kind` varchar(50) COLLATE utf8_unicode_ci NOT NULL DEFAULT 'unknown',
  `width` smallint(6) unsigned DEFAULT NULL,
  `height` smallint(6) unsigned DEFAULT NULL,
  `size` int(11) unsigned DEFAULT NULL,
  `dateModified` datetime DEFAULT NULL,
  `dateCreated` datetime NOT NULL,
  `dateUpdated` datetime NOT NULL,
  `uid` char(36) COLLATE utf8_unicode_ci NOT NULL DEFAULT '0',
  PRIMARY KEY (`id`),
  UNIQUE KEY `assetfiles_filename_folderId_unq_idx` (`filename`,`folderId`),
  KEY `assetfiles_sourceId_fk` (`sourceId`),
  KEY `assetfiles_folderId_fk` (`folderId`)
) ENGINE=InnoDB DEFAULT CHARSET=utf8 COLLATE=utf8_unicode_ci;

DROP TABLE IF EXISTS `assetfolders`;


--
-- Schema for table `assetfolders`
--
CREATE TABLE `assetfolders` (
  `id` int(11) NOT NULL AUTO_INCREMENT,
  `parentId` int(11) DEFAULT NULL,
  `sourceId` int(11) DEFAULT NULL,
  `name` varchar(255) COLLATE utf8_unicode_ci NOT NULL,
  `path` varchar(255) COLLATE utf8_unicode_ci DEFAULT NULL,
  `dateCreated` datetime NOT NULL,
  `dateUpdated` datetime NOT NULL,
  `uid` char(36) COLLATE utf8_unicode_ci NOT NULL DEFAULT '0',
  PRIMARY KEY (`id`),
  UNIQUE KEY `assetfolders_name_parentId_sourceId_unq_idx` (`name`,`parentId`,`sourceId`),
  KEY `assetfolders_parentId_fk` (`parentId`),
  KEY `assetfolders_sourceId_fk` (`sourceId`)
) ENGINE=InnoDB AUTO_INCREMENT=2 DEFAULT CHARSET=utf8 COLLATE=utf8_unicode_ci;

--
-- Data for table `assetfolders`
--

INSERT INTO `assetfolders` (`id`, `parentId`, `sourceId`, `name`, `path`, `dateCreated`, `dateUpdated`, `uid`) VALUES ('1', NULL, '1', 'OG Image', '', '2015-04-30 03:46:19', '2015-04-30 03:46:19', '42fecc0f-b48b-432f-a115-0bf9146b4e0c');



DROP TABLE IF EXISTS `assetindexdata`;


--
-- Schema for table `assetindexdata`
--
CREATE TABLE `assetindexdata` (
  `id` int(11) NOT NULL AUTO_INCREMENT,
  `sessionId` varchar(36) COLLATE utf8_unicode_ci NOT NULL DEFAULT '',
  `sourceId` int(10) NOT NULL,
  `offset` int(10) NOT NULL,
  `uri` varchar(255) COLLATE utf8_unicode_ci DEFAULT NULL,
  `size` int(10) DEFAULT NULL,
  `recordId` int(10) DEFAULT NULL,
  `dateCreated` datetime NOT NULL,
  `dateUpdated` datetime NOT NULL,
  `uid` char(36) COLLATE utf8_unicode_ci NOT NULL DEFAULT '0',
  PRIMARY KEY (`id`),
  UNIQUE KEY `assetindexdata_sessionId_sourceId_offset_unq_idx` (`sessionId`,`sourceId`,`offset`),
  KEY `assetindexdata_sourceId_fk` (`sourceId`)
) ENGINE=InnoDB AUTO_INCREMENT=2 DEFAULT CHARSET=utf8 COLLATE=utf8_unicode_ci;

DROP TABLE IF EXISTS `assetsources`;


--
-- Schema for table `assetsources`
--
CREATE TABLE `assetsources` (
  `id` int(11) NOT NULL AUTO_INCREMENT,
  `name` varchar(255) COLLATE utf8_unicode_ci NOT NULL,
  `handle` varchar(255) COLLATE utf8_unicode_ci NOT NULL,
  `type` varchar(150) COLLATE utf8_unicode_ci NOT NULL,
  `settings` text COLLATE utf8_unicode_ci,
  `sortOrder` tinyint(4) DEFAULT NULL,
  `fieldLayoutId` int(10) DEFAULT NULL,
  `dateCreated` datetime NOT NULL,
  `dateUpdated` datetime NOT NULL,
  `uid` char(36) COLLATE utf8_unicode_ci NOT NULL DEFAULT '0',
  PRIMARY KEY (`id`),
  UNIQUE KEY `assetsources_name_unq_idx` (`name`),
  UNIQUE KEY `assetsources_handle_unq_idx` (`handle`),
  KEY `assetsources_fieldLayoutId_fk` (`fieldLayoutId`)
) ENGINE=InnoDB AUTO_INCREMENT=2 DEFAULT CHARSET=utf8 COLLATE=utf8_unicode_ci;

--
-- Data for table `assetsources`
--

INSERT INTO `assetsources` (`id`, `name`, `handle`, `type`, `settings`, `sortOrder`, `fieldLayoutId`, `dateCreated`, `dateUpdated`, `uid`) VALUES ('1', 'OG Image', 'ogImage', 'Local', '{\"path\":\"assets\\/images\\/upload\\/og-images\\/\",\"url\":\"assets\\/images\\/upload\\/og-images\\/\"}', '1', '36', '2015-04-30 03:46:19', '2015-04-30 04:06:09', '64188507-b6f6-4306-86cf-0dc699511c55');



DROP TABLE IF EXISTS `assettransformindex`;


--
-- Schema for table `assettransformindex`
--
CREATE TABLE `assettransformindex` (
  `id` int(11) NOT NULL AUTO_INCREMENT,
  `fileId` int(11) NOT NULL,
  `filename` varchar(255) COLLATE utf8_unicode_ci DEFAULT NULL,
  `format` varchar(255) COLLATE utf8_unicode_ci DEFAULT NULL,
  `location` varchar(255) COLLATE utf8_unicode_ci NOT NULL,
  `sourceId` int(11) DEFAULT NULL,
  `fileExists` tinyint(1) DEFAULT NULL,
  `inProgress` tinyint(1) DEFAULT NULL,
  `dateIndexed` datetime DEFAULT NULL,
  `dateCreated` datetime NOT NULL,
  `dateUpdated` datetime NOT NULL,
  `uid` char(36) COLLATE utf8_unicode_ci NOT NULL DEFAULT '0',
  PRIMARY KEY (`id`),
  KEY `assettransformindex_sourceId_fileId_location_idx` (`sourceId`,`fileId`,`location`)
) ENGINE=InnoDB DEFAULT CHARSET=utf8 COLLATE=utf8_unicode_ci;

DROP TABLE IF EXISTS `assettransforms`;


--
-- Schema for table `assettransforms`
--
CREATE TABLE `assettransforms` (
  `id` int(11) NOT NULL AUTO_INCREMENT,
  `name` varchar(255) COLLATE utf8_unicode_ci NOT NULL,
  `handle` varchar(255) COLLATE utf8_unicode_ci NOT NULL,
  `mode` enum('stretch','fit','crop') COLLATE utf8_unicode_ci NOT NULL DEFAULT 'crop',
  `position` enum('top-left','top-center','top-right','center-left','center-center','center-right','bottom-left','bottom-center','bottom-right') COLLATE utf8_unicode_ci NOT NULL DEFAULT 'center-center',
  `height` int(10) DEFAULT NULL,
  `width` int(10) DEFAULT NULL,
  `format` varchar(255) COLLATE utf8_unicode_ci DEFAULT NULL,
  `quality` int(10) DEFAULT NULL,
  `dimensionChangeTime` datetime DEFAULT NULL,
  `dateCreated` datetime NOT NULL,
  `dateUpdated` datetime NOT NULL,
  `uid` char(36) COLLATE utf8_unicode_ci NOT NULL DEFAULT '0',
  PRIMARY KEY (`id`),
  UNIQUE KEY `assettransforms_name_unq_idx` (`name`),
  UNIQUE KEY `assettransforms_handle_unq_idx` (`handle`)
) ENGINE=InnoDB AUTO_INCREMENT=2 DEFAULT CHARSET=utf8 COLLATE=utf8_unicode_ci;

--
-- Data for table `assettransforms`
--

INSERT INTO `assettransforms` (`id`, `name`, `handle`, `mode`, `position`, `height`, `width`, `format`, `quality`, `dimensionChangeTime`, `dateCreated`, `dateUpdated`, `uid`) VALUES ('1', 'OG Image', 'ogImage', 'crop', 'center-center', '315', '600', 'jpg', '100', '2015-04-30 03:54:27', '2015-04-30 03:54:27', '2015-04-30 03:54:27', 'be219afc-b22e-4c9b-b0d2-6d6dc74b5e27');



DROP TABLE IF EXISTS `categories`;


--
-- Schema for table `categories`
--
CREATE TABLE `categories` (
  `id` int(11) NOT NULL,
  `groupId` int(11) NOT NULL,
  `dateCreated` datetime NOT NULL,
  `dateUpdated` datetime NOT NULL,
  `uid` char(36) COLLATE utf8_unicode_ci NOT NULL DEFAULT '0',
  PRIMARY KEY (`id`),
  KEY `categories_groupId_fk` (`groupId`)
) ENGINE=InnoDB DEFAULT CHARSET=utf8 COLLATE=utf8_unicode_ci;

--
-- Data for table `categories`
--

INSERT INTO `categories` (`id`, `groupId`, `dateCreated`, `dateUpdated`, `uid`) VALUES ('7', '1', '2015-04-29 14:57:45', '2015-04-29 16:51:06', 'f0a980c3-04db-4727-9511-1e9a5213e5a0');
INSERT INTO `categories` (`id`, `groupId`, `dateCreated`, `dateUpdated`, `uid`) VALUES ('8', '1', '2015-04-29 14:57:50', '2015-04-29 16:51:19', '3af436ac-4bb6-47b4-abdb-b9451f07f558');



DROP TABLE IF EXISTS `categorygroups`;


--
-- Schema for table `categorygroups`
--
CREATE TABLE `categorygroups` (
  `id` int(11) NOT NULL AUTO_INCREMENT,
  `structureId` int(11) NOT NULL,
  `fieldLayoutId` int(11) DEFAULT NULL,
  `name` varchar(255) COLLATE utf8_unicode_ci NOT NULL,
  `handle` varchar(255) COLLATE utf8_unicode_ci NOT NULL,
  `hasUrls` tinyint(1) unsigned NOT NULL DEFAULT '1',
  `template` varchar(500) COLLATE utf8_unicode_ci DEFAULT NULL,
  `dateCreated` datetime NOT NULL,
  `dateUpdated` datetime NOT NULL,
  `uid` char(36) COLLATE utf8_unicode_ci NOT NULL DEFAULT '0',
  PRIMARY KEY (`id`),
  UNIQUE KEY `categorygroups_name_unq_idx` (`name`),
  UNIQUE KEY `categorygroups_handle_unq_idx` (`handle`),
  KEY `categorygroups_structureId_fk` (`structureId`),
  KEY `categorygroups_fieldLayoutId_fk` (`fieldLayoutId`)
) ENGINE=InnoDB AUTO_INCREMENT=2 DEFAULT CHARSET=utf8 COLLATE=utf8_unicode_ci;

--
-- Data for table `categorygroups`
--

INSERT INTO `categorygroups` (`id`, `structureId`, `fieldLayoutId`, `name`, `handle`, `hasUrls`, `template`, `dateCreated`, `dateUpdated`, `uid`) VALUES ('1', '4', '26', 'Portfolio', 'portfolio', '1', 'news/index', '2015-04-29 14:57:32', '2015-04-29 16:50:05', '2fa6c238-feaf-464f-8355-83635692d546');



DROP TABLE IF EXISTS `categorygroups_i18n`;


--
-- Schema for table `categorygroups_i18n`
--
CREATE TABLE `categorygroups_i18n` (
  `id` int(11) NOT NULL AUTO_INCREMENT,
  `groupId` int(11) NOT NULL,
  `locale` char(12) COLLATE utf8_unicode_ci NOT NULL,
  `urlFormat` varchar(255) COLLATE utf8_unicode_ci DEFAULT NULL,
  `nestedUrlFormat` varchar(255) COLLATE utf8_unicode_ci DEFAULT NULL,
  `dateCreated` datetime NOT NULL,
  `dateUpdated` datetime NOT NULL,
  `uid` char(36) COLLATE utf8_unicode_ci NOT NULL DEFAULT '0',
  PRIMARY KEY (`id`),
  UNIQUE KEY `categorygroups_i18n_groupId_locale_unq_idx` (`groupId`,`locale`),
  KEY `categorygroups_i18n_locale_fk` (`locale`)
) ENGINE=InnoDB AUTO_INCREMENT=2 DEFAULT CHARSET=utf8 COLLATE=utf8_unicode_ci;

--
-- Data for table `categorygroups_i18n`
--

INSERT INTO `categorygroups_i18n` (`id`, `groupId`, `locale`, `urlFormat`, `nestedUrlFormat`, `dateCreated`, `dateUpdated`, `uid`) VALUES ('1', '1', 'en_us', '{slug}', NULL, '2015-04-29 14:57:32', '2015-04-29 15:01:24', '303e9c44-9dfe-4f05-bbd7-9e9cfabec535');



DROP TABLE IF EXISTS `content`;


--
-- Schema for table `content`
--
CREATE TABLE `content` (
  `id` int(11) NOT NULL AUTO_INCREMENT,
  `elementId` int(11) NOT NULL,
  `locale` char(12) COLLATE utf8_unicode_ci NOT NULL,
  `title` varchar(255) COLLATE utf8_unicode_ci DEFAULT NULL,
  `field_body` text COLLATE utf8_unicode_ci,
  `field_shortDescription` varchar(200) COLLATE utf8_unicode_ci DEFAULT NULL,
  `field_year` smallint(4) unsigned DEFAULT '0',
  `field_tools` varchar(255) COLLATE utf8_unicode_ci DEFAULT NULL,
  `field_client` text COLLATE utf8_unicode_ci,
  `field_clientUrl` text COLLATE utf8_unicode_ci,
  `field_responsibilities` text COLLATE utf8_unicode_ci,
  `field_heading` varchar(100) COLLATE utf8_unicode_ci DEFAULT NULL,
  `field_introduction` text COLLATE utf8_unicode_ci,
  `field_ogTitle` text COLLATE utf8_unicode_ci,
  `field_ogDescription` text COLLATE utf8_unicode_ci,
  `field_briefHeading` varchar(20) COLLATE utf8_unicode_ci DEFAULT NULL,
  `field_briefBody` text COLLATE utf8_unicode_ci,
  `field_learnedHeading` varchar(20) COLLATE utf8_unicode_ci DEFAULT NULL,
  `field_learnedBody` text COLLATE utf8_unicode_ci,
  `field_analysisHeading` varchar(20) COLLATE utf8_unicode_ci DEFAULT NULL,
  `field_analysisBody` text COLLATE utf8_unicode_ci,
  `dateCreated` datetime NOT NULL,
  `dateUpdated` datetime NOT NULL,
  `uid` char(36) COLLATE utf8_unicode_ci NOT NULL DEFAULT '0',
  PRIMARY KEY (`id`),
  UNIQUE KEY `content_elementId_locale_unq_idx` (`elementId`,`locale`),
  KEY `content_title_idx` (`title`),
  KEY `content_locale_fk` (`locale`)
) ENGINE=InnoDB AUTO_INCREMENT=13 DEFAULT CHARSET=utf8 COLLATE=utf8_unicode_ci;

--
-- Data for table `content`
--

INSERT INTO `content` (`id`, `elementId`, `locale`, `title`, `field_body`, `field_shortDescription`, `field_year`, `field_tools`, `field_client`, `field_clientUrl`, `field_responsibilities`, `field_heading`, `field_introduction`, `field_ogTitle`, `field_ogDescription`, `field_briefHeading`, `field_briefBody`, `field_learnedHeading`, `field_learnedBody`, `field_analysisHeading`, `field_analysisBody`, `dateCreated`, `dateUpdated`, `uid`) VALUES ('1', '1', 'en_us', NULL, NULL, NULL, '0', NULL, NULL, NULL, NULL, NULL, NULL, NULL, NULL, NULL, NULL, NULL, NULL, NULL, NULL, '2015-04-26 20:07:23', '2015-04-26 20:07:23', '380c0995-0e0f-4b6c-a355-137228a7b33b');
INSERT INTO `content` (`id`, `elementId`, `locale`, `title`, `field_body`, `field_shortDescription`, `field_year`, `field_tools`, `field_client`, `field_clientUrl`, `field_responsibilities`, `field_heading`, `field_introduction`, `field_ogTitle`, `field_ogDescription`, `field_briefHeading`, `field_briefBody`, `field_learnedHeading`, `field_learnedBody`, `field_analysisHeading`, `field_analysisBody`, `dateCreated`, `dateUpdated`, `uid`) VALUES ('2', '2', 'en_us', 'Welcome to Graceux.dev!', '<p>It’s true, this site doesn’t have a whole lot of content yet, but don’t worry. Our web developers have just installed the CMS, and they’re setting things up for the content editors this very moment. Soon Graceux.dev will be an oasis of fresh perspectives, sharp analyses, and astute opinions that will keep you coming back again and again.</p>', NULL, '0', NULL, NULL, NULL, NULL, NULL, NULL, NULL, NULL, NULL, NULL, NULL, NULL, NULL, NULL, '2015-04-26 20:07:25', '2015-04-26 20:07:25', '51da843e-df63-4022-adf3-f01624610c89');
INSERT INTO `content` (`id`, `elementId`, `locale`, `title`, `field_body`, `field_shortDescription`, `field_year`, `field_tools`, `field_client`, `field_clientUrl`, `field_responsibilities`, `field_heading`, `field_introduction`, `field_ogTitle`, `field_ogDescription`, `field_briefHeading`, `field_briefBody`, `field_learnedHeading`, `field_learnedBody`, `field_analysisHeading`, `field_analysisBody`, `dateCreated`, `dateUpdated`, `uid`) VALUES ('3', '3', 'en_us', 'We just installed Craft!', '<p>Craft is the CMS that’s powering Graceux.dev. It’s beautiful, powerful, flexible, and easy-to-use, and it’s made by Pixel &amp; Tonic. We can’t wait to dive in and see what it’s capable of!</p><!--pagebreak--><p>This is even more captivating content, which you couldn’t see on the News index page because it was entered after a Page Break, and the News index template only likes to show the content on the first page.</p><p>Craft: a nice alternative to Word, if you’re making a website.</p>', NULL, '0', NULL, NULL, NULL, NULL, NULL, NULL, NULL, NULL, NULL, NULL, NULL, NULL, NULL, NULL, '2015-04-26 20:07:25', '2015-04-26 20:07:25', '8b817530-93ae-4c9c-8e6d-db2f4765cf2b');
INSERT INTO `content` (`id`, `elementId`, `locale`, `title`, `field_body`, `field_shortDescription`, `field_year`, `field_tools`, `field_client`, `field_clientUrl`, `field_responsibilities`, `field_heading`, `field_introduction`, `field_ogTitle`, `field_ogDescription`, `field_briefHeading`, `field_briefBody`, `field_learnedHeading`, `field_learnedBody`, `field_analysisHeading`, `field_analysisBody`, `dateCreated`, `dateUpdated`, `uid`) VALUES ('4', '4', 'en_us', NULL, NULL, NULL, '0', NULL, NULL, NULL, NULL, NULL, NULL, NULL, NULL, NULL, NULL, NULL, NULL, NULL, NULL, '2015-04-26 20:37:35', '2015-04-26 20:37:35', '9d3fea36-5d9c-4412-bae9-e6c789387588');
INSERT INTO `content` (`id`, `elementId`, `locale`, `title`, `field_body`, `field_shortDescription`, `field_year`, `field_tools`, `field_client`, `field_clientUrl`, `field_responsibilities`, `field_heading`, `field_introduction`, `field_ogTitle`, `field_ogDescription`, `field_briefHeading`, `field_briefBody`, `field_learnedHeading`, `field_learnedBody`, `field_analysisHeading`, `field_analysisBody`, `dateCreated`, `dateUpdated`, `uid`) VALUES ('5', '5', 'en_us', 'About', NULL, NULL, '0', NULL, NULL, NULL, NULL, NULL, NULL, NULL, NULL, NULL, NULL, NULL, NULL, NULL, NULL, '2015-04-29 01:58:37', '2015-04-29 01:58:37', '8f6b3c95-fa16-411b-9b38-0fe96778838d');
INSERT INTO `content` (`id`, `elementId`, `locale`, `title`, `field_body`, `field_shortDescription`, `field_year`, `field_tools`, `field_client`, `field_clientUrl`, `field_responsibilities`, `field_heading`, `field_introduction`, `field_ogTitle`, `field_ogDescription`, `field_briefHeading`, `field_briefBody`, `field_learnedHeading`, `field_learnedBody`, `field_analysisHeading`, `field_analysisBody`, `dateCreated`, `dateUpdated`, `uid`) VALUES ('6', '6', 'en_us', 'Real-Time Fengshui', NULL, 'Fengshui, also known as Geomantic Omen, literally translated to ”wind and water” in Chinese. Fengshui has some primary disciplines in terms of aesthetics, psychology, and environmental science.', '2014', '[\"aftereffects\",\"flash\",\"photoshop\",\"blender\",\"css3\",\"html5\",\"javascript\",\"sketch\",\"webgl\"]', '', '', 'UX, 2D & 3D Visual Design, Development', NULL, NULL, '', '', 'Project Brief', '<p>This is a cool project.</p>', 'What I\'ve Learned', '<p>I\'ve learned a lot.</p>', NULL, NULL, '2015-04-29 04:17:46', '2015-04-30 04:56:07', 'd89d67f2-affa-448e-a570-c4c742205bb9');
INSERT INTO `content` (`id`, `elementId`, `locale`, `title`, `field_body`, `field_shortDescription`, `field_year`, `field_tools`, `field_client`, `field_clientUrl`, `field_responsibilities`, `field_heading`, `field_introduction`, `field_ogTitle`, `field_ogDescription`, `field_briefHeading`, `field_briefBody`, `field_learnedHeading`, `field_learnedBody`, `field_analysisHeading`, `field_analysisBody`, `dateCreated`, `dateUpdated`, `uid`) VALUES ('7', '7', 'en_us', 'Projects', NULL, NULL, '0', '[]', NULL, NULL, NULL, 'This is the projects page.', '<p>Hello from projects page!</p>', NULL, NULL, NULL, NULL, NULL, NULL, NULL, NULL, '2015-04-29 14:57:45', '2015-04-29 16:51:06', 'c44a86ba-2154-42d1-bcb7-668d30456bfb');
INSERT INTO `content` (`id`, `elementId`, `locale`, `title`, `field_body`, `field_shortDescription`, `field_year`, `field_tools`, `field_client`, `field_clientUrl`, `field_responsibilities`, `field_heading`, `field_introduction`, `field_ogTitle`, `field_ogDescription`, `field_briefHeading`, `field_briefBody`, `field_learnedHeading`, `field_learnedBody`, `field_analysisHeading`, `field_analysisBody`, `dateCreated`, `dateUpdated`, `uid`) VALUES ('8', '8', 'en_us', 'Labs', NULL, NULL, '0', '[]', NULL, NULL, NULL, 'This is the labs page.', '<p>Hello from labs page!</p>', NULL, NULL, NULL, NULL, NULL, NULL, NULL, NULL, '2015-04-29 14:57:50', '2015-04-29 16:51:19', '60c292c1-1ab2-4e52-85e3-91fdbcb6ed38');
INSERT INTO `content` (`id`, `elementId`, `locale`, `title`, `field_body`, `field_shortDescription`, `field_year`, `field_tools`, `field_client`, `field_clientUrl`, `field_responsibilities`, `field_heading`, `field_introduction`, `field_ogTitle`, `field_ogDescription`, `field_briefHeading`, `field_briefBody`, `field_learnedHeading`, `field_learnedBody`, `field_analysisHeading`, `field_analysisBody`, `dateCreated`, `dateUpdated`, `uid`) VALUES ('9', '9', 'en_us', 'Sleep Well Concept', NULL, 'This is the project description.', '2014', '[\"photoshop\",\"justinmind\",\"sketch\"]', '', '', 'UX, Wireframe, Visual Design', NULL, NULL, '', '', 'Project Brief', '<p>This is a cool project.</p>', 'What I\'ve Learned', '<p>I\'ve learned a lot.</p>', NULL, NULL, '2015-04-29 16:40:27', '2015-04-30 04:55:33', 'c7c64584-88be-499c-84bd-1598b3ba1a86');
INSERT INTO `content` (`id`, `elementId`, `locale`, `title`, `field_body`, `field_shortDescription`, `field_year`, `field_tools`, `field_client`, `field_clientUrl`, `field_responsibilities`, `field_heading`, `field_introduction`, `field_ogTitle`, `field_ogDescription`, `field_briefHeading`, `field_briefBody`, `field_learnedHeading`, `field_learnedBody`, `field_analysisHeading`, `field_analysisBody`, `dateCreated`, `dateUpdated`, `uid`) VALUES ('10', '10', 'en_us', 'LivePerson Official Site', NULL, 'The official website design for LivePerson.', '2015', '[\"photoshop\"]', 'LivePerson', 'http://www.liveperson.com/', 'Visual Design', NULL, NULL, '', '', 'Project Brief', '<p>This is a cool website.</p>', 'What I\'ve Learned', '<p>I\'ve learned a lot.</p>', NULL, NULL, '2015-04-30 03:30:18', '2015-04-30 04:55:01', '45c76090-8594-4c2b-b08b-93adee7aed2e');



DROP TABLE IF EXISTS `deprecationerrors`;


--
-- Schema for table `deprecationerrors`
--
CREATE TABLE `deprecationerrors` (
  `id` int(11) NOT NULL AUTO_INCREMENT,
  `key` varchar(255) COLLATE utf8_unicode_ci NOT NULL,
  `fingerprint` varchar(255) COLLATE utf8_unicode_ci NOT NULL,
  `lastOccurrence` datetime NOT NULL,
  `file` varchar(255) COLLATE utf8_unicode_ci NOT NULL,
  `line` smallint(6) unsigned NOT NULL,
  `class` varchar(255) COLLATE utf8_unicode_ci DEFAULT NULL,
  `method` varchar(255) COLLATE utf8_unicode_ci DEFAULT NULL,
  `template` varchar(255) COLLATE utf8_unicode_ci DEFAULT NULL,
  `templateLine` smallint(6) unsigned DEFAULT NULL,
  `message` varchar(255) COLLATE utf8_unicode_ci DEFAULT NULL,
  `traces` text COLLATE utf8_unicode_ci,
  `dateCreated` datetime NOT NULL,
  `dateUpdated` datetime NOT NULL,
  `uid` char(36) COLLATE utf8_unicode_ci NOT NULL DEFAULT '0',
  PRIMARY KEY (`id`),
  UNIQUE KEY `deprecationerrors_key_fingerprint_unq_idx` (`key`,`fingerprint`)
) ENGINE=InnoDB DEFAULT CHARSET=utf8 COLLATE=utf8_unicode_ci;

DROP TABLE IF EXISTS `elements`;


--
-- Schema for table `elements`
--
CREATE TABLE `elements` (
  `id` int(11) NOT NULL AUTO_INCREMENT,
  `type` varchar(150) COLLATE utf8_unicode_ci NOT NULL,
  `enabled` tinyint(1) unsigned NOT NULL DEFAULT '1',
  `archived` tinyint(1) unsigned NOT NULL DEFAULT '0',
  `dateCreated` datetime NOT NULL,
  `dateUpdated` datetime NOT NULL,
  `uid` char(36) COLLATE utf8_unicode_ci NOT NULL DEFAULT '0',
  PRIMARY KEY (`id`),
  KEY `elements_type_idx` (`type`),
  KEY `elements_enabled_idx` (`enabled`),
  KEY `elements_archived_dateCreated_idx` (`archived`,`dateCreated`)
) ENGINE=InnoDB AUTO_INCREMENT=13 DEFAULT CHARSET=utf8 COLLATE=utf8_unicode_ci;

--
-- Data for table `elements`
--

INSERT INTO `elements` (`id`, `type`, `enabled`, `archived`, `dateCreated`, `dateUpdated`, `uid`) VALUES ('1', 'User', '1', '0', '2015-04-26 20:07:23', '2015-04-26 20:07:23', '2cbc0802-9971-4083-bc00-f9f516f62628');
INSERT INTO `elements` (`id`, `type`, `enabled`, `archived`, `dateCreated`, `dateUpdated`, `uid`) VALUES ('2', 'Entry', '1', '0', '2015-04-26 20:07:25', '2015-04-26 20:07:25', 'e6aea969-14ec-4134-825f-2199a0542520');
INSERT INTO `elements` (`id`, `type`, `enabled`, `archived`, `dateCreated`, `dateUpdated`, `uid`) VALUES ('3', 'Entry', '1', '0', '2015-04-26 20:07:25', '2015-04-26 20:07:25', '31d790ed-5c80-4ac6-b0bc-881f8697a645');
INSERT INTO `elements` (`id`, `type`, `enabled`, `archived`, `dateCreated`, `dateUpdated`, `uid`) VALUES ('4', 'User', '1', '0', '2015-04-26 20:37:35', '2015-04-26 20:37:35', '26f3093d-8e3a-4d9b-97c9-00cf1297f311');
INSERT INTO `elements` (`id`, `type`, `enabled`, `archived`, `dateCreated`, `dateUpdated`, `uid`) VALUES ('5', 'Entry', '1', '0', '2015-04-29 01:58:37', '2015-04-29 01:58:37', 'bbb981ba-e993-4483-a283-180094ef256a');
INSERT INTO `elements` (`id`, `type`, `enabled`, `archived`, `dateCreated`, `dateUpdated`, `uid`) VALUES ('6', 'Entry', '1', '0', '2015-04-29 04:17:46', '2015-04-30 04:56:07', '4ab627cf-0d5d-4f0b-b812-5a5938ba3e06');
INSERT INTO `elements` (`id`, `type`, `enabled`, `archived`, `dateCreated`, `dateUpdated`, `uid`) VALUES ('7', 'Category', '1', '0', '2015-04-29 14:57:45', '2015-04-29 16:51:06', '1bb05c0a-5b5c-4c9f-adf4-4e9d17574a2b');
INSERT INTO `elements` (`id`, `type`, `enabled`, `archived`, `dateCreated`, `dateUpdated`, `uid`) VALUES ('8', 'Category', '1', '0', '2015-04-29 14:57:50', '2015-04-29 16:51:19', '219df700-fffc-4c3d-969a-bfdf2edc06a4');
INSERT INTO `elements` (`id`, `type`, `enabled`, `archived`, `dateCreated`, `dateUpdated`, `uid`) VALUES ('9', 'Entry', '1', '0', '2015-04-29 16:40:27', '2015-04-30 04:55:33', 'f0b4853e-b543-43a1-8ba8-bbd799677d1c');
INSERT INTO `elements` (`id`, `type`, `enabled`, `archived`, `dateCreated`, `dateUpdated`, `uid`) VALUES ('10', 'Entry', '1', '0', '2015-04-30 03:30:18', '2015-04-30 04:55:01', '099b2a2c-8480-43a4-afac-ae61db3cec68');



DROP TABLE IF EXISTS `elements_i18n`;


--
-- Schema for table `elements_i18n`
--
CREATE TABLE `elements_i18n` (
  `id` int(11) NOT NULL AUTO_INCREMENT,
  `elementId` int(11) NOT NULL,
  `locale` char(12) COLLATE utf8_unicode_ci NOT NULL,
  `slug` varchar(255) COLLATE utf8_unicode_ci DEFAULT NULL,
  `uri` varchar(255) COLLATE utf8_unicode_ci DEFAULT NULL,
  `enabled` tinyint(1) unsigned NOT NULL DEFAULT '1',
  `dateCreated` datetime NOT NULL,
  `dateUpdated` datetime NOT NULL,
  `uid` char(36) COLLATE utf8_unicode_ci NOT NULL DEFAULT '0',
  PRIMARY KEY (`id`),
  UNIQUE KEY `elements_i18n_elementId_locale_unq_idx` (`elementId`,`locale`),
  UNIQUE KEY `elements_i18n_uri_locale_unq_idx` (`uri`,`locale`),
  KEY `elements_i18n_slug_locale_idx` (`slug`,`locale`),
  KEY `elements_i18n_enabled_idx` (`enabled`),
  KEY `elements_i18n_locale_fk` (`locale`)
) ENGINE=InnoDB AUTO_INCREMENT=13 DEFAULT CHARSET=utf8 COLLATE=utf8_unicode_ci;

--
-- Data for table `elements_i18n`
--

INSERT INTO `elements_i18n` (`id`, `elementId`, `locale`, `slug`, `uri`, `enabled`, `dateCreated`, `dateUpdated`, `uid`) VALUES ('1', '1', 'en_us', '', NULL, '1', '2015-04-26 20:07:23', '2015-04-26 20:07:23', 'e1a0c10c-bb44-4698-8c58-820618be7388');
INSERT INTO `elements_i18n` (`id`, `elementId`, `locale`, `slug`, `uri`, `enabled`, `dateCreated`, `dateUpdated`, `uid`) VALUES ('2', '2', 'en_us', 'homepage', '__home__', '1', '2015-04-26 20:07:25', '2015-04-26 20:07:25', '425cf5d8-670f-4319-a519-fafeda199d14');
INSERT INTO `elements_i18n` (`id`, `elementId`, `locale`, `slug`, `uri`, `enabled`, `dateCreated`, `dateUpdated`, `uid`) VALUES ('3', '3', 'en_us', 'we-just-installed-craft', 'news/2015/we-just-installed-craft', '1', '2015-04-26 20:07:25', '2015-04-26 20:07:25', 'f75850a5-33e9-4cbb-afae-6be20e194aa6');
INSERT INTO `elements_i18n` (`id`, `elementId`, `locale`, `slug`, `uri`, `enabled`, `dateCreated`, `dateUpdated`, `uid`) VALUES ('4', '4', 'en_us', '', NULL, '1', '2015-04-26 20:37:35', '2015-04-26 20:37:35', '7d32ed72-4c62-43f4-890b-e42755c31639');
INSERT INTO `elements_i18n` (`id`, `elementId`, `locale`, `slug`, `uri`, `enabled`, `dateCreated`, `dateUpdated`, `uid`) VALUES ('5', '5', 'en_us', 'about', 'about', '1', '2015-04-29 01:58:37', '2015-04-29 01:58:37', '738a6763-ba6f-4c94-8509-b69f62bcba19');
INSERT INTO `elements_i18n` (`id`, `elementId`, `locale`, `slug`, `uri`, `enabled`, `dateCreated`, `dateUpdated`, `uid`) VALUES ('6', '6', 'en_us', 'real-time-fengshui', 'projects/real-time-fengshui', '1', '2015-04-29 04:17:46', '2015-04-30 04:56:07', 'af5480f1-d945-42ec-882a-64ec7ed6bc0b');
INSERT INTO `elements_i18n` (`id`, `elementId`, `locale`, `slug`, `uri`, `enabled`, `dateCreated`, `dateUpdated`, `uid`) VALUES ('7', '7', 'en_us', 'projects', 'projects', '1', '2015-04-29 14:57:45', '2015-04-29 16:51:06', 'fb939f3e-8d13-45cb-a3a3-f4cb0c24c56c');
INSERT INTO `elements_i18n` (`id`, `elementId`, `locale`, `slug`, `uri`, `enabled`, `dateCreated`, `dateUpdated`, `uid`) VALUES ('8', '8', 'en_us', 'labs', 'labs', '1', '2015-04-29 14:57:50', '2015-04-29 16:51:19', '9b1a25c5-5e6d-47a1-a616-e2517a576a9c');
INSERT INTO `elements_i18n` (`id`, `elementId`, `locale`, `slug`, `uri`, `enabled`, `dateCreated`, `dateUpdated`, `uid`) VALUES ('9', '9', 'en_us', 'sleep-well-concept', 'labs/sleep-well-concept', '1', '2015-04-29 16:40:27', '2015-04-30 04:55:33', '7b21ea16-bab2-4c93-9d22-a46ff21c089c');
INSERT INTO `elements_i18n` (`id`, `elementId`, `locale`, `slug`, `uri`, `enabled`, `dateCreated`, `dateUpdated`, `uid`) VALUES ('10', '10', 'en_us', 'liveperson-official-site', 'projects/liveperson-official-site', '1', '2015-04-30 03:30:18', '2015-04-30 04:55:01', '78700f5e-0dba-411d-af86-488935507bfd');



DROP TABLE IF EXISTS `emailmessages`;


--
-- Schema for table `emailmessages`
--
CREATE TABLE `emailmessages` (
  `id` int(11) NOT NULL AUTO_INCREMENT,
  `key` char(150) COLLATE utf8_unicode_ci NOT NULL,
  `locale` char(12) COLLATE utf8_unicode_ci NOT NULL,
  `subject` varchar(1000) COLLATE utf8_unicode_ci NOT NULL,
  `body` text COLLATE utf8_unicode_ci NOT NULL,
  `dateCreated` datetime NOT NULL,
  `dateUpdated` datetime NOT NULL,
  `uid` char(36) COLLATE utf8_unicode_ci NOT NULL DEFAULT '0',
  PRIMARY KEY (`id`),
  UNIQUE KEY `emailmessages_key_locale_unq_idx` (`key`,`locale`),
  KEY `emailmessages_locale_fk` (`locale`)
) ENGINE=InnoDB DEFAULT CHARSET=utf8 COLLATE=utf8_unicode_ci;

DROP TABLE IF EXISTS `entries`;


--
-- Schema for table `entries`
--
CREATE TABLE `entries` (
  `id` int(11) NOT NULL,
  `sectionId` int(11) NOT NULL,
  `typeId` int(11) DEFAULT NULL,
  `authorId` int(11) DEFAULT NULL,
  `postDate` datetime DEFAULT NULL,
  `expiryDate` datetime DEFAULT NULL,
  `dateCreated` datetime NOT NULL,
  `dateUpdated` datetime NOT NULL,
  `uid` char(36) COLLATE utf8_unicode_ci NOT NULL DEFAULT '0',
  PRIMARY KEY (`id`),
  KEY `entries_sectionId_idx` (`sectionId`),
  KEY `entries_typeId_idx` (`typeId`),
  KEY `entries_postDate_idx` (`postDate`),
  KEY `entries_expiryDate_idx` (`expiryDate`),
  KEY `entries_authorId_fk` (`authorId`)
) ENGINE=InnoDB DEFAULT CHARSET=utf8 COLLATE=utf8_unicode_ci;

--
-- Data for table `entries`
--

INSERT INTO `entries` (`id`, `sectionId`, `typeId`, `authorId`, `postDate`, `expiryDate`, `dateCreated`, `dateUpdated`, `uid`) VALUES ('2', '1', '1', NULL, '2015-04-26 20:07:25', NULL, '2015-04-26 20:07:25', '2015-04-26 20:07:25', '51698b04-7b7a-4d11-ab22-dd23d5a63045');
INSERT INTO `entries` (`id`, `sectionId`, `typeId`, `authorId`, `postDate`, `expiryDate`, `dateCreated`, `dateUpdated`, `uid`) VALUES ('3', '2', '2', '1', '2015-04-26 20:07:25', NULL, '2015-04-26 20:07:25', '2015-04-26 20:07:25', 'bede34d6-fb01-41cf-938f-50c0c6292550');
INSERT INTO `entries` (`id`, `sectionId`, `typeId`, `authorId`, `postDate`, `expiryDate`, `dateCreated`, `dateUpdated`, `uid`) VALUES ('5', '5', '5', NULL, '2015-04-29 01:58:37', NULL, '2015-04-29 01:58:37', '2015-04-29 01:58:37', '21ca004d-1137-4947-add4-d82af47801f0');
INSERT INTO `entries` (`id`, `sectionId`, `typeId`, `authorId`, `postDate`, `expiryDate`, `dateCreated`, `dateUpdated`, `uid`) VALUES ('6', '3', '3', '1', '2015-04-29 04:17:00', NULL, '2015-04-29 04:17:46', '2015-04-30 04:56:07', '99902b9a-5408-44e6-98aa-68ebdc49fb95');
INSERT INTO `entries` (`id`, `sectionId`, `typeId`, `authorId`, `postDate`, `expiryDate`, `dateCreated`, `dateUpdated`, `uid`) VALUES ('9', '3', '3', '1', '2015-04-29 16:40:00', NULL, '2015-04-29 16:40:27', '2015-04-30 04:55:33', '32a6f039-2c63-4334-9c5d-e9f257c3e654');
INSERT INTO `entries` (`id`, `sectionId`, `typeId`, `authorId`, `postDate`, `expiryDate`, `dateCreated`, `dateUpdated`, `uid`) VALUES ('10', '3', '3', '1', '2015-04-30 03:30:00', NULL, '2015-04-30 03:30:18', '2015-04-30 04:55:01', '55ae942f-2361-44d9-b4e4-4069524bde16');



DROP TABLE IF EXISTS `entrydrafts`;


--
-- Schema for table `entrydrafts`
--
CREATE TABLE `entrydrafts` (
  `id` int(11) NOT NULL AUTO_INCREMENT,
  `entryId` int(11) NOT NULL,
  `sectionId` int(11) NOT NULL,
  `creatorId` int(11) NOT NULL,
  `locale` char(12) COLLATE utf8_unicode_ci NOT NULL,
  `name` varchar(255) COLLATE utf8_unicode_ci NOT NULL,
  `notes` tinytext COLLATE utf8_unicode_ci,
  `data` mediumtext COLLATE utf8_unicode_ci NOT NULL,
  `dateCreated` datetime NOT NULL,
  `dateUpdated` datetime NOT NULL,
  `uid` char(36) COLLATE utf8_unicode_ci NOT NULL DEFAULT '0',
  PRIMARY KEY (`id`),
  KEY `entrydrafts_entryId_locale_idx` (`entryId`,`locale`),
  KEY `entrydrafts_sectionId_fk` (`sectionId`),
  KEY `entrydrafts_creatorId_fk` (`creatorId`),
  KEY `entrydrafts_locale_fk` (`locale`)
) ENGINE=InnoDB DEFAULT CHARSET=utf8 COLLATE=utf8_unicode_ci;

DROP TABLE IF EXISTS `entrytypes`;


--
-- Schema for table `entrytypes`
--
CREATE TABLE `entrytypes` (
  `id` int(11) NOT NULL AUTO_INCREMENT,
  `sectionId` int(11) NOT NULL,
  `fieldLayoutId` int(11) DEFAULT NULL,
  `name` varchar(255) COLLATE utf8_unicode_ci NOT NULL,
  `handle` varchar(255) COLLATE utf8_unicode_ci NOT NULL,
  `hasTitleField` tinyint(1) unsigned NOT NULL DEFAULT '1',
  `titleLabel` varchar(255) COLLATE utf8_unicode_ci DEFAULT 'Title',
  `titleFormat` varchar(255) COLLATE utf8_unicode_ci DEFAULT NULL,
  `sortOrder` tinyint(4) DEFAULT NULL,
  `dateCreated` datetime NOT NULL,
  `dateUpdated` datetime NOT NULL,
  `uid` char(36) COLLATE utf8_unicode_ci NOT NULL DEFAULT '0',
  PRIMARY KEY (`id`),
  UNIQUE KEY `entrytypes_name_sectionId_unq_idx` (`name`,`sectionId`),
  UNIQUE KEY `entrytypes_handle_sectionId_unq_idx` (`handle`,`sectionId`),
  KEY `entrytypes_sectionId_fk` (`sectionId`),
  KEY `entrytypes_fieldLayoutId_fk` (`fieldLayoutId`)
) ENGINE=InnoDB AUTO_INCREMENT=7 DEFAULT CHARSET=utf8 COLLATE=utf8_unicode_ci;

--
-- Data for table `entrytypes`
--

INSERT INTO `entrytypes` (`id`, `sectionId`, `fieldLayoutId`, `name`, `handle`, `hasTitleField`, `titleLabel`, `titleFormat`, `sortOrder`, `dateCreated`, `dateUpdated`, `uid`) VALUES ('1', '1', '3', 'Homepage', 'homepage', '1', 'Title', NULL, NULL, '2015-04-26 20:07:25', '2015-04-26 20:07:25', '370413d6-1355-4ebc-8555-71d914f1596d');
INSERT INTO `entrytypes` (`id`, `sectionId`, `fieldLayoutId`, `name`, `handle`, `hasTitleField`, `titleLabel`, `titleFormat`, `sortOrder`, `dateCreated`, `dateUpdated`, `uid`) VALUES ('2', '2', '5', 'News', 'news', '1', 'Title', NULL, NULL, '2015-04-26 20:07:25', '2015-04-26 20:07:25', '157cc014-d795-4054-a457-714c260b08a1');
INSERT INTO `entrytypes` (`id`, `sectionId`, `fieldLayoutId`, `name`, `handle`, `hasTitleField`, `titleLabel`, `titleFormat`, `sortOrder`, `dateCreated`, `dateUpdated`, `uid`) VALUES ('3', '3', '46', 'Main', 'main', '1', 'Title', NULL, NULL, '2015-04-29 01:57:30', '2015-04-30 05:49:56', '2b223ffa-af8b-431b-a5eb-2b7830e9943f');
INSERT INTO `entrytypes` (`id`, `sectionId`, `fieldLayoutId`, `name`, `handle`, `hasTitleField`, `titleLabel`, `titleFormat`, `sortOrder`, `dateCreated`, `dateUpdated`, `uid`) VALUES ('5', '5', '8', 'About', 'about', '0', NULL, '{section.name|raw}', NULL, '2015-04-29 01:58:37', '2015-04-29 01:58:37', '27f3246e-d7f0-4465-863e-a2264840b4f9');



DROP TABLE IF EXISTS `entryversions`;


--
-- Schema for table `entryversions`
--
CREATE TABLE `entryversions` (
  `id` int(11) NOT NULL AUTO_INCREMENT,
  `entryId` int(11) NOT NULL,
  `sectionId` int(11) NOT NULL,
  `creatorId` int(11) DEFAULT NULL,
  `locale` char(12) COLLATE utf8_unicode_ci NOT NULL,
  `num` smallint(6) unsigned NOT NULL,
  `notes` tinytext COLLATE utf8_unicode_ci,
  `data` mediumtext COLLATE utf8_unicode_ci NOT NULL,
  `dateCreated` datetime NOT NULL,
  `dateUpdated` datetime NOT NULL,
  `uid` char(36) COLLATE utf8_unicode_ci NOT NULL DEFAULT '0',
  PRIMARY KEY (`id`),
  KEY `entryversions_entryId_locale_idx` (`entryId`,`locale`),
  KEY `entryversions_sectionId_fk` (`sectionId`),
  KEY `entryversions_creatorId_fk` (`creatorId`),
  KEY `entryversions_locale_fk` (`locale`)
) ENGINE=InnoDB AUTO_INCREMENT=14 DEFAULT CHARSET=utf8 COLLATE=utf8_unicode_ci;

--
-- Data for table `entryversions`
--

INSERT INTO `entryversions` (`id`, `entryId`, `sectionId`, `creatorId`, `locale`, `num`, `notes`, `data`, `dateCreated`, `dateUpdated`, `uid`) VALUES ('1', '6', '3', '1', 'en_us', '1', '', '{\"typeId\":null,\"authorId\":\"1\",\"title\":\"Real-Time Fengshui\",\"slug\":\"real-time-fengshui\",\"postDate\":1430281066,\"expiryDate\":null,\"enabled\":1,\"fields\":{\"10\":\"\",\"11\":\"\",\"12\":\"UX, 2D & 3D Visual Design, Development\",\"3\":\"Fengshui, also known as Geomantic Omen, literally translated to \\u201dwind and water\\u201d in Chinese. Fengshui has some primary disciplines in terms of aesthetics, psychology, and environmental science.\",\"9\":[\"aftereffects\",\"flash\",\"photoshop\",\"blender\",\"css3\",\"html5\",\"javascript\"],\"4\":\"2014\"}}', '2015-04-29 04:17:46', '2015-04-29 04:17:46', '30c7e399-bd64-4721-98db-1e541147969a');
INSERT INTO `entryversions` (`id`, `entryId`, `sectionId`, `creatorId`, `locale`, `num`, `notes`, `data`, `dateCreated`, `dateUpdated`, `uid`) VALUES ('2', '6', '3', '1', 'en_us', '2', '', '{\"typeId\":\"3\",\"authorId\":\"1\",\"title\":\"Real-Time Fengshui\",\"slug\":\"real-time-fengshui\",\"postDate\":1430281020,\"expiryDate\":null,\"enabled\":1,\"fields\":{\"10\":\"\",\"11\":\"\",\"12\":\"UX, 2D & 3D Visual Design, Development\",\"3\":\"Fengshui, also known as Geomantic Omen, literally translated to \\u201dwind and water\\u201d in Chinese. Fengshui has some primary disciplines in terms of aesthetics, psychology, and environmental science.\",\"9\":[\"aftereffects\",\"flash\",\"photoshop\",\"blender\",\"css3\",\"html5\",\"javascript\",\"sketch\",\"webgl\"],\"4\":\"2014\"}}', '2015-04-29 04:18:57', '2015-04-29 04:18:57', 'e8068a81-321a-4297-a96e-b4c2ca1e3238');
INSERT INTO `entryversions` (`id`, `entryId`, `sectionId`, `creatorId`, `locale`, `num`, `notes`, `data`, `dateCreated`, `dateUpdated`, `uid`) VALUES ('3', '6', '3', '1', 'en_us', '3', '', '{\"typeId\":\"3\",\"authorId\":\"1\",\"title\":\"Real-Time Fengshui\",\"slug\":\"real-time-fengshui\",\"postDate\":1430281020,\"expiryDate\":null,\"enabled\":1,\"fields\":{\"10\":\"\",\"11\":\"\",\"13\":[\"7\"],\"12\":\"UX, 2D & 3D Visual Design, Development\",\"3\":\"Fengshui, also known as Geomantic Omen, literally translated to \\u201dwind and water\\u201d in Chinese. Fengshui has some primary disciplines in terms of aesthetics, psychology, and environmental science.\",\"9\":[\"aftereffects\",\"flash\",\"photoshop\",\"blender\",\"css3\",\"html5\",\"javascript\",\"sketch\",\"webgl\"],\"4\":\"2014\"}}', '2015-04-29 15:42:22', '2015-04-29 15:42:22', '7b15c903-c34f-457c-b901-28591bbe3019');
INSERT INTO `entryversions` (`id`, `entryId`, `sectionId`, `creatorId`, `locale`, `num`, `notes`, `data`, `dateCreated`, `dateUpdated`, `uid`) VALUES ('4', '6', '3', '1', 'en_us', '4', '', '{\"typeId\":\"3\",\"authorId\":\"1\",\"title\":\"Real-Time Fengshui\",\"slug\":\"real-time-fengshui\",\"postDate\":1430281020,\"expiryDate\":null,\"enabled\":1,\"fields\":{\"10\":\"\",\"11\":\"\",\"13\":[\"8\"],\"12\":\"UX, 2D & 3D Visual Design, Development\",\"3\":\"Fengshui, also known as Geomantic Omen, literally translated to \\u201dwind and water\\u201d in Chinese. Fengshui has some primary disciplines in terms of aesthetics, psychology, and environmental science.\",\"9\":[\"aftereffects\",\"flash\",\"photoshop\",\"blender\",\"css3\",\"html5\",\"javascript\",\"sketch\",\"webgl\"],\"4\":\"2014\"}}', '2015-04-29 15:42:51', '2015-04-29 15:42:51', '01a011a9-de5a-4e64-96c7-142acd7a863f');
INSERT INTO `entryversions` (`id`, `entryId`, `sectionId`, `creatorId`, `locale`, `num`, `notes`, `data`, `dateCreated`, `dateUpdated`, `uid`) VALUES ('5', '6', '3', '1', 'en_us', '5', '', '{\"typeId\":\"6\",\"authorId\":\"1\",\"title\":\"Summary\",\"slug\":\"real-time-fengshui\",\"postDate\":1430281020,\"expiryDate\":null,\"enabled\":1,\"fields\":[]}', '2015-04-29 15:53:08', '2015-04-29 15:53:08', 'e3b81bd7-7462-46ae-ad15-e346de9ecbba');
INSERT INTO `entryversions` (`id`, `entryId`, `sectionId`, `creatorId`, `locale`, `num`, `notes`, `data`, `dateCreated`, `dateUpdated`, `uid`) VALUES ('6', '6', '3', '1', 'en_us', '6', '', '{\"typeId\":\"3\",\"authorId\":\"1\",\"title\":\"Real-Time Fengshui\",\"slug\":\"real-time-fengshui\",\"postDate\":1430281020,\"expiryDate\":null,\"enabled\":1,\"fields\":{\"10\":\"\",\"11\":\"\",\"13\":[\"8\"],\"12\":\"UX, 2D & 3D Visual Design, Development\",\"3\":\"Fengshui, also known as Geomantic Omen, literally translated to \\u201dwind and water\\u201d in Chinese. Fengshui has some primary disciplines in terms of aesthetics, psychology, and environmental science.\",\"9\":[\"aftereffects\",\"flash\",\"photoshop\",\"blender\",\"css3\",\"html5\",\"javascript\",\"sketch\",\"webgl\"],\"4\":\"2014\"}}', '2015-04-29 15:53:30', '2015-04-29 15:53:30', '373250eb-f64d-4384-af7a-841fcfca7c26');
INSERT INTO `entryversions` (`id`, `entryId`, `sectionId`, `creatorId`, `locale`, `num`, `notes`, `data`, `dateCreated`, `dateUpdated`, `uid`) VALUES ('7', '9', '3', '1', 'en_us', '1', '', '{\"typeId\":null,\"authorId\":\"1\",\"title\":\"Sleep Well Concept\",\"slug\":\"sleep-well-concept\",\"postDate\":1430325627,\"expiryDate\":null,\"enabled\":1,\"fields\":{\"10\":\"\",\"11\":\"\",\"13\":[\"8\"],\"12\":\"UX, Wireframe, Visual Design\",\"3\":\"This is the project description.\",\"9\":[\"photoshop\",\"justinmind\",\"sketch\"],\"4\":\"2014\"}}', '2015-04-29 16:40:27', '2015-04-29 16:40:27', 'd902a7e2-386b-4e12-b394-f41f35cd2d8c');
INSERT INTO `entryversions` (`id`, `entryId`, `sectionId`, `creatorId`, `locale`, `num`, `notes`, `data`, `dateCreated`, `dateUpdated`, `uid`) VALUES ('8', '6', '3', '1', 'en_us', '7', '', '{\"typeId\":\"3\",\"authorId\":\"1\",\"title\":\"Real-Time Fengshui\",\"slug\":\"real-time-fengshui\",\"postDate\":1430281020,\"expiryDate\":null,\"enabled\":1,\"fields\":{\"10\":\"\",\"11\":\"\",\"13\":[\"7\"],\"12\":\"UX, 2D & 3D Visual Design, Development\",\"3\":\"Fengshui, also known as Geomantic Omen, literally translated to \\u201dwind and water\\u201d in Chinese. Fengshui has some primary disciplines in terms of aesthetics, psychology, and environmental science.\",\"9\":[\"aftereffects\",\"flash\",\"photoshop\",\"blender\",\"css3\",\"html5\",\"javascript\",\"sketch\",\"webgl\"],\"4\":\"2014\"}}', '2015-04-29 16:41:09', '2015-04-29 16:41:09', '59185b97-98c2-4c15-ae21-5c944b4f7ae4');
INSERT INTO `entryversions` (`id`, `entryId`, `sectionId`, `creatorId`, `locale`, `num`, `notes`, `data`, `dateCreated`, `dateUpdated`, `uid`) VALUES ('9', '10', '3', '1', 'en_us', '1', '', '{\"typeId\":null,\"authorId\":\"1\",\"title\":\"LivePerson Official Site\",\"slug\":\"liveperson-official-site\",\"postDate\":1430364618,\"expiryDate\":null,\"enabled\":1,\"fields\":{\"10\":\"LivePerson\",\"11\":\"http:\\/\\/www.liveperson.com\\/\",\"13\":[\"7\"],\"12\":\"Visual Design\",\"3\":\"The official website design for LivePerson.\",\"9\":[\"photoshop\"],\"4\":\"2015\"}}', '2015-04-30 03:30:18', '2015-04-30 03:30:18', 'a0c9430a-5994-4c29-a587-1a32f88c68db');
INSERT INTO `entryversions` (`id`, `entryId`, `sectionId`, `creatorId`, `locale`, `num`, `notes`, `data`, `dateCreated`, `dateUpdated`, `uid`) VALUES ('10', '6', '3', '1', 'en_us', '8', '', '{\"typeId\":\"3\",\"authorId\":\"1\",\"title\":\"Real-Time Fengshui\",\"slug\":\"real-time-fengshui\",\"postDate\":1430281020,\"expiryDate\":null,\"enabled\":1,\"fields\":{\"10\":\"\",\"11\":\"\",\"17\":\"\",\"18\":\"\",\"16\":\"\",\"13\":[\"7\"],\"12\":\"UX, 2D & 3D Visual Design, Development\",\"3\":\"Fengshui, also known as Geomantic Omen, literally translated to \\u201dwind and water\\u201d in Chinese. Fengshui has some primary disciplines in terms of aesthetics, psychology, and environmental science.\",\"9\":[\"aftereffects\",\"flash\",\"photoshop\",\"blender\",\"css3\",\"html5\",\"javascript\",\"sketch\",\"webgl\"],\"4\":\"2014\"}}', '2015-04-30 03:49:35', '2015-04-30 03:49:35', '9038e929-2d99-419f-a63a-c6d87bcd4c81');
INSERT INTO `entryversions` (`id`, `entryId`, `sectionId`, `creatorId`, `locale`, `num`, `notes`, `data`, `dateCreated`, `dateUpdated`, `uid`) VALUES ('11', '10', '3', '1', 'en_us', '2', '', '{\"typeId\":\"3\",\"authorId\":\"1\",\"title\":\"LivePerson Official Site\",\"slug\":\"liveperson-official-site\",\"postDate\":1430364600,\"expiryDate\":null,\"enabled\":1,\"fields\":{\"20\":\"<p>This is a cool website.<\\/p>\",\"19\":\"Project Brief\",\"10\":\"LivePerson\",\"11\":\"http:\\/\\/www.liveperson.com\\/\",\"22\":\"<p>I\'ve learned a lot.<\\/p>\",\"21\":\"What I\'ve Learned\",\"17\":\"\",\"18\":\"\",\"16\":\"\",\"13\":[\"7\"],\"12\":\"Visual Design\",\"3\":\"The official website design for LivePerson.\",\"9\":[\"photoshop\"],\"4\":\"2015\"}}', '2015-04-30 04:55:01', '2015-04-30 04:55:01', '13fe07e7-26ba-4021-8e7c-e06f455e2267');
INSERT INTO `entryversions` (`id`, `entryId`, `sectionId`, `creatorId`, `locale`, `num`, `notes`, `data`, `dateCreated`, `dateUpdated`, `uid`) VALUES ('12', '9', '3', '1', 'en_us', '2', '', '{\"typeId\":\"3\",\"authorId\":\"1\",\"title\":\"Sleep Well Concept\",\"slug\":\"sleep-well-concept\",\"postDate\":1430325600,\"expiryDate\":null,\"enabled\":1,\"fields\":{\"20\":\"<p>This is a cool project.<\\/p>\",\"19\":\"Project Brief\",\"10\":\"\",\"11\":\"\",\"22\":\"<p>I\'ve learned a lot.<\\/p>\",\"21\":\"What I\'ve Learned\",\"17\":\"\",\"18\":\"\",\"16\":\"\",\"13\":[\"8\"],\"12\":\"UX, Wireframe, Visual Design\",\"3\":\"This is the project description.\",\"9\":[\"photoshop\",\"justinmind\",\"sketch\"],\"4\":\"2014\"}}', '2015-04-30 04:55:33', '2015-04-30 04:55:33', 'f3db1cff-c1c1-41fe-b8c5-a93486ddd64d');
INSERT INTO `entryversions` (`id`, `entryId`, `sectionId`, `creatorId`, `locale`, `num`, `notes`, `data`, `dateCreated`, `dateUpdated`, `uid`) VALUES ('13', '6', '3', '1', 'en_us', '9', '', '{\"typeId\":\"3\",\"authorId\":\"1\",\"title\":\"Real-Time Fengshui\",\"slug\":\"real-time-fengshui\",\"postDate\":1430281020,\"expiryDate\":null,\"enabled\":1,\"fields\":{\"20\":\"<p>This is a cool project.<\\/p>\",\"19\":\"Project Brief\",\"10\":\"\",\"11\":\"\",\"22\":\"<p>I\'ve learned a lot.<\\/p>\",\"21\":\"What I\'ve Learned\",\"17\":\"\",\"18\":\"\",\"16\":\"\",\"13\":[\"7\"],\"12\":\"UX, 2D & 3D Visual Design, Development\",\"3\":\"Fengshui, also known as Geomantic Omen, literally translated to \\u201dwind and water\\u201d in Chinese. Fengshui has some primary disciplines in terms of aesthetics, psychology, and environmental science.\",\"9\":[\"aftereffects\",\"flash\",\"photoshop\",\"blender\",\"css3\",\"html5\",\"javascript\",\"sketch\",\"webgl\"],\"4\":\"2014\"}}', '2015-04-30 04:56:07', '2015-04-30 04:56:07', '1668b39c-f9c3-42ab-912f-0d1da9f76564');



DROP TABLE IF EXISTS `fieldgroups`;


--
-- Schema for table `fieldgroups`
--
CREATE TABLE `fieldgroups` (
  `id` int(11) NOT NULL AUTO_INCREMENT,
  `name` varchar(255) COLLATE utf8_unicode_ci NOT NULL,
  `dateCreated` datetime NOT NULL,
  `dateUpdated` datetime NOT NULL,
  `uid` char(36) COLLATE utf8_unicode_ci NOT NULL DEFAULT '0',
  PRIMARY KEY (`id`),
  UNIQUE KEY `fieldgroups_name_unq_idx` (`name`)
) ENGINE=InnoDB AUTO_INCREMENT=4 DEFAULT CHARSET=utf8 COLLATE=utf8_unicode_ci;

--
-- Data for table `fieldgroups`
--

INSERT INTO `fieldgroups` (`id`, `name`, `dateCreated`, `dateUpdated`, `uid`) VALUES ('1', 'Default', '2015-04-26 20:07:25', '2015-04-26 20:07:25', 'ec1c310b-6675-411b-a75c-d07b7693381c');
INSERT INTO `fieldgroups` (`id`, `name`, `dateCreated`, `dateUpdated`, `uid`) VALUES ('2', 'Project', '2015-04-29 03:42:05', '2015-04-29 03:42:05', 'b9541f0a-a5b5-4985-9dca-9ddbfb595a98');
INSERT INTO `fieldgroups` (`id`, `name`, `dateCreated`, `dateUpdated`, `uid`) VALUES ('3', 'SEO', '2015-04-30 03:33:33', '2015-04-30 03:33:33', '962a4be7-bb0d-4295-81a1-fae5482a1f24');



DROP TABLE IF EXISTS `fieldlayoutfields`;


--
-- Schema for table `fieldlayoutfields`
--
CREATE TABLE `fieldlayoutfields` (
  `id` int(11) NOT NULL AUTO_INCREMENT,
  `layoutId` int(11) NOT NULL,
  `tabId` int(11) NOT NULL,
  `fieldId` int(11) NOT NULL,
  `required` tinyint(1) unsigned NOT NULL DEFAULT '0',
  `sortOrder` tinyint(4) DEFAULT NULL,
  `dateCreated` datetime NOT NULL,
  `dateUpdated` datetime NOT NULL,
  `uid` char(36) COLLATE utf8_unicode_ci NOT NULL DEFAULT '0',
  PRIMARY KEY (`id`),
  UNIQUE KEY `fieldlayoutfields_layoutId_fieldId_unq_idx` (`layoutId`,`fieldId`),
  KEY `fieldlayoutfields_sortOrder_idx` (`sortOrder`),
  KEY `fieldlayoutfields_tabId_fk` (`tabId`),
  KEY `fieldlayoutfields_fieldId_fk` (`fieldId`)
) ENGINE=InnoDB AUTO_INCREMENT=211 DEFAULT CHARSET=utf8 COLLATE=utf8_unicode_ci;

--
-- Data for table `fieldlayoutfields`
--

INSERT INTO `fieldlayoutfields` (`id`, `layoutId`, `tabId`, `fieldId`, `required`, `sortOrder`, `dateCreated`, `dateUpdated`, `uid`) VALUES ('1', '3', '1', '1', '1', '1', '2015-04-26 20:07:25', '2015-04-26 20:07:25', 'f6552004-8cc2-4ac7-9a4a-b6e7f8eebd12');
INSERT INTO `fieldlayoutfields` (`id`, `layoutId`, `tabId`, `fieldId`, `required`, `sortOrder`, `dateCreated`, `dateUpdated`, `uid`) VALUES ('2', '5', '2', '1', '1', '1', '2015-04-26 20:07:25', '2015-04-26 20:07:25', '9a11372d-9178-4a17-9348-4780129ffb1e');
INSERT INTO `fieldlayoutfields` (`id`, `layoutId`, `tabId`, `fieldId`, `required`, `sortOrder`, `dateCreated`, `dateUpdated`, `uid`) VALUES ('3', '5', '2', '2', '0', '2', '2015-04-26 20:07:25', '2015-04-26 20:07:25', 'aaa84827-e07c-4b3e-9a27-26ccaf2f0299');
INSERT INTO `fieldlayoutfields` (`id`, `layoutId`, `tabId`, `fieldId`, `required`, `sortOrder`, `dateCreated`, `dateUpdated`, `uid`) VALUES ('8', '11', '5', '5', '1', '1', '2015-04-29 04:07:24', '2015-04-29 04:07:24', '7cc97f25-c937-4e02-a7f4-5403773870f6');
INSERT INTO `fieldlayoutfields` (`id`, `layoutId`, `tabId`, `fieldId`, `required`, `sortOrder`, `dateCreated`, `dateUpdated`, `uid`) VALUES ('9', '11', '5', '6', '1', '2', '2015-04-29 04:07:24', '2015-04-29 04:07:24', 'e0b3355d-56e2-48a2-bf3b-8abb81b0e05d');
INSERT INTO `fieldlayoutfields` (`id`, `layoutId`, `tabId`, `fieldId`, `required`, `sortOrder`, `dateCreated`, `dateUpdated`, `uid`) VALUES ('10', '11', '5', '7', '0', '3', '2015-04-29 04:07:24', '2015-04-29 04:07:24', '661d032d-79d2-436d-b55b-107bf20c43ea');
INSERT INTO `fieldlayoutfields` (`id`, `layoutId`, `tabId`, `fieldId`, `required`, `sortOrder`, `dateCreated`, `dateUpdated`, `uid`) VALUES ('11', '11', '5', '8', '1', '4', '2015-04-29 04:07:24', '2015-04-29 04:07:24', '15b4b7ca-6669-4273-a786-4bd3e90baaee');
INSERT INTO `fieldlayoutfields` (`id`, `layoutId`, `tabId`, `fieldId`, `required`, `sortOrder`, `dateCreated`, `dateUpdated`, `uid`) VALUES ('18', '13', '7', '3', '1', '1', '2015-04-29 04:15:56', '2015-04-29 04:15:56', 'd4f839f6-0142-4433-b380-d679eea5b1de');
INSERT INTO `fieldlayoutfields` (`id`, `layoutId`, `tabId`, `fieldId`, `required`, `sortOrder`, `dateCreated`, `dateUpdated`, `uid`) VALUES ('19', '13', '7', '4', '1', '2', '2015-04-29 04:15:56', '2015-04-29 04:15:56', '04c23147-9dd2-4f75-b490-d9f43f69459c');
INSERT INTO `fieldlayoutfields` (`id`, `layoutId`, `tabId`, `fieldId`, `required`, `sortOrder`, `dateCreated`, `dateUpdated`, `uid`) VALUES ('20', '13', '7', '10', '0', '3', '2015-04-29 04:15:56', '2015-04-29 04:15:56', '06479c9d-257e-4d3a-988f-6167dd03e64d');
INSERT INTO `fieldlayoutfields` (`id`, `layoutId`, `tabId`, `fieldId`, `required`, `sortOrder`, `dateCreated`, `dateUpdated`, `uid`) VALUES ('21', '13', '7', '11', '0', '4', '2015-04-29 04:15:56', '2015-04-29 04:15:56', 'a6616823-2607-4345-8c06-65dc274c195d');
INSERT INTO `fieldlayoutfields` (`id`, `layoutId`, `tabId`, `fieldId`, `required`, `sortOrder`, `dateCreated`, `dateUpdated`, `uid`) VALUES ('22', '13', '7', '12', '1', '5', '2015-04-29 04:15:56', '2015-04-29 04:15:56', 'dc34c5fb-7e0f-4e4b-8e65-73a6cc3d9f54');
INSERT INTO `fieldlayoutfields` (`id`, `layoutId`, `tabId`, `fieldId`, `required`, `sortOrder`, `dateCreated`, `dateUpdated`, `uid`) VALUES ('23', '13', '7', '9', '1', '6', '2015-04-29 04:15:56', '2015-04-29 04:15:56', '04e9e9b2-b24e-4979-a482-8e03f14076fd');
INSERT INTO `fieldlayoutfields` (`id`, `layoutId`, `tabId`, `fieldId`, `required`, `sortOrder`, `dateCreated`, `dateUpdated`, `uid`) VALUES ('52', '26', '12', '14', '1', '1', '2015-04-29 16:50:05', '2015-04-29 16:50:05', '4f82b104-be98-4dce-803a-be72e67c074a');
INSERT INTO `fieldlayoutfields` (`id`, `layoutId`, `tabId`, `fieldId`, `required`, `sortOrder`, `dateCreated`, `dateUpdated`, `uid`) VALUES ('53', '26', '12', '15', '1', '2', '2015-04-29 16:50:05', '2015-04-29 16:50:05', '887d98f0-372b-4244-8387-b5a65a262f56');
INSERT INTO `fieldlayoutfields` (`id`, `layoutId`, `tabId`, `fieldId`, `required`, `sortOrder`, `dateCreated`, `dateUpdated`, `uid`) VALUES ('140', '40', '30', '26', '1', '1', '2015-04-30 05:34:00', '2015-04-30 05:34:00', 'ee24ef38-a0a9-453e-9298-167241dca5fd');
INSERT INTO `fieldlayoutfields` (`id`, `layoutId`, `tabId`, `fieldId`, `required`, `sortOrder`, `dateCreated`, `dateUpdated`, `uid`) VALUES ('141', '40', '30', '27', '1', '2', '2015-04-30 05:34:00', '2015-04-30 05:34:00', '3da94231-d462-4d92-ae41-561919fef374');
INSERT INTO `fieldlayoutfields` (`id`, `layoutId`, `tabId`, `fieldId`, `required`, `sortOrder`, `dateCreated`, `dateUpdated`, `uid`) VALUES ('142', '40', '30', '28', '1', '3', '2015-04-30 05:34:00', '2015-04-30 05:34:00', 'b0e2832c-80e6-47b5-9452-b1ca4e3c6714');
INSERT INTO `fieldlayoutfields` (`id`, `layoutId`, `tabId`, `fieldId`, `required`, `sortOrder`, `dateCreated`, `dateUpdated`, `uid`) VALUES ('143', '40', '30', '29', '1', '4', '2015-04-30 05:34:00', '2015-04-30 05:34:00', 'c0e2d7c5-72a1-4876-a82a-2dc72354a196');
INSERT INTO `fieldlayoutfields` (`id`, `layoutId`, `tabId`, `fieldId`, `required`, `sortOrder`, `dateCreated`, `dateUpdated`, `uid`) VALUES ('144', '41', '31', '30', '1', '1', '2015-04-30 05:34:01', '2015-04-30 05:34:01', 'a9df04ce-b1c7-4543-8d09-7dd408f6abe6');
INSERT INTO `fieldlayoutfields` (`id`, `layoutId`, `tabId`, `fieldId`, `required`, `sortOrder`, `dateCreated`, `dateUpdated`, `uid`) VALUES ('145', '41', '31', '31', '1', '2', '2015-04-30 05:34:01', '2015-04-30 05:34:01', '323e1ce3-6340-4ef9-998e-c3e32fe16bd5');
INSERT INTO `fieldlayoutfields` (`id`, `layoutId`, `tabId`, `fieldId`, `required`, `sortOrder`, `dateCreated`, `dateUpdated`, `uid`) VALUES ('146', '41', '31', '32', '1', '3', '2015-04-30 05:34:01', '2015-04-30 05:34:01', '60d7394e-b7ef-41a2-8c12-f399784386eb');
INSERT INTO `fieldlayoutfields` (`id`, `layoutId`, `tabId`, `fieldId`, `required`, `sortOrder`, `dateCreated`, `dateUpdated`, `uid`) VALUES ('147', '41', '31', '33', '1', '4', '2015-04-30 05:34:01', '2015-04-30 05:34:01', '20c4b0fc-3bf7-442f-b43b-6b0ff0d671c0');
INSERT INTO `fieldlayoutfields` (`id`, `layoutId`, `tabId`, `fieldId`, `required`, `sortOrder`, `dateCreated`, `dateUpdated`, `uid`) VALUES ('148', '41', '31', '34', '1', '5', '2015-04-30 05:34:01', '2015-04-30 05:34:01', '974a4048-f766-41a7-a3f6-7db8df9bc8f5');
INSERT INTO `fieldlayoutfields` (`id`, `layoutId`, `tabId`, `fieldId`, `required`, `sortOrder`, `dateCreated`, `dateUpdated`, `uid`) VALUES ('149', '41', '31', '35', '1', '6', '2015-04-30 05:34:01', '2015-04-30 05:34:01', '86f951c9-3d61-4c92-90c4-53bbe6ea4593');
INSERT INTO `fieldlayoutfields` (`id`, `layoutId`, `tabId`, `fieldId`, `required`, `sortOrder`, `dateCreated`, `dateUpdated`, `uid`) VALUES ('150', '42', '32', '36', '1', '1', '2015-04-30 05:34:01', '2015-04-30 05:34:01', '8f142f90-7b75-446a-bc0f-8d3599fee029');
INSERT INTO `fieldlayoutfields` (`id`, `layoutId`, `tabId`, `fieldId`, `required`, `sortOrder`, `dateCreated`, `dateUpdated`, `uid`) VALUES ('151', '42', '32', '37', '1', '2', '2015-04-30 05:34:01', '2015-04-30 05:34:01', 'a27026d4-aade-4c8d-a99d-ecb9a0e725fc');
INSERT INTO `fieldlayoutfields` (`id`, `layoutId`, `tabId`, `fieldId`, `required`, `sortOrder`, `dateCreated`, `dateUpdated`, `uid`) VALUES ('152', '42', '32', '38', '1', '3', '2015-04-30 05:34:01', '2015-04-30 05:34:01', '7d81773e-90c7-4c75-b5f7-f352ce991c79');
INSERT INTO `fieldlayoutfields` (`id`, `layoutId`, `tabId`, `fieldId`, `required`, `sortOrder`, `dateCreated`, `dateUpdated`, `uid`) VALUES ('170', '44', '36', '40', '1', '1', '2015-04-30 05:42:48', '2015-04-30 05:42:48', 'ea64d587-66b6-4c18-9e25-5508788aa6fe');
INSERT INTO `fieldlayoutfields` (`id`, `layoutId`, `tabId`, `fieldId`, `required`, `sortOrder`, `dateCreated`, `dateUpdated`, `uid`) VALUES ('171', '44', '36', '41', '1', '2', '2015-04-30 05:42:48', '2015-04-30 05:42:48', 'b73222cd-8826-4700-931d-caca683bd05b');
INSERT INTO `fieldlayoutfields` (`id`, `layoutId`, `tabId`, `fieldId`, `required`, `sortOrder`, `dateCreated`, `dateUpdated`, `uid`) VALUES ('190', '46', '40', '13', '1', '1', '2015-04-30 05:49:56', '2015-04-30 05:49:56', 'dae88323-5494-41eb-8ce3-0127bcc129a5');
INSERT INTO `fieldlayoutfields` (`id`, `layoutId`, `tabId`, `fieldId`, `required`, `sortOrder`, `dateCreated`, `dateUpdated`, `uid`) VALUES ('191', '46', '40', '3', '1', '2', '2015-04-30 05:49:56', '2015-04-30 05:49:56', 'af21100d-b379-4846-a77d-d71171dc108e');
INSERT INTO `fieldlayoutfields` (`id`, `layoutId`, `tabId`, `fieldId`, `required`, `sortOrder`, `dateCreated`, `dateUpdated`, `uid`) VALUES ('192', '46', '40', '4', '1', '3', '2015-04-30 05:49:56', '2015-04-30 05:49:56', 'e2f1b66a-843a-417d-b8df-76b3d858c7ba');
INSERT INTO `fieldlayoutfields` (`id`, `layoutId`, `tabId`, `fieldId`, `required`, `sortOrder`, `dateCreated`, `dateUpdated`, `uid`) VALUES ('193', '46', '40', '10', '0', '4', '2015-04-30 05:49:56', '2015-04-30 05:49:56', 'b15bc448-4b20-422d-916f-9677443fb089');
INSERT INTO `fieldlayoutfields` (`id`, `layoutId`, `tabId`, `fieldId`, `required`, `sortOrder`, `dateCreated`, `dateUpdated`, `uid`) VALUES ('194', '46', '40', '11', '0', '5', '2015-04-30 05:49:56', '2015-04-30 05:49:56', '08aa588e-b365-4389-8819-ee597c08b5d8');
INSERT INTO `fieldlayoutfields` (`id`, `layoutId`, `tabId`, `fieldId`, `required`, `sortOrder`, `dateCreated`, `dateUpdated`, `uid`) VALUES ('195', '46', '40', '12', '1', '6', '2015-04-30 05:49:56', '2015-04-30 05:49:56', '90b9e940-1c33-4013-b167-0c4fc86126e4');
INSERT INTO `fieldlayoutfields` (`id`, `layoutId`, `tabId`, `fieldId`, `required`, `sortOrder`, `dateCreated`, `dateUpdated`, `uid`) VALUES ('196', '46', '40', '9', '1', '7', '2015-04-30 05:49:56', '2015-04-30 05:49:56', '1902eb10-ce76-42fa-b5d4-4886dd54603a');
INSERT INTO `fieldlayoutfields` (`id`, `layoutId`, `tabId`, `fieldId`, `required`, `sortOrder`, `dateCreated`, `dateUpdated`, `uid`) VALUES ('197', '46', '40', '42', '0', '8', '2015-04-30 05:49:56', '2015-04-30 05:49:56', 'b34d9876-afc4-408b-91b8-76de1bf99b20');
INSERT INTO `fieldlayoutfields` (`id`, `layoutId`, `tabId`, `fieldId`, `required`, `sortOrder`, `dateCreated`, `dateUpdated`, `uid`) VALUES ('198', '46', '40', '44', '0', '9', '2015-04-30 05:49:56', '2015-04-30 05:49:56', '80a0e2c3-c6b6-4f13-bb11-86b08bb92397');
INSERT INTO `fieldlayoutfields` (`id`, `layoutId`, `tabId`, `fieldId`, `required`, `sortOrder`, `dateCreated`, `dateUpdated`, `uid`) VALUES ('199', '46', '40', '43', '0', '10', '2015-04-30 05:49:56', '2015-04-30 05:49:56', '42cba270-31fa-4eaf-8177-17c3206adcdd');
INSERT INTO `fieldlayoutfields` (`id`, `layoutId`, `tabId`, `fieldId`, `required`, `sortOrder`, `dateCreated`, `dateUpdated`, `uid`) VALUES ('200', '46', '41', '19', '1', '1', '2015-04-30 05:49:56', '2015-04-30 05:49:56', '6eb4620b-0082-45e8-8a29-f576cf9ff9e6');
INSERT INTO `fieldlayoutfields` (`id`, `layoutId`, `tabId`, `fieldId`, `required`, `sortOrder`, `dateCreated`, `dateUpdated`, `uid`) VALUES ('201', '46', '41', '20', '1', '2', '2015-04-30 05:49:56', '2015-04-30 05:49:56', '37687f87-feab-4b9e-95ea-6bbaac3c5780');
INSERT INTO `fieldlayoutfields` (`id`, `layoutId`, `tabId`, `fieldId`, `required`, `sortOrder`, `dateCreated`, `dateUpdated`, `uid`) VALUES ('202', '46', '41', '23', '0', '3', '2015-04-30 05:49:56', '2015-04-30 05:49:56', 'd4a29592-782f-4069-a616-04fa39bf5b02');
INSERT INTO `fieldlayoutfields` (`id`, `layoutId`, `tabId`, `fieldId`, `required`, `sortOrder`, `dateCreated`, `dateUpdated`, `uid`) VALUES ('203', '46', '41', '24', '0', '4', '2015-04-30 05:49:56', '2015-04-30 05:49:56', 'f3d4cc62-0661-455f-b572-4389bf491853');
INSERT INTO `fieldlayoutfields` (`id`, `layoutId`, `tabId`, `fieldId`, `required`, `sortOrder`, `dateCreated`, `dateUpdated`, `uid`) VALUES ('204', '46', '41', '39', '0', '5', '2015-04-30 05:49:56', '2015-04-30 05:49:56', '9a2060b8-b67f-4f3b-837b-9fdb22759b51');
INSERT INTO `fieldlayoutfields` (`id`, `layoutId`, `tabId`, `fieldId`, `required`, `sortOrder`, `dateCreated`, `dateUpdated`, `uid`) VALUES ('205', '46', '41', '25', '1', '6', '2015-04-30 05:49:56', '2015-04-30 05:49:56', '3efb67f0-7b4d-4d34-aa80-dac401cc69c6');
INSERT INTO `fieldlayoutfields` (`id`, `layoutId`, `tabId`, `fieldId`, `required`, `sortOrder`, `dateCreated`, `dateUpdated`, `uid`) VALUES ('206', '46', '41', '21', '0', '7', '2015-04-30 05:49:56', '2015-04-30 05:49:56', 'b22e6dba-7fb4-4ed8-8c73-7c0855f48b9d');
INSERT INTO `fieldlayoutfields` (`id`, `layoutId`, `tabId`, `fieldId`, `required`, `sortOrder`, `dateCreated`, `dateUpdated`, `uid`) VALUES ('207', '46', '41', '22', '0', '8', '2015-04-30 05:49:56', '2015-04-30 05:49:56', '54745e4f-1265-4953-bf11-80a398b9bdde');
INSERT INTO `fieldlayoutfields` (`id`, `layoutId`, `tabId`, `fieldId`, `required`, `sortOrder`, `dateCreated`, `dateUpdated`, `uid`) VALUES ('208', '46', '42', '16', '0', '1', '2015-04-30 05:49:56', '2015-04-30 05:49:56', '805d5961-055c-40ee-be6b-4b9b77da6f4c');
INSERT INTO `fieldlayoutfields` (`id`, `layoutId`, `tabId`, `fieldId`, `required`, `sortOrder`, `dateCreated`, `dateUpdated`, `uid`) VALUES ('209', '46', '42', '17', '0', '2', '2015-04-30 05:49:56', '2015-04-30 05:49:56', 'd6f991aa-0da3-4f2e-93fd-d525228c1187');
INSERT INTO `fieldlayoutfields` (`id`, `layoutId`, `tabId`, `fieldId`, `required`, `sortOrder`, `dateCreated`, `dateUpdated`, `uid`) VALUES ('210', '46', '42', '18', '0', '3', '2015-04-30 05:49:56', '2015-04-30 05:49:56', 'c235994e-6628-4a9e-8add-c0c99aa98f5b');



DROP TABLE IF EXISTS `fieldlayouts`;


--
-- Schema for table `fieldlayouts`
--
CREATE TABLE `fieldlayouts` (
  `id` int(11) NOT NULL AUTO_INCREMENT,
  `type` varchar(150) COLLATE utf8_unicode_ci NOT NULL,
  `dateCreated` datetime NOT NULL,
  `dateUpdated` datetime NOT NULL,
  `uid` char(36) COLLATE utf8_unicode_ci NOT NULL DEFAULT '0',
  PRIMARY KEY (`id`),
  KEY `fieldlayouts_type_idx` (`type`)
) ENGINE=InnoDB AUTO_INCREMENT=47 DEFAULT CHARSET=utf8 COLLATE=utf8_unicode_ci;

--
-- Data for table `fieldlayouts`
--

INSERT INTO `fieldlayouts` (`id`, `type`, `dateCreated`, `dateUpdated`, `uid`) VALUES ('1', 'Tag', '2015-04-26 20:07:25', '2015-04-26 20:07:25', 'a7bf2a7d-f0b3-4d62-b9b0-db02cdd11d7b');
INSERT INTO `fieldlayouts` (`id`, `type`, `dateCreated`, `dateUpdated`, `uid`) VALUES ('3', 'Entry', '2015-04-26 20:07:25', '2015-04-26 20:07:25', '7556e555-b5fe-4b55-ac15-5c973214b09c');
INSERT INTO `fieldlayouts` (`id`, `type`, `dateCreated`, `dateUpdated`, `uid`) VALUES ('5', 'Entry', '2015-04-26 20:07:25', '2015-04-26 20:07:25', '02e0681f-5b29-4768-9d4b-64b24c717021');
INSERT INTO `fieldlayouts` (`id`, `type`, `dateCreated`, `dateUpdated`, `uid`) VALUES ('8', 'Entry', '2015-04-29 01:58:37', '2015-04-29 01:58:37', '2c3054a5-5368-47b1-9064-38c34a54c7a6');
INSERT INTO `fieldlayouts` (`id`, `type`, `dateCreated`, `dateUpdated`, `uid`) VALUES ('11', 'MatrixBlock', '2015-04-29 04:07:24', '2015-04-29 04:07:24', '6ceaeed3-4908-4eeb-ac11-016e91d51d74');
INSERT INTO `fieldlayouts` (`id`, `type`, `dateCreated`, `dateUpdated`, `uid`) VALUES ('13', 'Entry', '2015-04-29 04:15:56', '2015-04-29 04:15:56', '77d1220d-f0e7-4115-9fe3-6f35e02ef127');
INSERT INTO `fieldlayouts` (`id`, `type`, `dateCreated`, `dateUpdated`, `uid`) VALUES ('26', 'Category', '2015-04-29 16:50:05', '2015-04-29 16:50:05', '40775271-27cb-4445-9be5-c2b04d432030');
INSERT INTO `fieldlayouts` (`id`, `type`, `dateCreated`, `dateUpdated`, `uid`) VALUES ('36', 'Asset', '2015-04-30 04:06:09', '2015-04-30 04:06:09', 'bdb73016-8f2f-452b-9024-b33a0f39260b');
INSERT INTO `fieldlayouts` (`id`, `type`, `dateCreated`, `dateUpdated`, `uid`) VALUES ('40', 'MatrixBlock', '2015-04-30 05:34:00', '2015-04-30 05:34:00', '823c0cd9-3c96-4e56-a81d-6666b72d4f32');
INSERT INTO `fieldlayouts` (`id`, `type`, `dateCreated`, `dateUpdated`, `uid`) VALUES ('41', 'MatrixBlock', '2015-04-30 05:34:01', '2015-04-30 05:34:01', '25df93d9-ab74-4938-9366-20e702859453');
INSERT INTO `fieldlayouts` (`id`, `type`, `dateCreated`, `dateUpdated`, `uid`) VALUES ('42', 'MatrixBlock', '2015-04-30 05:34:01', '2015-04-30 05:34:01', '66f7ba59-3596-4ae2-80e4-2bb9ce986b4e');
INSERT INTO `fieldlayouts` (`id`, `type`, `dateCreated`, `dateUpdated`, `uid`) VALUES ('44', 'MatrixBlock', '2015-04-30 05:42:48', '2015-04-30 05:42:48', '77b0560d-88f6-4307-a617-8ab31a80ce80');
INSERT INTO `fieldlayouts` (`id`, `type`, `dateCreated`, `dateUpdated`, `uid`) VALUES ('46', 'Entry', '2015-04-30 05:49:56', '2015-04-30 05:49:56', 'bb7e81f6-c59f-4366-8b10-0aa16d1d3474');



DROP TABLE IF EXISTS `fieldlayouttabs`;


--
-- Schema for table `fieldlayouttabs`
--
CREATE TABLE `fieldlayouttabs` (
  `id` int(11) NOT NULL AUTO_INCREMENT,
  `layoutId` int(11) NOT NULL,
  `name` varchar(255) COLLATE utf8_unicode_ci NOT NULL,
  `sortOrder` tinyint(4) DEFAULT NULL,
  `dateCreated` datetime NOT NULL,
  `dateUpdated` datetime NOT NULL,
  `uid` char(36) COLLATE utf8_unicode_ci NOT NULL DEFAULT '0',
  PRIMARY KEY (`id`),
  KEY `fieldlayouttabs_sortOrder_idx` (`sortOrder`),
  KEY `fieldlayouttabs_layoutId_fk` (`layoutId`)
) ENGINE=InnoDB AUTO_INCREMENT=43 DEFAULT CHARSET=utf8 COLLATE=utf8_unicode_ci;

--
-- Data for table `fieldlayouttabs`
--

INSERT INTO `fieldlayouttabs` (`id`, `layoutId`, `name`, `sortOrder`, `dateCreated`, `dateUpdated`, `uid`) VALUES ('1', '3', 'Content', '1', '2015-04-26 20:07:25', '2015-04-26 20:07:25', 'c5a99240-c0e9-4324-a41d-78cc01aadfe3');
INSERT INTO `fieldlayouttabs` (`id`, `layoutId`, `name`, `sortOrder`, `dateCreated`, `dateUpdated`, `uid`) VALUES ('2', '5', 'Content', '1', '2015-04-26 20:07:25', '2015-04-26 20:07:25', 'f52c6ecc-f80e-4e39-ab37-596451d3f574');
INSERT INTO `fieldlayouttabs` (`id`, `layoutId`, `name`, `sortOrder`, `dateCreated`, `dateUpdated`, `uid`) VALUES ('5', '11', 'Content', '1', '2015-04-29 04:07:24', '2015-04-29 04:07:24', '06cc0cd6-a282-457f-a30d-36fa71e2fe0e');
INSERT INTO `fieldlayouttabs` (`id`, `layoutId`, `name`, `sortOrder`, `dateCreated`, `dateUpdated`, `uid`) VALUES ('7', '13', 'Lab', '1', '2015-04-29 04:15:56', '2015-04-29 04:15:56', '02f95f69-87f8-4ff7-ba7d-d444172ed6f0');
INSERT INTO `fieldlayouttabs` (`id`, `layoutId`, `name`, `sortOrder`, `dateCreated`, `dateUpdated`, `uid`) VALUES ('12', '26', 'Content', '1', '2015-04-29 16:50:05', '2015-04-29 16:50:05', 'e805a3de-92f9-4b38-be38-c1e5d08beb5f');
INSERT INTO `fieldlayouttabs` (`id`, `layoutId`, `name`, `sortOrder`, `dateCreated`, `dateUpdated`, `uid`) VALUES ('30', '40', 'Content', '1', '2015-04-30 05:34:00', '2015-04-30 05:34:00', '515ce864-1519-4133-bd4d-5f67ff2fe9ca');
INSERT INTO `fieldlayouttabs` (`id`, `layoutId`, `name`, `sortOrder`, `dateCreated`, `dateUpdated`, `uid`) VALUES ('31', '41', 'Content', '1', '2015-04-30 05:34:01', '2015-04-30 05:34:01', '5c300301-3e7e-4a91-9dff-ec78858970eb');
INSERT INTO `fieldlayouttabs` (`id`, `layoutId`, `name`, `sortOrder`, `dateCreated`, `dateUpdated`, `uid`) VALUES ('32', '42', 'Content', '1', '2015-04-30 05:34:01', '2015-04-30 05:34:01', '969ca3d1-30a4-44b3-8545-48111e3c3ea8');
INSERT INTO `fieldlayouttabs` (`id`, `layoutId`, `name`, `sortOrder`, `dateCreated`, `dateUpdated`, `uid`) VALUES ('36', '44', 'Content', '1', '2015-04-30 05:42:48', '2015-04-30 05:42:48', '6906c5cd-48bb-4f5c-8abc-12bb968f8274');
INSERT INTO `fieldlayouttabs` (`id`, `layoutId`, `name`, `sortOrder`, `dateCreated`, `dateUpdated`, `uid`) VALUES ('40', '46', 'Information', '1', '2015-04-30 05:49:56', '2015-04-30 05:49:56', '19a772b4-8c0d-4cbe-a769-fd4d6ac099a6');
INSERT INTO `fieldlayouttabs` (`id`, `layoutId`, `name`, `sortOrder`, `dateCreated`, `dateUpdated`, `uid`) VALUES ('41', '46', 'Content', '2', '2015-04-30 05:49:56', '2015-04-30 05:49:56', '24f8e2a9-3f1b-4638-8570-962a988eeca5');
INSERT INTO `fieldlayouttabs` (`id`, `layoutId`, `name`, `sortOrder`, `dateCreated`, `dateUpdated`, `uid`) VALUES ('42', '46', 'SEO', '3', '2015-04-30 05:49:56', '2015-04-30 05:49:56', 'eba7a22d-6d54-405a-80cf-19e387224635');



DROP TABLE IF EXISTS `fields`;


--
-- Schema for table `fields`
--
CREATE TABLE `fields` (
  `id` int(11) NOT NULL AUTO_INCREMENT,
  `groupId` int(11) DEFAULT NULL,
  `name` varchar(255) COLLATE utf8_unicode_ci NOT NULL,
  `handle` varchar(58) COLLATE utf8_unicode_ci NOT NULL,
  `context` varchar(255) COLLATE utf8_unicode_ci NOT NULL DEFAULT 'global',
  `instructions` text COLLATE utf8_unicode_ci,
  `translatable` tinyint(1) unsigned NOT NULL DEFAULT '0',
  `type` varchar(150) COLLATE utf8_unicode_ci NOT NULL,
  `settings` text COLLATE utf8_unicode_ci,
  `dateCreated` datetime NOT NULL,
  `dateUpdated` datetime NOT NULL,
  `uid` char(36) COLLATE utf8_unicode_ci NOT NULL DEFAULT '0',
  PRIMARY KEY (`id`),
  UNIQUE KEY `fields_handle_context_unq_idx` (`handle`,`context`),
  KEY `fields_context_idx` (`context`),
  KEY `fields_groupId_fk` (`groupId`)
) ENGINE=InnoDB AUTO_INCREMENT=45 DEFAULT CHARSET=utf8 COLLATE=utf8_unicode_ci;

--
-- Data for table `fields`
--

INSERT INTO `fields` (`id`, `groupId`, `name`, `handle`, `context`, `instructions`, `translatable`, `type`, `settings`, `dateCreated`, `dateUpdated`, `uid`) VALUES ('1', '1', 'Body', 'body', 'global', NULL, '1', 'RichText', '{\"configFile\":\"Standard.json\",\"columnType\":\"text\"}', '2015-04-26 20:07:25', '2015-04-26 20:07:25', '86b70967-5074-4f5c-b677-503f26e87648');
INSERT INTO `fields` (`id`, `groupId`, `name`, `handle`, `context`, `instructions`, `translatable`, `type`, `settings`, `dateCreated`, `dateUpdated`, `uid`) VALUES ('2', '1', 'Tags', 'tags', 'global', NULL, '0', 'Tags', '{\"source\":\"taggroup:1\"}', '2015-04-26 20:07:25', '2015-04-26 20:07:25', '1b11395e-4e59-4c7d-af21-8a7dfca902e7');
INSERT INTO `fields` (`id`, `groupId`, `name`, `handle`, `context`, `instructions`, `translatable`, `type`, `settings`, `dateCreated`, `dateUpdated`, `uid`) VALUES ('3', '2', 'Short Description', 'shortDescription', 'global', 'The project short description displayed on home page.', '0', 'PlainText', '{\"placeholder\":\"Short description goes here.\",\"maxLength\":\"200\",\"multiline\":\"\",\"initialRows\":\"4\"}', '2015-04-29 03:45:49', '2015-04-29 03:45:49', 'd2a6b5c7-ecf6-49ca-9ac8-8313680d061e');
INSERT INTO `fields` (`id`, `groupId`, `name`, `handle`, `context`, `instructions`, `translatable`, `type`, `settings`, `dateCreated`, `dateUpdated`, `uid`) VALUES ('4', '2', 'Year', 'year', 'global', 'The year of creation.', '0', 'Number', '{\"min\":\"1988\",\"max\":\"9999\",\"decimals\":\"0\"}', '2015-04-29 03:50:23', '2015-04-29 04:09:21', 'dafe209b-b6ba-4803-ac81-f8fa484b35fc');
INSERT INTO `fields` (`id`, `groupId`, `name`, `handle`, `context`, `instructions`, `translatable`, `type`, `settings`, `dateCreated`, `dateUpdated`, `uid`) VALUES ('5', NULL, 'Year', 'year', 'matrixBlockType:1', 'The year of project completion.', '0', 'Number', '{\"min\":\"1988\",\"max\":\"9999\",\"decimals\":\"0\"}', '2015-04-29 04:07:23', '2015-04-29 04:07:23', 'dbbb85e1-97be-457f-b555-a4ee7cb0d60e');
INSERT INTO `fields` (`id`, `groupId`, `name`, `handle`, `context`, `instructions`, `translatable`, `type`, `settings`, `dateCreated`, `dateUpdated`, `uid`) VALUES ('6', NULL, 'Client', 'client', 'matrixBlockType:1', 'The client name.', '0', 'PlainText', '{\"placeholder\":\"Personal Project\",\"maxLength\":\"\",\"multiline\":\"\",\"initialRows\":\"4\"}', '2015-04-29 04:07:23', '2015-04-29 04:07:23', '57765018-b0b1-4162-aeb3-165d7e08e9fc');
INSERT INTO `fields` (`id`, `groupId`, `name`, `handle`, `context`, `instructions`, `translatable`, `type`, `settings`, `dateCreated`, `dateUpdated`, `uid`) VALUES ('7', NULL, 'Client URL', 'clientUrl', 'matrixBlockType:1', 'The client website URL.', '0', 'PlainText', '{\"placeholder\":\"\",\"maxLength\":\"\",\"multiline\":\"\",\"initialRows\":\"4\"}', '2015-04-29 04:07:23', '2015-04-29 04:07:23', 'cb95b912-ccba-459d-91c8-2c53fa0e3656');
INSERT INTO `fields` (`id`, `groupId`, `name`, `handle`, `context`, `instructions`, `translatable`, `type`, `settings`, `dateCreated`, `dateUpdated`, `uid`) VALUES ('8', NULL, 'Tools', 'tools', 'matrixBlockType:1', 'The creation tools used for the project.', '0', 'MultiSelect', '{\"options\":[{\"label\":\"Adobe AfterEffects\",\"value\":\"aftereffects\",\"default\":\"\"},{\"label\":\"Adobe Photoshop\",\"value\":\"photoshop\",\"default\":\"\"},{\"label\":\"Adobe InDesign\",\"value\":\"indesign\",\"default\":\"\"},{\"label\":\"Axure\",\"value\":\"axure\",\"default\":\"\"},{\"label\":\"Blender\",\"value\":\"blender\",\"default\":\"\"},{\"label\":\"CSS3\",\"value\":\"css3\",\"default\":\"\"},{\"label\":\"HTML5\",\"value\":\"html5\",\"default\":\"\"},{\"label\":\"InVision\",\"value\":\"invision\",\"default\":\"\"},{\"label\":\"JavaScript\",\"value\":\"javascript\",\"default\":\"\"},{\"label\":\"Sketch\",\"value\":\"sketch\",\"default\":\"\"},{\"label\":\"WebGL\",\"value\":\"webgl\",\"default\":\"\"}]}', '2015-04-29 04:07:24', '2015-04-29 04:07:24', '70453a81-53cc-47de-bbd4-6157a72a3cf4');
INSERT INTO `fields` (`id`, `groupId`, `name`, `handle`, `context`, `instructions`, `translatable`, `type`, `settings`, `dateCreated`, `dateUpdated`, `uid`) VALUES ('9', '2', 'Tools', 'tools', 'global', 'The tools used to create the project.', '0', 'Checkboxes', '{\"options\":[{\"label\":\"Adobe AfterEffects\",\"value\":\"aftereffects\",\"default\":\"\"},{\"label\":\"Adobe Flash\",\"value\":\"flash\",\"default\":\"\"},{\"label\":\"Adobe InDesign\",\"value\":\"Adobe InDesign\",\"default\":\"\"},{\"label\":\"Adobe Photoshop\",\"value\":\"photoshop\",\"default\":\"\"},{\"label\":\"Axure\",\"value\":\"axure\",\"default\":\"\"},{\"label\":\"Blender\",\"value\":\"blender\",\"default\":\"\"},{\"label\":\"CSS3\",\"value\":\"css3\",\"default\":\"\"},{\"label\":\"InVision\",\"value\":\"invision\",\"default\":\"\"},{\"label\":\"HTML5\",\"value\":\"html5\",\"default\":\"\"},{\"label\":\"JavaScript\",\"value\":\"javascript\",\"default\":\"\"},{\"label\":\"Justinmind\",\"value\":\"justinmind\",\"default\":\"\"},{\"label\":\"Sketch\",\"value\":\"sketch\",\"default\":\"\"},{\"label\":\"WebGL\",\"value\":\"webgl\",\"default\":\"\"}]}', '2015-04-29 04:12:32', '2015-04-29 04:18:43', '1fb5aa98-d6bf-4577-86b6-b464f92bee96');
INSERT INTO `fields` (`id`, `groupId`, `name`, `handle`, `context`, `instructions`, `translatable`, `type`, `settings`, `dateCreated`, `dateUpdated`, `uid`) VALUES ('10', '2', 'Client', 'client', 'global', 'The client name.', '0', 'PlainText', '{\"placeholder\":\"\",\"maxLength\":\"\",\"multiline\":\"\",\"initialRows\":\"4\"}', '2015-04-29 04:13:34', '2015-04-29 04:13:34', '936fb77d-be96-4d7b-ab41-d6b761885c64');
INSERT INTO `fields` (`id`, `groupId`, `name`, `handle`, `context`, `instructions`, `translatable`, `type`, `settings`, `dateCreated`, `dateUpdated`, `uid`) VALUES ('11', '2', 'Client URL', 'clientUrl', 'global', 'The client website URL.', '0', 'PlainText', '{\"placeholder\":\"\",\"maxLength\":\"\",\"multiline\":\"\",\"initialRows\":\"4\"}', '2015-04-29 04:13:46', '2015-04-29 04:13:46', '0b7cd5ac-33be-4b5f-a642-37b1873ed24f');
INSERT INTO `fields` (`id`, `groupId`, `name`, `handle`, `context`, `instructions`, `translatable`, `type`, `settings`, `dateCreated`, `dateUpdated`, `uid`) VALUES ('12', '2', 'Responsibilities', 'responsibilities', 'global', 'My responsibilities for creating the project.', '0', 'PlainText', '{\"placeholder\":\"\",\"maxLength\":\"\",\"multiline\":\"\",\"initialRows\":\"4\"}', '2015-04-29 04:14:39', '2015-04-29 04:14:39', 'ccd4f7f4-be50-4219-9dde-d05699d94517');
INSERT INTO `fields` (`id`, `groupId`, `name`, `handle`, `context`, `instructions`, `translatable`, `type`, `settings`, `dateCreated`, `dateUpdated`, `uid`) VALUES ('13', '2', 'Portfolio Category', 'portfolioCategory', 'global', 'The portfolio category of this project.', '0', 'Categories', '{\"source\":\"group:1\",\"limit\":\"1\"}', '2015-04-29 15:02:53', '2015-04-29 15:02:53', '03c5c429-19e2-4da1-8b68-e21816cb0301');
INSERT INTO `fields` (`id`, `groupId`, `name`, `handle`, `context`, `instructions`, `translatable`, `type`, `settings`, `dateCreated`, `dateUpdated`, `uid`) VALUES ('14', '1', 'Heading', 'heading', 'global', 'The heading text.', '0', 'PlainText', '{\"placeholder\":\"\",\"maxLength\":\"100\",\"multiline\":\"\",\"initialRows\":\"4\"}', '2015-04-29 16:48:26', '2015-04-29 16:48:26', 'eaa9021e-24a3-4610-98e1-1d79382d38d3');
INSERT INTO `fields` (`id`, `groupId`, `name`, `handle`, `context`, `instructions`, `translatable`, `type`, `settings`, `dateCreated`, `dateUpdated`, `uid`) VALUES ('15', '1', 'Introduction', 'introduction', 'global', 'The introduction text.', '0', 'RichText', '{\"configFile\":\"Standard.json\",\"cleanupHtml\":\"1\",\"purifyHtml\":\"\",\"columnType\":\"text\"}', '2015-04-29 16:49:33', '2015-04-29 16:51:43', '91dcb526-fdfc-474d-b59c-ed3a09159f80');
INSERT INTO `fields` (`id`, `groupId`, `name`, `handle`, `context`, `instructions`, `translatable`, `type`, `settings`, `dateCreated`, `dateUpdated`, `uid`) VALUES ('16', '3', 'OG Title', 'ogTitle', 'global', 'The Open Graph title text.', '0', 'PlainText', '{\"placeholder\":\"\",\"maxLength\":\"\",\"multiline\":\"\",\"initialRows\":\"4\"}', '2015-04-30 03:35:26', '2015-04-30 03:35:26', '5b9ca197-30cd-4ed0-a10d-3c350d576984');
INSERT INTO `fields` (`id`, `groupId`, `name`, `handle`, `context`, `instructions`, `translatable`, `type`, `settings`, `dateCreated`, `dateUpdated`, `uid`) VALUES ('17', '3', 'OG Description', 'ogDescription', 'global', 'The Open Graph description text.', '0', 'PlainText', '{\"placeholder\":\"\",\"maxLength\":\"300\",\"multiline\":\"\",\"initialRows\":\"4\"}', '2015-04-30 03:36:39', '2015-04-30 03:36:39', '9005847e-a8f5-4973-abba-f4321e8f228d');
INSERT INTO `fields` (`id`, `groupId`, `name`, `handle`, `context`, `instructions`, `translatable`, `type`, `settings`, `dateCreated`, `dateUpdated`, `uid`) VALUES ('18', '3', 'OG Image', 'ogImage', 'global', 'The Open Graph image.', '0', 'Assets', '{\"useSingleFolder\":\"1\",\"sources\":\"*\",\"defaultUploadLocationSource\":\"1\",\"defaultUploadLocationSubpath\":\"\",\"singleUploadLocationSource\":\"1\",\"singleUploadLocationSubpath\":\"\",\"restrictFiles\":\"1\",\"allowedKinds\":[\"image\"],\"limit\":\"1\"}', '2015-04-30 03:37:18', '2015-04-30 03:47:13', 'ad912e01-0cca-4c7e-a8d7-e21a3a821f6e');
INSERT INTO `fields` (`id`, `groupId`, `name`, `handle`, `context`, `instructions`, `translatable`, `type`, `settings`, `dateCreated`, `dateUpdated`, `uid`) VALUES ('19', '2', 'Brief Heading', 'briefHeading', 'global', 'The project summary heading text.', '0', 'PlainText', '{\"placeholder\":\"Project Brief\",\"maxLength\":\"20\",\"multiline\":\"\",\"initialRows\":\"4\"}', '2015-04-30 04:51:57', '2015-04-30 04:51:57', '4004c80e-b238-4f14-8210-78fe1b5ce635');
INSERT INTO `fields` (`id`, `groupId`, `name`, `handle`, `context`, `instructions`, `translatable`, `type`, `settings`, `dateCreated`, `dateUpdated`, `uid`) VALUES ('20', '2', 'Brief Body', 'briefBody', 'global', 'The project brief body text.', '0', 'RichText', '{\"configFile\":\"\",\"cleanupHtml\":\"1\",\"purifyHtml\":\"\",\"columnType\":\"text\"}', '2015-04-30 04:52:19', '2015-04-30 04:52:19', '82bc7405-659f-4f9c-a3df-9f4eecd0c2c0');
INSERT INTO `fields` (`id`, `groupId`, `name`, `handle`, `context`, `instructions`, `translatable`, `type`, `settings`, `dateCreated`, `dateUpdated`, `uid`) VALUES ('21', '2', 'Learned Heading', 'learnedHeading', 'global', 'The learned heading text.', '0', 'PlainText', '{\"placeholder\":\"What I\'ve Learned\",\"maxLength\":\"20\",\"multiline\":\"\",\"initialRows\":\"4\"}', '2015-04-30 04:53:06', '2015-04-30 04:53:06', '774c5517-e60e-407e-a59f-421c43053d06');
INSERT INTO `fields` (`id`, `groupId`, `name`, `handle`, `context`, `instructions`, `translatable`, `type`, `settings`, `dateCreated`, `dateUpdated`, `uid`) VALUES ('22', '2', 'Learned Body', 'learnedBody', 'global', 'The learned body text.', '0', 'RichText', '{\"configFile\":\"\",\"cleanupHtml\":\"1\",\"purifyHtml\":\"\",\"columnType\":\"text\"}', '2015-04-30 04:53:24', '2015-04-30 04:53:24', '29a6b431-26b5-4f0d-a950-f03bbdcb7c1c');
INSERT INTO `fields` (`id`, `groupId`, `name`, `handle`, `context`, `instructions`, `translatable`, `type`, `settings`, `dateCreated`, `dateUpdated`, `uid`) VALUES ('23', '2', 'Analysis Heading', 'analysisHeading', 'global', 'The analysis heading text.', '0', 'PlainText', '{\"placeholder\":\"\",\"maxLength\":\"20\",\"multiline\":\"\",\"initialRows\":\"4\"}', '2015-04-30 04:58:22', '2015-04-30 04:58:22', '7a4785e0-0403-442f-b183-0158c00ff03f');
INSERT INTO `fields` (`id`, `groupId`, `name`, `handle`, `context`, `instructions`, `translatable`, `type`, `settings`, `dateCreated`, `dateUpdated`, `uid`) VALUES ('24', '2', 'Analysis Body', 'analysisBody', 'global', 'The analysis body text.', '0', 'RichText', '{\"configFile\":\"\",\"cleanupHtml\":\"1\",\"purifyHtml\":\"\",\"columnType\":\"text\"}', '2015-04-30 04:58:47', '2015-04-30 04:58:47', '609f3bba-69cc-4ea7-9f7a-0d4fd90b639e');
INSERT INTO `fields` (`id`, `groupId`, `name`, `handle`, `context`, `instructions`, `translatable`, `type`, `settings`, `dateCreated`, `dateUpdated`, `uid`) VALUES ('25', '2', 'Feature', 'feature', 'global', 'The project features.', '0', 'Matrix', '{\"maxBlocks\":null}', '2015-04-30 05:33:59', '2015-04-30 05:33:59', '69fc13e8-6d71-41cc-a27d-76914acbbe15');
INSERT INTO `fields` (`id`, `groupId`, `name`, `handle`, `context`, `instructions`, `translatable`, `type`, `settings`, `dateCreated`, `dateUpdated`, `uid`) VALUES ('26', NULL, 'Heading', 'heading', 'matrixBlockType:2', 'The feature heading text.', '0', 'PlainText', '{\"placeholder\":\"\",\"maxLength\":\"20\",\"multiline\":\"\",\"initialRows\":\"4\"}', '2015-04-30 05:34:00', '2015-04-30 05:34:00', 'cabc04bc-3929-4eb0-8cfc-b479dc3a6532');
INSERT INTO `fields` (`id`, `groupId`, `name`, `handle`, `context`, `instructions`, `translatable`, `type`, `settings`, `dateCreated`, `dateUpdated`, `uid`) VALUES ('27', NULL, 'Body', 'body', 'matrixBlockType:2', 'The feature body text.', '0', 'RichText', '{\"configFile\":\"\",\"cleanupHtml\":\"1\",\"purifyHtml\":\"\",\"columnType\":\"text\"}', '2015-04-30 05:34:00', '2015-04-30 05:34:00', 'cf220168-d4d3-4707-b3c5-78f187958978');
INSERT INTO `fields` (`id`, `groupId`, `name`, `handle`, `context`, `instructions`, `translatable`, `type`, `settings`, `dateCreated`, `dateUpdated`, `uid`) VALUES ('28', NULL, 'media', 'media', 'matrixBlockType:2', 'The image or video media of any number.', '0', 'Assets', '{\"useSingleFolder\":\"\",\"sources\":\"*\",\"defaultUploadLocationSource\":\"1\",\"defaultUploadLocationSubpath\":\"\",\"singleUploadLocationSource\":\"1\",\"singleUploadLocationSubpath\":\"\",\"restrictFiles\":\"1\",\"allowedKinds\":[\"image\",\"video\"],\"limit\":\"\"}', '2015-04-30 05:34:00', '2015-04-30 05:34:00', '60d99e11-9adf-421a-acab-974cec330e85');
INSERT INTO `fields` (`id`, `groupId`, `name`, `handle`, `context`, `instructions`, `translatable`, `type`, `settings`, `dateCreated`, `dateUpdated`, `uid`) VALUES ('29', NULL, 'Layout', 'layout', 'matrixBlockType:2', 'The media layout.', '0', 'Dropdown', '{\"options\":[{\"label\":\"Fluid\",\"value\":\"fluid\",\"default\":\"1\"},{\"label\":\"Wide\",\"value\":\"wide\",\"default\":\"\"}]}', '2015-04-30 05:34:00', '2015-04-30 05:34:00', 'c6a762be-430d-413c-93d1-e0d9813fa987');
INSERT INTO `fields` (`id`, `groupId`, `name`, `handle`, `context`, `instructions`, `translatable`, `type`, `settings`, `dateCreated`, `dateUpdated`, `uid`) VALUES ('30', NULL, 'Heading', 'heading', 'matrixBlockType:3', 'The feature heading text.', '0', 'PlainText', '{\"placeholder\":\"\",\"maxLength\":\"20\",\"multiline\":\"\",\"initialRows\":\"4\"}', '2015-04-30 05:34:00', '2015-04-30 05:34:00', 'dc4641a5-3e82-4057-8480-5577643b6351');
INSERT INTO `fields` (`id`, `groupId`, `name`, `handle`, `context`, `instructions`, `translatable`, `type`, `settings`, `dateCreated`, `dateUpdated`, `uid`) VALUES ('31', NULL, 'Body', 'body', 'matrixBlockType:3', 'The feature body text.', '0', 'RichText', '{\"configFile\":\"\",\"cleanupHtml\":\"1\",\"purifyHtml\":\"\",\"columnType\":\"text\"}', '2015-04-30 05:34:00', '2015-04-30 05:34:00', '06b66535-7f7e-4186-b2a4-50b256c16d37');
INSERT INTO `fields` (`id`, `groupId`, `name`, `handle`, `context`, `instructions`, `translatable`, `type`, `settings`, `dateCreated`, `dateUpdated`, `uid`) VALUES ('32', NULL, 'Preview', 'preview', 'matrixBlockType:3', 'The wireframe preview image.', '0', 'Assets', '{\"useSingleFolder\":\"\",\"sources\":\"*\",\"defaultUploadLocationSource\":\"1\",\"defaultUploadLocationSubpath\":\"\",\"singleUploadLocationSource\":\"1\",\"singleUploadLocationSubpath\":\"\",\"restrictFiles\":\"1\",\"allowedKinds\":[\"image\"],\"limit\":\"1\"}', '2015-04-30 05:34:01', '2015-04-30 05:34:01', '93ac8f51-0a00-456e-8026-a6b62a8cc732');
INSERT INTO `fields` (`id`, `groupId`, `name`, `handle`, `context`, `instructions`, `translatable`, `type`, `settings`, `dateCreated`, `dateUpdated`, `uid`) VALUES ('33', NULL, 'Layered Images', 'layeredImages', 'matrixBlockType:3', 'The display image presentation, either a single image or in multiples layers for producing stereographic effect.', '0', 'Assets', '{\"useSingleFolder\":\"\",\"sources\":\"*\",\"defaultUploadLocationSource\":\"1\",\"defaultUploadLocationSubpath\":\"\",\"singleUploadLocationSource\":\"1\",\"singleUploadLocationSubpath\":\"\",\"restrictFiles\":\"1\",\"allowedKinds\":[\"image\"],\"limit\":\"4\"}', '2015-04-30 05:34:01', '2015-04-30 05:34:01', 'e72ca6c9-ac56-4a59-a4fb-c91ca3c931d4');
INSERT INTO `fields` (`id`, `groupId`, `name`, `handle`, `context`, `instructions`, `translatable`, `type`, `settings`, `dateCreated`, `dateUpdated`, `uid`) VALUES ('34', NULL, 'Layout', 'layout', 'matrixBlockType:3', 'The media layout.', '0', 'Dropdown', '{\"options\":[{\"label\":\"Fluid\",\"value\":\"fluid\",\"default\":\"1\"},{\"label\":\"Wide\",\"value\":\"wide\",\"default\":\"\"}]}', '2015-04-30 05:34:01', '2015-04-30 05:34:01', 'f163c639-35dd-4c8c-a975-58cb14c6c87c');
INSERT INTO `fields` (`id`, `groupId`, `name`, `handle`, `context`, `instructions`, `translatable`, `type`, `settings`, `dateCreated`, `dateUpdated`, `uid`) VALUES ('35', NULL, 'Annotations', 'annotations', 'matrixBlockType:3', 'The annotations on wireframe image.', '0', 'Table', '{\"columns\":{\"col1\":{\"heading\":\"Text\",\"handle\":\"text\",\"width\":\"60%\",\"type\":\"singleline\"},\"col4\":{\"heading\":\"Arrow\",\"handle\":\"arrow\",\"width\":\"20%\",\"type\":\"singleline\"},\"col2\":{\"heading\":\"x\",\"handle\":\"x\",\"width\":\"10%\",\"type\":\"number\"},\"col3\":{\"heading\":\"y\",\"handle\":\"y\",\"width\":\"10%\",\"type\":\"number\"}},\"defaults\":{\"row1\":{\"col1\":\"\",\"col4\":\"\",\"col2\":\"\",\"col3\":\"\"}}}', '2015-04-30 05:34:01', '2015-04-30 05:34:01', '94e84737-3377-4e95-93be-d898edaf2fd5');
INSERT INTO `fields` (`id`, `groupId`, `name`, `handle`, `context`, `instructions`, `translatable`, `type`, `settings`, `dateCreated`, `dateUpdated`, `uid`) VALUES ('36', NULL, 'Heading', 'heading', 'matrixBlockType:4', 'The feature heading text.', '0', 'PlainText', '{\"placeholder\":\"\",\"maxLength\":\"20\",\"multiline\":\"\",\"initialRows\":\"4\"}', '2015-04-30 05:34:01', '2015-04-30 05:34:01', 'f4c20600-94f7-4ce2-974c-0f945397276f');
INSERT INTO `fields` (`id`, `groupId`, `name`, `handle`, `context`, `instructions`, `translatable`, `type`, `settings`, `dateCreated`, `dateUpdated`, `uid`) VALUES ('37', NULL, 'Body', 'body', 'matrixBlockType:4', 'The feature body text.', '0', 'RichText', '{\"configFile\":\"\",\"cleanupHtml\":\"1\",\"purifyHtml\":\"\",\"columnType\":\"text\"}', '2015-04-30 05:34:01', '2015-04-30 05:34:01', '0b0681d5-bf71-42f9-8733-2a5c646c4c2f');
INSERT INTO `fields` (`id`, `groupId`, `name`, `handle`, `context`, `instructions`, `translatable`, `type`, `settings`, `dateCreated`, `dateUpdated`, `uid`) VALUES ('38', NULL, 'Images', 'images', 'matrixBlockType:4', 'The before/after images.', '0', 'Assets', '{\"useSingleFolder\":\"\",\"sources\":\"*\",\"defaultUploadLocationSource\":\"1\",\"defaultUploadLocationSubpath\":\"\",\"singleUploadLocationSource\":\"1\",\"singleUploadLocationSubpath\":\"\",\"restrictFiles\":\"1\",\"allowedKinds\":[\"image\"],\"limit\":\"2\"}', '2015-04-30 05:34:01', '2015-04-30 05:34:01', '090decee-98b8-4f1a-ae38-7fe1367d29ce');
INSERT INTO `fields` (`id`, `groupId`, `name`, `handle`, `context`, `instructions`, `translatable`, `type`, `settings`, `dateCreated`, `dateUpdated`, `uid`) VALUES ('39', '2', 'Analysis Flow', 'analysisFlow', 'global', 'The illustrated steps of analysis.', '0', 'Matrix', '{\"maxBlocks\":null}', '2015-04-30 05:42:47', '2015-04-30 05:42:47', '233e2e4c-01e3-4665-8569-71a7b16b312a');
INSERT INTO `fields` (`id`, `groupId`, `name`, `handle`, `context`, `instructions`, `translatable`, `type`, `settings`, `dateCreated`, `dateUpdated`, `uid`) VALUES ('40', NULL, 'Image', 'image', 'matrixBlockType:5', 'The step image.', '0', 'Assets', '{\"useSingleFolder\":\"\",\"sources\":\"*\",\"defaultUploadLocationSource\":\"1\",\"defaultUploadLocationSubpath\":\"\",\"singleUploadLocationSource\":\"1\",\"singleUploadLocationSubpath\":\"\",\"restrictFiles\":\"1\",\"allowedKinds\":[\"image\"],\"limit\":\"1\"}', '2015-04-30 05:42:47', '2015-04-30 05:42:47', '7deccc9c-4da6-46e8-8b03-9b3a1e0e620d');
INSERT INTO `fields` (`id`, `groupId`, `name`, `handle`, `context`, `instructions`, `translatable`, `type`, `settings`, `dateCreated`, `dateUpdated`, `uid`) VALUES ('41', NULL, 'Caption', 'caption', 'matrixBlockType:5', 'The step image caption.', '0', 'PlainText', '{\"placeholder\":\"\",\"maxLength\":\"400\",\"multiline\":\"\",\"initialRows\":\"4\"}', '2015-04-30 05:42:47', '2015-04-30 05:42:47', 'd5ad02c2-ce62-478e-ac22-beaf646347bb');
INSERT INTO `fields` (`id`, `groupId`, `name`, `handle`, `context`, `instructions`, `translatable`, `type`, `settings`, `dateCreated`, `dateUpdated`, `uid`) VALUES ('42', '2', 'Preview Image', 'previewImage', 'global', 'The preview image.', '0', 'Assets', '{\"useSingleFolder\":\"\",\"sources\":\"*\",\"defaultUploadLocationSource\":\"1\",\"defaultUploadLocationSubpath\":\"\",\"singleUploadLocationSource\":\"1\",\"singleUploadLocationSubpath\":\"\",\"restrictFiles\":\"1\",\"allowedKinds\":[\"image\"],\"limit\":\"1\"}', '2015-04-30 05:47:32', '2015-04-30 05:47:32', 'ff52aa18-6e11-47f9-96ac-823aea151ff9');
INSERT INTO `fields` (`id`, `groupId`, `name`, `handle`, `context`, `instructions`, `translatable`, `type`, `settings`, `dateCreated`, `dateUpdated`, `uid`) VALUES ('43', '2', 'Navigation Image', 'navigationImage', 'global', 'The navigation image.', '0', 'Assets', '{\"useSingleFolder\":\"\",\"sources\":\"*\",\"defaultUploadLocationSource\":\"1\",\"defaultUploadLocationSubpath\":\"\",\"singleUploadLocationSource\":\"1\",\"singleUploadLocationSubpath\":\"\",\"restrictFiles\":\"1\",\"allowedKinds\":[\"image\"],\"limit\":\"1\"}', '2015-04-30 05:48:05', '2015-04-30 05:48:05', '4b57b9d3-2a58-4b08-b9fd-b609925c9261');
INSERT INTO `fields` (`id`, `groupId`, `name`, `handle`, `context`, `instructions`, `translatable`, `type`, `settings`, `dateCreated`, `dateUpdated`, `uid`) VALUES ('44', '2', 'Promotional Image', 'promotionalImage', 'global', 'The promotional image.', '0', 'Assets', '{\"useSingleFolder\":\"\",\"sources\":\"*\",\"defaultUploadLocationSource\":\"1\",\"defaultUploadLocationSubpath\":\"\",\"singleUploadLocationSource\":\"1\",\"singleUploadLocationSubpath\":\"\",\"restrictFiles\":\"1\",\"allowedKinds\":[\"image\"],\"limit\":\"1\"}', '2015-04-30 05:49:29', '2015-04-30 05:49:29', '86c5f83c-4157-4842-a140-fbb78e3d456f');



DROP TABLE IF EXISTS `globalsets`;


--
-- Schema for table `globalsets`
--
CREATE TABLE `globalsets` (
  `id` int(11) NOT NULL,
  `name` varchar(255) COLLATE utf8_unicode_ci NOT NULL,
  `handle` varchar(255) COLLATE utf8_unicode_ci NOT NULL,
  `fieldLayoutId` int(10) DEFAULT NULL,
  `dateCreated` datetime NOT NULL,
  `dateUpdated` datetime NOT NULL,
  `uid` char(36) COLLATE utf8_unicode_ci NOT NULL DEFAULT '0',
  PRIMARY KEY (`id`),
  UNIQUE KEY `globalsets_name_unq_idx` (`name`),
  UNIQUE KEY `globalsets_handle_unq_idx` (`handle`),
  KEY `globalsets_fieldLayoutId_fk` (`fieldLayoutId`)
) ENGINE=InnoDB DEFAULT CHARSET=utf8 COLLATE=utf8_unicode_ci;

DROP TABLE IF EXISTS `info`;


--
-- Schema for table `info`
--
CREATE TABLE `info` (
  `id` int(11) NOT NULL AUTO_INCREMENT,
  `version` varchar(15) COLLATE utf8_unicode_ci NOT NULL,
  `build` int(11) unsigned NOT NULL,
  `schemaVersion` varchar(15) COLLATE utf8_unicode_ci NOT NULL,
  `releaseDate` datetime NOT NULL,
  `edition` tinyint(1) unsigned NOT NULL DEFAULT '0',
  `siteName` varchar(100) COLLATE utf8_unicode_ci NOT NULL,
  `siteUrl` varchar(255) COLLATE utf8_unicode_ci NOT NULL,
  `timezone` varchar(30) COLLATE utf8_unicode_ci DEFAULT NULL,
  `on` tinyint(1) unsigned NOT NULL DEFAULT '0',
  `maintenance` tinyint(1) unsigned NOT NULL DEFAULT '0',
  `track` varchar(40) COLLATE utf8_unicode_ci NOT NULL,
  `dateCreated` datetime NOT NULL,
  `dateUpdated` datetime NOT NULL,
  `uid` char(36) COLLATE utf8_unicode_ci NOT NULL DEFAULT '0',
  PRIMARY KEY (`id`)
) ENGINE=InnoDB AUTO_INCREMENT=2 DEFAULT CHARSET=utf8 COLLATE=utf8_unicode_ci;

--
-- Data for table `info`
--

INSERT INTO `info` (`id`, `version`, `build`, `schemaVersion`, `releaseDate`, `edition`, `siteName`, `siteUrl`, `timezone`, `on`, `maintenance`, `track`, `dateCreated`, `dateUpdated`, `uid`) VALUES ('1', '2.3', '2644', '2.3.4', '2015-04-22 20:03:42', '1', 'Grace Experience', 'http://graceux.craft.dev', 'America/New_York', '1', '0', 'stable', '2015-04-26 20:07:20', '2015-04-29 03:41:05', '7ecc7284-40b3-4082-9674-07f5ca96f180');



DROP TABLE IF EXISTS `locales`;


--
-- Schema for table `locales`
--
CREATE TABLE `locales` (
  `locale` char(12) COLLATE utf8_unicode_ci NOT NULL,
  `sortOrder` tinyint(4) DEFAULT NULL,
  `dateCreated` datetime NOT NULL,
  `dateUpdated` datetime NOT NULL,
  `uid` char(36) COLLATE utf8_unicode_ci NOT NULL DEFAULT '0',
  PRIMARY KEY (`locale`),
  KEY `locales_sortOrder_idx` (`sortOrder`)
) ENGINE=InnoDB DEFAULT CHARSET=utf8 COLLATE=utf8_unicode_ci;

--
-- Data for table `locales`
--

INSERT INTO `locales` (`locale`, `sortOrder`, `dateCreated`, `dateUpdated`, `uid`) VALUES ('en_us', '1', '2015-04-26 20:07:21', '2015-04-26 20:07:21', 'ea696e2e-bfa5-425a-9e4c-0f179e756185');



DROP TABLE IF EXISTS `matrixblocks`;


--
-- Schema for table `matrixblocks`
--
CREATE TABLE `matrixblocks` (
  `id` int(11) NOT NULL,
  `ownerId` int(11) NOT NULL,
  `fieldId` int(11) NOT NULL,
  `typeId` int(11) DEFAULT NULL,
  `sortOrder` tinyint(4) DEFAULT NULL,
  `ownerLocale` char(12) COLLATE utf8_unicode_ci DEFAULT NULL,
  `dateCreated` datetime NOT NULL,
  `dateUpdated` datetime NOT NULL,
  `uid` char(36) COLLATE utf8_unicode_ci NOT NULL DEFAULT '0',
  PRIMARY KEY (`id`),
  KEY `matrixblocks_ownerId_idx` (`ownerId`),
  KEY `matrixblocks_fieldId_idx` (`fieldId`),
  KEY `matrixblocks_typeId_idx` (`typeId`),
  KEY `matrixblocks_sortOrder_idx` (`sortOrder`),
  KEY `matrixblocks_ownerLocale_fk` (`ownerLocale`)
) ENGINE=InnoDB DEFAULT CHARSET=utf8 COLLATE=utf8_unicode_ci;

DROP TABLE IF EXISTS `matrixblocktypes`;


--
-- Schema for table `matrixblocktypes`
--
CREATE TABLE `matrixblocktypes` (
  `id` int(11) NOT NULL AUTO_INCREMENT,
  `fieldId` int(11) NOT NULL,
  `fieldLayoutId` int(11) DEFAULT NULL,
  `name` varchar(255) COLLATE utf8_unicode_ci NOT NULL,
  `handle` varchar(255) COLLATE utf8_unicode_ci NOT NULL,
  `sortOrder` tinyint(4) DEFAULT NULL,
  `dateCreated` datetime NOT NULL,
  `dateUpdated` datetime NOT NULL,
  `uid` char(36) COLLATE utf8_unicode_ci NOT NULL DEFAULT '0',
  PRIMARY KEY (`id`),
  UNIQUE KEY `matrixblocktypes_name_fieldId_unq_idx` (`name`,`fieldId`),
  UNIQUE KEY `matrixblocktypes_handle_fieldId_unq_idx` (`handle`,`fieldId`),
  KEY `matrixblocktypes_fieldId_fk` (`fieldId`),
  KEY `matrixblocktypes_fieldLayoutId_fk` (`fieldLayoutId`)
) ENGINE=InnoDB AUTO_INCREMENT=6 DEFAULT CHARSET=utf8 COLLATE=utf8_unicode_ci;

--
-- Data for table `matrixblocktypes`
--

INSERT INTO `matrixblocktypes` (`id`, `fieldId`, `fieldLayoutId`, `name`, `handle`, `sortOrder`, `dateCreated`, `dateUpdated`, `uid`) VALUES ('1', '4', '11', 'Information Block', 'informationBlock', '1', '2015-04-29 04:07:23', '2015-04-29 04:07:24', '62b55ec7-2937-4b33-b2ee-312c728abf1d');
INSERT INTO `matrixblocktypes` (`id`, `fieldId`, `fieldLayoutId`, `name`, `handle`, `sortOrder`, `dateCreated`, `dateUpdated`, `uid`) VALUES ('2', '25', '40', 'Media Feature', 'mediaFeature', '1', '2015-04-30 05:34:00', '2015-04-30 05:34:00', '0141316f-4821-4769-b44e-8bc07ba5a5e1');
INSERT INTO `matrixblocktypes` (`id`, `fieldId`, `fieldLayoutId`, `name`, `handle`, `sortOrder`, `dateCreated`, `dateUpdated`, `uid`) VALUES ('3', '25', '41', 'Wireframe Feature', 'wireframeFeature', '2', '2015-04-30 05:34:00', '2015-04-30 05:34:01', 'e6301f52-2d87-44eb-b346-c3bd42a06341');
INSERT INTO `matrixblocktypes` (`id`, `fieldId`, `fieldLayoutId`, `name`, `handle`, `sortOrder`, `dateCreated`, `dateUpdated`, `uid`) VALUES ('4', '25', '42', 'Comparison Feature', 'comparisonFeature', '3', '2015-04-30 05:34:01', '2015-04-30 05:34:01', 'bc3c1b7d-9101-45ac-b701-2fc15624e57c');
INSERT INTO `matrixblocktypes` (`id`, `fieldId`, `fieldLayoutId`, `name`, `handle`, `sortOrder`, `dateCreated`, `dateUpdated`, `uid`) VALUES ('5', '39', '44', 'Step', 'step', '1', '2015-04-30 05:42:47', '2015-04-30 05:42:48', 'c6aa26cb-b420-43f2-b3e2-40a31c644eb2');



DROP TABLE IF EXISTS `matrixcontent_analysisflow`;


--
-- Schema for table `matrixcontent_analysisflow`
--
CREATE TABLE `matrixcontent_analysisflow` (
  `id` int(11) NOT NULL AUTO_INCREMENT,
  `elementId` int(11) NOT NULL,
  `locale` char(12) COLLATE utf8_unicode_ci NOT NULL,
  `field_step_caption` text COLLATE utf8_unicode_ci,
  `dateCreated` datetime NOT NULL,
  `dateUpdated` datetime NOT NULL,
  `uid` char(36) COLLATE utf8_unicode_ci NOT NULL DEFAULT '0',
  PRIMARY KEY (`id`),
  UNIQUE KEY `matrixcontent_analysisflow_elementId_locale_unq_idx` (`elementId`,`locale`),
  KEY `matrixcontent_analysisflow_locale_fk` (`locale`)
) ENGINE=InnoDB DEFAULT CHARSET=utf8 COLLATE=utf8_unicode_ci;

DROP TABLE IF EXISTS `matrixcontent_feature`;


--
-- Schema for table `matrixcontent_feature`
--
CREATE TABLE `matrixcontent_feature` (
  `id` int(11) NOT NULL AUTO_INCREMENT,
  `elementId` int(11) NOT NULL,
  `locale` char(12) COLLATE utf8_unicode_ci NOT NULL,
  `field_mediaFeature_heading` varchar(20) COLLATE utf8_unicode_ci DEFAULT NULL,
  `field_mediaFeature_body` text COLLATE utf8_unicode_ci,
  `field_mediaFeature_layout` varchar(255) COLLATE utf8_unicode_ci DEFAULT 'fluid',
  `field_wireframeFeature_heading` varchar(20) COLLATE utf8_unicode_ci DEFAULT NULL,
  `field_wireframeFeature_body` text COLLATE utf8_unicode_ci,
  `field_wireframeFeature_layout` varchar(255) COLLATE utf8_unicode_ci DEFAULT 'fluid',
  `field_wireframeFeature_annotations` text COLLATE utf8_unicode_ci,
  `field_comparisonFeature_heading` varchar(20) COLLATE utf8_unicode_ci DEFAULT NULL,
  `field_comparisonFeature_body` text COLLATE utf8_unicode_ci,
  `dateCreated` datetime NOT NULL,
  `dateUpdated` datetime NOT NULL,
  `uid` char(36) COLLATE utf8_unicode_ci NOT NULL DEFAULT '0',
  PRIMARY KEY (`id`),
  UNIQUE KEY `matrixcontent_feature_elementId_locale_unq_idx` (`elementId`,`locale`),
  KEY `matrixcontent_feature_locale_fk` (`locale`)
) ENGINE=InnoDB DEFAULT CHARSET=utf8 COLLATE=utf8_unicode_ci;

DROP TABLE IF EXISTS `matrixcontent_information`;


--
-- Schema for table `matrixcontent_information`
--
CREATE TABLE `matrixcontent_information` (
  `id` int(11) NOT NULL AUTO_INCREMENT,
  `elementId` int(11) NOT NULL,
  `locale` char(12) COLLATE utf8_unicode_ci NOT NULL,
  `field_informationBlock_year` smallint(4) unsigned DEFAULT '0',
  `field_informationBlock_client` text COLLATE utf8_unicode_ci,
  `field_informationBlock_clientUrl` text COLLATE utf8_unicode_ci,
  `field_informationBlock_tools` varchar(255) COLLATE utf8_unicode_ci DEFAULT NULL,
  `dateCreated` datetime NOT NULL,
  `dateUpdated` datetime NOT NULL,
  `uid` char(36) COLLATE utf8_unicode_ci NOT NULL DEFAULT '0',
  PRIMARY KEY (`id`),
  UNIQUE KEY `matrixcontent_information_elementId_locale_unq_idx` (`elementId`,`locale`),
  KEY `matrixcontent_information_locale_fk` (`locale`)
) ENGINE=InnoDB DEFAULT CHARSET=utf8 COLLATE=utf8_unicode_ci;

DROP TABLE IF EXISTS `migrations`;


--
-- Schema for table `migrations`
--
CREATE TABLE `migrations` (
  `id` int(11) NOT NULL AUTO_INCREMENT,
  `pluginId` int(11) DEFAULT NULL,
  `version` varchar(255) COLLATE utf8_unicode_ci NOT NULL,
  `applyTime` datetime NOT NULL,
  `dateCreated` datetime NOT NULL,
  `dateUpdated` datetime NOT NULL,
  `uid` char(36) COLLATE utf8_unicode_ci NOT NULL DEFAULT '0',
  PRIMARY KEY (`id`),
  UNIQUE KEY `migrations_version_unq_idx` (`version`),
  KEY `migrations_pluginId_fk` (`pluginId`)
) ENGINE=InnoDB AUTO_INCREMENT=16 DEFAULT CHARSET=utf8 COLLATE=utf8_unicode_ci;

--
-- Data for table `migrations`
--

INSERT INTO `migrations` (`id`, `pluginId`, `version`, `applyTime`, `dateCreated`, `dateUpdated`, `uid`) VALUES ('1', NULL, 'm000000_000000_base', '2015-04-26 20:07:21', '2015-04-26 20:07:21', '2015-04-26 20:07:21', 'dbd2333e-8740-458c-bf24-d5ac89f824f7');
INSERT INTO `migrations` (`id`, `pluginId`, `version`, `applyTime`, `dateCreated`, `dateUpdated`, `uid`) VALUES ('2', NULL, 'm140730_000001_add_filename_and_format_to_transformindex', '2015-04-26 20:07:21', '2015-04-26 20:07:21', '2015-04-26 20:07:21', '8e396360-9271-4651-a49b-5a6153b30424');
INSERT INTO `migrations` (`id`, `pluginId`, `version`, `applyTime`, `dateCreated`, `dateUpdated`, `uid`) VALUES ('3', NULL, 'm140815_000001_add_format_to_transforms', '2015-04-26 20:07:21', '2015-04-26 20:07:21', '2015-04-26 20:07:21', '938f4290-28b3-4300-a569-d2762a28402b');
INSERT INTO `migrations` (`id`, `pluginId`, `version`, `applyTime`, `dateCreated`, `dateUpdated`, `uid`) VALUES ('4', NULL, 'm140822_000001_allow_more_than_128_items_per_field', '2015-04-26 20:07:21', '2015-04-26 20:07:21', '2015-04-26 20:07:21', '3ed1e5a0-2cf3-47f0-96c1-79b388b734a3');
INSERT INTO `migrations` (`id`, `pluginId`, `version`, `applyTime`, `dateCreated`, `dateUpdated`, `uid`) VALUES ('5', NULL, 'm140829_000001_single_title_formats', '2015-04-26 20:07:21', '2015-04-26 20:07:21', '2015-04-26 20:07:21', '1ab88a1e-0212-4535-abfe-96ff3446cb9c');
INSERT INTO `migrations` (`id`, `pluginId`, `version`, `applyTime`, `dateCreated`, `dateUpdated`, `uid`) VALUES ('6', NULL, 'm140831_000001_extended_cache_keys', '2015-04-26 20:07:21', '2015-04-26 20:07:21', '2015-04-26 20:07:21', '8c32ecc8-ea39-42ca-825d-2f37fc84a356');
INSERT INTO `migrations` (`id`, `pluginId`, `version`, `applyTime`, `dateCreated`, `dateUpdated`, `uid`) VALUES ('7', NULL, 'm140922_000001_delete_orphaned_matrix_blocks', '2015-04-26 20:07:21', '2015-04-26 20:07:21', '2015-04-26 20:07:21', 'fb7a58d6-5741-46a5-800f-6b5992435606');
INSERT INTO `migrations` (`id`, `pluginId`, `version`, `applyTime`, `dateCreated`, `dateUpdated`, `uid`) VALUES ('8', NULL, 'm141008_000001_elements_index_tune', '2015-04-26 20:07:21', '2015-04-26 20:07:21', '2015-04-26 20:07:21', '26aab2c6-b9fa-4adc-89bc-79d40eb0ec2b');
INSERT INTO `migrations` (`id`, `pluginId`, `version`, `applyTime`, `dateCreated`, `dateUpdated`, `uid`) VALUES ('9', NULL, 'm141009_000001_assets_source_handle', '2015-04-26 20:07:21', '2015-04-26 20:07:21', '2015-04-26 20:07:21', '2423f381-e5e3-4e92-85c8-e47c18cca4a1');
INSERT INTO `migrations` (`id`, `pluginId`, `version`, `applyTime`, `dateCreated`, `dateUpdated`, `uid`) VALUES ('10', NULL, 'm141024_000001_field_layout_tabs', '2015-04-26 20:07:21', '2015-04-26 20:07:21', '2015-04-26 20:07:21', '2018d236-1e57-4e97-887f-c41da4dd814a');
INSERT INTO `migrations` (`id`, `pluginId`, `version`, `applyTime`, `dateCreated`, `dateUpdated`, `uid`) VALUES ('11', NULL, 'm141030_000001_drop_structure_move_permission', '2015-04-26 20:07:21', '2015-04-26 20:07:21', '2015-04-26 20:07:21', '458c028d-08a7-4159-bd6b-c911e0fa214f');
INSERT INTO `migrations` (`id`, `pluginId`, `version`, `applyTime`, `dateCreated`, `dateUpdated`, `uid`) VALUES ('12', NULL, 'm141103_000001_tag_titles', '2015-04-26 20:07:21', '2015-04-26 20:07:21', '2015-04-26 20:07:21', '6e001b34-2c24-40c7-8cd0-949785ab7c0e');
INSERT INTO `migrations` (`id`, `pluginId`, `version`, `applyTime`, `dateCreated`, `dateUpdated`, `uid`) VALUES ('13', NULL, 'm141109_000001_user_status_shuffle', '2015-04-26 20:07:21', '2015-04-26 20:07:21', '2015-04-26 20:07:21', 'eade170f-04ca-4ae7-84bb-d819491d58be');
INSERT INTO `migrations` (`id`, `pluginId`, `version`, `applyTime`, `dateCreated`, `dateUpdated`, `uid`) VALUES ('14', NULL, 'm141126_000001_user_week_start_day', '2015-04-26 20:07:21', '2015-04-26 20:07:21', '2015-04-26 20:07:21', 'cf05e219-ed26-455a-a5db-929f6208a288');
INSERT INTO `migrations` (`id`, `pluginId`, `version`, `applyTime`, `dateCreated`, `dateUpdated`, `uid`) VALUES ('15', NULL, 'm150210_000001_adjust_user_photo_size', '2015-04-26 20:07:21', '2015-04-26 20:07:21', '2015-04-26 20:07:21', '17730f5a-b90b-453b-99f2-3eafe05065be');



DROP TABLE IF EXISTS `plugins`;


--
-- Schema for table `plugins`
--
CREATE TABLE `plugins` (
  `id` int(11) NOT NULL AUTO_INCREMENT,
  `class` varchar(150) COLLATE utf8_unicode_ci NOT NULL,
  `version` char(15) COLLATE utf8_unicode_ci NOT NULL,
  `enabled` tinyint(1) unsigned NOT NULL DEFAULT '0',
  `settings` text COLLATE utf8_unicode_ci,
  `installDate` datetime NOT NULL,
  `dateCreated` datetime NOT NULL,
  `dateUpdated` datetime NOT NULL,
  `uid` char(36) COLLATE utf8_unicode_ci NOT NULL DEFAULT '0',
  PRIMARY KEY (`id`)
) ENGINE=InnoDB AUTO_INCREMENT=3 DEFAULT CHARSET=utf8 COLLATE=utf8_unicode_ci;

--
-- Data for table `plugins`
--

INSERT INTO `plugins` (`id`, `class`, `version`, `enabled`, `settings`, `installDate`, `dateCreated`, `dateUpdated`, `uid`) VALUES ('2', 'ContactForm', '1.4', '1', NULL, '2015-04-30 04:33:31', '2015-04-30 04:33:31', '2015-04-30 04:33:31', 'f0e32434-533e-4433-893f-7f5c7ad25bc7');



DROP TABLE IF EXISTS `rackspaceaccess`;


--
-- Schema for table `rackspaceaccess`
--
CREATE TABLE `rackspaceaccess` (
  `id` int(11) NOT NULL AUTO_INCREMENT,
  `connectionKey` varchar(255) COLLATE utf8_unicode_ci NOT NULL,
  `token` varchar(255) COLLATE utf8_unicode_ci NOT NULL,
  `storageUrl` varchar(255) COLLATE utf8_unicode_ci NOT NULL,
  `cdnUrl` varchar(255) COLLATE utf8_unicode_ci NOT NULL,
  `dateCreated` datetime NOT NULL,
  `dateUpdated` datetime NOT NULL,
  `uid` char(36) COLLATE utf8_unicode_ci NOT NULL DEFAULT '0',
  PRIMARY KEY (`id`),
  UNIQUE KEY `rackspaceaccess_connectionKey_unq_idx` (`connectionKey`)
) ENGINE=InnoDB DEFAULT CHARSET=utf8 COLLATE=utf8_unicode_ci;

DROP TABLE IF EXISTS `relations`;


--
-- Schema for table `relations`
--
CREATE TABLE `relations` (
  `id` int(11) NOT NULL AUTO_INCREMENT,
  `fieldId` int(11) NOT NULL,
  `sourceId` int(11) NOT NULL,
  `sourceLocale` char(12) COLLATE utf8_unicode_ci DEFAULT NULL,
  `targetId` int(11) NOT NULL,
  `sortOrder` smallint(6) DEFAULT NULL,
  `dateCreated` datetime NOT NULL,
  `dateUpdated` datetime NOT NULL,
  `uid` char(36) COLLATE utf8_unicode_ci NOT NULL DEFAULT '0',
  PRIMARY KEY (`id`),
  UNIQUE KEY `relations_fieldId_sourceId_sourceLocale_targetId_unq_idx` (`fieldId`,`sourceId`,`sourceLocale`,`targetId`),
  KEY `relations_sourceId_fk` (`sourceId`),
  KEY `relations_sourceLocale_fk` (`sourceLocale`),
  KEY `relations_targetId_fk` (`targetId`)
) ENGINE=InnoDB AUTO_INCREMENT=11 DEFAULT CHARSET=utf8 COLLATE=utf8_unicode_ci;

--
-- Data for table `relations`
--

INSERT INTO `relations` (`id`, `fieldId`, `sourceId`, `sourceLocale`, `targetId`, `sortOrder`, `dateCreated`, `dateUpdated`, `uid`) VALUES ('8', '13', '10', NULL, '7', '1', '2015-04-30 04:55:01', '2015-04-30 04:55:01', 'e943f012-2c46-4d4d-ad91-b985349ab37f');
INSERT INTO `relations` (`id`, `fieldId`, `sourceId`, `sourceLocale`, `targetId`, `sortOrder`, `dateCreated`, `dateUpdated`, `uid`) VALUES ('9', '13', '9', NULL, '8', '1', '2015-04-30 04:55:33', '2015-04-30 04:55:33', '7fbe476e-456a-4566-8134-ffc7d159cfcc');
INSERT INTO `relations` (`id`, `fieldId`, `sourceId`, `sourceLocale`, `targetId`, `sortOrder`, `dateCreated`, `dateUpdated`, `uid`) VALUES ('10', '13', '6', NULL, '7', '1', '2015-04-30 04:56:07', '2015-04-30 04:56:07', '1bbf11f5-8be9-4bb9-a75a-090ecd7f7783');



DROP TABLE IF EXISTS `routes`;


--
-- Schema for table `routes`
--
CREATE TABLE `routes` (
  `id` int(11) NOT NULL AUTO_INCREMENT,
  `locale` char(12) COLLATE utf8_unicode_ci DEFAULT NULL,
  `urlParts` varchar(255) COLLATE utf8_unicode_ci NOT NULL,
  `urlPattern` varchar(255) COLLATE utf8_unicode_ci NOT NULL,
  `template` varchar(255) COLLATE utf8_unicode_ci NOT NULL,
  `sortOrder` tinyint(4) DEFAULT NULL,
  `dateCreated` datetime NOT NULL,
  `dateUpdated` datetime NOT NULL,
  `uid` char(36) COLLATE utf8_unicode_ci NOT NULL DEFAULT '0',
  PRIMARY KEY (`id`),
  UNIQUE KEY `routes_urlPattern_unq_idx` (`urlPattern`),
  KEY `routes_locale_idx` (`locale`)
) ENGINE=InnoDB DEFAULT CHARSET=utf8 COLLATE=utf8_unicode_ci;

DROP TABLE IF EXISTS `searchindex`;


--
-- Schema for table `searchindex`
--
CREATE TABLE `searchindex` (
  `elementId` int(11) NOT NULL,
  `attribute` varchar(25) COLLATE utf8_unicode_ci NOT NULL,
  `fieldId` int(11) NOT NULL,
  `locale` char(12) COLLATE utf8_unicode_ci NOT NULL,
  `keywords` text COLLATE utf8_unicode_ci NOT NULL,
  PRIMARY KEY (`elementId`,`attribute`,`fieldId`,`locale`),
  FULLTEXT KEY `searchindex_keywords_idx` (`keywords`)
) ENGINE=MyISAM DEFAULT CHARSET=utf8 COLLATE=utf8_unicode_ci;

--
-- Data for table `searchindex`
--

INSERT INTO `searchindex` (`elementId`, `attribute`, `fieldId`, `locale`, `keywords`) VALUES ('1', 'username', '0', 'en_us', ' joeonmars ');
INSERT INTO `searchindex` (`elementId`, `attribute`, `fieldId`, `locale`, `keywords`) VALUES ('1', 'firstname', '0', 'en_us', '');
INSERT INTO `searchindex` (`elementId`, `attribute`, `fieldId`, `locale`, `keywords`) VALUES ('1', 'lastname', '0', 'en_us', '');
INSERT INTO `searchindex` (`elementId`, `attribute`, `fieldId`, `locale`, `keywords`) VALUES ('1', 'fullname', '0', 'en_us', '');
INSERT INTO `searchindex` (`elementId`, `attribute`, `fieldId`, `locale`, `keywords`) VALUES ('1', 'email', '0', 'en_us', ' joeonmars gmail com ');
INSERT INTO `searchindex` (`elementId`, `attribute`, `fieldId`, `locale`, `keywords`) VALUES ('1', 'slug', '0', 'en_us', '');
INSERT INTO `searchindex` (`elementId`, `attribute`, `fieldId`, `locale`, `keywords`) VALUES ('2', 'field', '1', 'en_us', ' it s true this site doesn t have a whole lot of content yet but don t worry our web developers have just installed the cms and they re setting things up for the content editors this very moment soon graceux dev will be an oasis of fresh perspectives sharp analyses and astute opinions that will keep you coming back again and again ');
INSERT INTO `searchindex` (`elementId`, `attribute`, `fieldId`, `locale`, `keywords`) VALUES ('2', 'slug', '0', 'en_us', ' homepage ');
INSERT INTO `searchindex` (`elementId`, `attribute`, `fieldId`, `locale`, `keywords`) VALUES ('2', 'title', '0', 'en_us', ' welcome to graceux dev ');
INSERT INTO `searchindex` (`elementId`, `attribute`, `fieldId`, `locale`, `keywords`) VALUES ('3', 'field', '1', 'en_us', ' craft is the cms that s powering graceux dev it s beautiful powerful flexible and easy to use and it s made by pixel tonic we can t wait to dive in and see what it s capable of this is even more captivating content which you couldn t see on the news index page because it was entered after a page break and the news index template only likes to show the content on the first page craft a nice alternative to word if you re making a website ');
INSERT INTO `searchindex` (`elementId`, `attribute`, `fieldId`, `locale`, `keywords`) VALUES ('3', 'field', '2', 'en_us', '');
INSERT INTO `searchindex` (`elementId`, `attribute`, `fieldId`, `locale`, `keywords`) VALUES ('3', 'slug', '0', 'en_us', '');
INSERT INTO `searchindex` (`elementId`, `attribute`, `fieldId`, `locale`, `keywords`) VALUES ('3', 'title', '0', 'en_us', ' we just installed craft ');
INSERT INTO `searchindex` (`elementId`, `attribute`, `fieldId`, `locale`, `keywords`) VALUES ('4', 'username', '0', 'en_us', ' graceux ');
INSERT INTO `searchindex` (`elementId`, `attribute`, `fieldId`, `locale`, `keywords`) VALUES ('4', 'firstname', '0', 'en_us', ' grace ');
INSERT INTO `searchindex` (`elementId`, `attribute`, `fieldId`, `locale`, `keywords`) VALUES ('4', 'lastname', '0', 'en_us', ' fan ');
INSERT INTO `searchindex` (`elementId`, `attribute`, `fieldId`, `locale`, `keywords`) VALUES ('4', 'fullname', '0', 'en_us', ' grace fan ');
INSERT INTO `searchindex` (`elementId`, `attribute`, `fieldId`, `locale`, `keywords`) VALUES ('4', 'email', '0', 'en_us', ' yueinteractive gmail com ');
INSERT INTO `searchindex` (`elementId`, `attribute`, `fieldId`, `locale`, `keywords`) VALUES ('4', 'slug', '0', 'en_us', '');
INSERT INTO `searchindex` (`elementId`, `attribute`, `fieldId`, `locale`, `keywords`) VALUES ('6', 'field', '3', 'en_us', ' fengshui also known as geomantic omen literally translated to wind and water in chinese fengshui has some primary disciplines in terms of aesthetics psychology and environmental science ');
INSERT INTO `searchindex` (`elementId`, `attribute`, `fieldId`, `locale`, `keywords`) VALUES ('6', 'field', '4', 'en_us', ' 2014 ');
INSERT INTO `searchindex` (`elementId`, `attribute`, `fieldId`, `locale`, `keywords`) VALUES ('6', 'field', '10', 'en_us', '');
INSERT INTO `searchindex` (`elementId`, `attribute`, `fieldId`, `locale`, `keywords`) VALUES ('6', 'field', '11', 'en_us', '');
INSERT INTO `searchindex` (`elementId`, `attribute`, `fieldId`, `locale`, `keywords`) VALUES ('6', 'field', '12', 'en_us', ' ux 2d 3d visual design development ');
INSERT INTO `searchindex` (`elementId`, `attribute`, `fieldId`, `locale`, `keywords`) VALUES ('6', 'field', '9', 'en_us', ' aftereffects flash photoshop blender css3 html5 javascript sketch webgl ');
INSERT INTO `searchindex` (`elementId`, `attribute`, `fieldId`, `locale`, `keywords`) VALUES ('6', 'slug', '0', 'en_us', ' real time fengshui ');
INSERT INTO `searchindex` (`elementId`, `attribute`, `fieldId`, `locale`, `keywords`) VALUES ('6', 'title', '0', 'en_us', ' real time fengshui ');
INSERT INTO `searchindex` (`elementId`, `attribute`, `fieldId`, `locale`, `keywords`) VALUES ('7', 'slug', '0', 'en_us', ' projects ');
INSERT INTO `searchindex` (`elementId`, `attribute`, `fieldId`, `locale`, `keywords`) VALUES ('7', 'title', '0', 'en_us', ' projects ');
INSERT INTO `searchindex` (`elementId`, `attribute`, `fieldId`, `locale`, `keywords`) VALUES ('8', 'slug', '0', 'en_us', ' labs ');
INSERT INTO `searchindex` (`elementId`, `attribute`, `fieldId`, `locale`, `keywords`) VALUES ('8', 'title', '0', 'en_us', ' labs ');
INSERT INTO `searchindex` (`elementId`, `attribute`, `fieldId`, `locale`, `keywords`) VALUES ('6', 'field', '13', 'en_us', ' projects ');
INSERT INTO `searchindex` (`elementId`, `attribute`, `fieldId`, `locale`, `keywords`) VALUES ('9', 'field', '13', 'en_us', ' labs ');
INSERT INTO `searchindex` (`elementId`, `attribute`, `fieldId`, `locale`, `keywords`) VALUES ('9', 'field', '3', 'en_us', ' this is the project description ');
INSERT INTO `searchindex` (`elementId`, `attribute`, `fieldId`, `locale`, `keywords`) VALUES ('9', 'field', '4', 'en_us', ' 2014 ');
INSERT INTO `searchindex` (`elementId`, `attribute`, `fieldId`, `locale`, `keywords`) VALUES ('9', 'field', '10', 'en_us', '');
INSERT INTO `searchindex` (`elementId`, `attribute`, `fieldId`, `locale`, `keywords`) VALUES ('9', 'field', '11', 'en_us', '');
INSERT INTO `searchindex` (`elementId`, `attribute`, `fieldId`, `locale`, `keywords`) VALUES ('9', 'field', '12', 'en_us', ' ux wireframe visual design ');
INSERT INTO `searchindex` (`elementId`, `attribute`, `fieldId`, `locale`, `keywords`) VALUES ('9', 'field', '9', 'en_us', ' photoshop justinmind sketch ');
INSERT INTO `searchindex` (`elementId`, `attribute`, `fieldId`, `locale`, `keywords`) VALUES ('9', 'slug', '0', 'en_us', ' sleep well concept ');
INSERT INTO `searchindex` (`elementId`, `attribute`, `fieldId`, `locale`, `keywords`) VALUES ('9', 'title', '0', 'en_us', ' sleep well concept ');
INSERT INTO `searchindex` (`elementId`, `attribute`, `fieldId`, `locale`, `keywords`) VALUES ('7', 'field', '14', 'en_us', ' this is the projects page ');
INSERT INTO `searchindex` (`elementId`, `attribute`, `fieldId`, `locale`, `keywords`) VALUES ('7', 'field', '15', 'en_us', ' hello from projects page ');
INSERT INTO `searchindex` (`elementId`, `attribute`, `fieldId`, `locale`, `keywords`) VALUES ('8', 'field', '14', 'en_us', ' this is the labs page ');
INSERT INTO `searchindex` (`elementId`, `attribute`, `fieldId`, `locale`, `keywords`) VALUES ('8', 'field', '15', 'en_us', ' hello from labs page ');
INSERT INTO `searchindex` (`elementId`, `attribute`, `fieldId`, `locale`, `keywords`) VALUES ('10', 'field', '13', 'en_us', ' projects ');
INSERT INTO `searchindex` (`elementId`, `attribute`, `fieldId`, `locale`, `keywords`) VALUES ('10', 'field', '3', 'en_us', ' the official website design for liveperson ');
INSERT INTO `searchindex` (`elementId`, `attribute`, `fieldId`, `locale`, `keywords`) VALUES ('10', 'field', '4', 'en_us', ' 2015 ');
INSERT INTO `searchindex` (`elementId`, `attribute`, `fieldId`, `locale`, `keywords`) VALUES ('10', 'field', '10', 'en_us', ' liveperson ');
INSERT INTO `searchindex` (`elementId`, `attribute`, `fieldId`, `locale`, `keywords`) VALUES ('10', 'field', '11', 'en_us', ' http www liveperson com ');
INSERT INTO `searchindex` (`elementId`, `attribute`, `fieldId`, `locale`, `keywords`) VALUES ('10', 'field', '12', 'en_us', ' visual design ');
INSERT INTO `searchindex` (`elementId`, `attribute`, `fieldId`, `locale`, `keywords`) VALUES ('10', 'field', '9', 'en_us', ' photoshop ');
INSERT INTO `searchindex` (`elementId`, `attribute`, `fieldId`, `locale`, `keywords`) VALUES ('10', 'slug', '0', 'en_us', ' liveperson official site ');
INSERT INTO `searchindex` (`elementId`, `attribute`, `fieldId`, `locale`, `keywords`) VALUES ('10', 'title', '0', 'en_us', ' liveperson official site ');
INSERT INTO `searchindex` (`elementId`, `attribute`, `fieldId`, `locale`, `keywords`) VALUES ('6', 'field', '16', 'en_us', '');
INSERT INTO `searchindex` (`elementId`, `attribute`, `fieldId`, `locale`, `keywords`) VALUES ('6', 'field', '17', 'en_us', '');
INSERT INTO `searchindex` (`elementId`, `attribute`, `fieldId`, `locale`, `keywords`) VALUES ('6', 'field', '18', 'en_us', '');
INSERT INTO `searchindex` (`elementId`, `attribute`, `fieldId`, `locale`, `keywords`) VALUES ('10', 'field', '17', 'en_us', '');
INSERT INTO `searchindex` (`elementId`, `attribute`, `fieldId`, `locale`, `keywords`) VALUES ('10', 'field', '20', 'en_us', ' this is a cool website ');
INSERT INTO `searchindex` (`elementId`, `attribute`, `fieldId`, `locale`, `keywords`) VALUES ('10', 'field', '19', 'en_us', ' project brief ');
INSERT INTO `searchindex` (`elementId`, `attribute`, `fieldId`, `locale`, `keywords`) VALUES ('10', 'field', '16', 'en_us', '');
INSERT INTO `searchindex` (`elementId`, `attribute`, `fieldId`, `locale`, `keywords`) VALUES ('10', 'field', '18', 'en_us', '');
INSERT INTO `searchindex` (`elementId`, `attribute`, `fieldId`, `locale`, `keywords`) VALUES ('10', 'field', '21', 'en_us', ' what i ve learned ');
INSERT INTO `searchindex` (`elementId`, `attribute`, `fieldId`, `locale`, `keywords`) VALUES ('10', 'field', '22', 'en_us', ' i ve learned a lot ');
INSERT INTO `searchindex` (`elementId`, `attribute`, `fieldId`, `locale`, `keywords`) VALUES ('9', 'field', '16', 'en_us', '');
INSERT INTO `searchindex` (`elementId`, `attribute`, `fieldId`, `locale`, `keywords`) VALUES ('9', 'field', '19', 'en_us', ' project brief ');
INSERT INTO `searchindex` (`elementId`, `attribute`, `fieldId`, `locale`, `keywords`) VALUES ('9', 'field', '20', 'en_us', ' this is a cool project ');
INSERT INTO `searchindex` (`elementId`, `attribute`, `fieldId`, `locale`, `keywords`) VALUES ('9', 'field', '17', 'en_us', '');
INSERT INTO `searchindex` (`elementId`, `attribute`, `fieldId`, `locale`, `keywords`) VALUES ('9', 'field', '18', 'en_us', '');
INSERT INTO `searchindex` (`elementId`, `attribute`, `fieldId`, `locale`, `keywords`) VALUES ('9', 'field', '21', 'en_us', ' what i ve learned ');
INSERT INTO `searchindex` (`elementId`, `attribute`, `fieldId`, `locale`, `keywords`) VALUES ('9', 'field', '22', 'en_us', ' i ve learned a lot ');
INSERT INTO `searchindex` (`elementId`, `attribute`, `fieldId`, `locale`, `keywords`) VALUES ('6', 'field', '19', 'en_us', ' project brief ');
INSERT INTO `searchindex` (`elementId`, `attribute`, `fieldId`, `locale`, `keywords`) VALUES ('6', 'field', '20', 'en_us', ' this is a cool project ');
INSERT INTO `searchindex` (`elementId`, `attribute`, `fieldId`, `locale`, `keywords`) VALUES ('6', 'field', '21', 'en_us', ' what i ve learned ');
INSERT INTO `searchindex` (`elementId`, `attribute`, `fieldId`, `locale`, `keywords`) VALUES ('6', 'field', '22', 'en_us', ' i ve learned a lot ');



DROP TABLE IF EXISTS `sections`;


--
-- Schema for table `sections`
--
CREATE TABLE `sections` (
  `id` int(11) NOT NULL AUTO_INCREMENT,
  `structureId` int(11) DEFAULT NULL,
  `name` varchar(255) COLLATE utf8_unicode_ci NOT NULL,
  `handle` varchar(255) COLLATE utf8_unicode_ci NOT NULL,
  `type` enum('single','channel','structure') COLLATE utf8_unicode_ci NOT NULL DEFAULT 'channel',
  `hasUrls` tinyint(1) unsigned NOT NULL DEFAULT '1',
  `template` varchar(500) COLLATE utf8_unicode_ci DEFAULT NULL,
  `enableVersioning` tinyint(1) unsigned NOT NULL DEFAULT '0',
  `dateCreated` datetime NOT NULL,
  `dateUpdated` datetime NOT NULL,
  `uid` char(36) COLLATE utf8_unicode_ci NOT NULL DEFAULT '0',
  PRIMARY KEY (`id`),
  UNIQUE KEY `sections_name_unq_idx` (`name`),
  UNIQUE KEY `sections_handle_unq_idx` (`handle`),
  KEY `sections_structureId_fk` (`structureId`)
) ENGINE=InnoDB AUTO_INCREMENT=6 DEFAULT CHARSET=utf8 COLLATE=utf8_unicode_ci;

--
-- Data for table `sections`
--

INSERT INTO `sections` (`id`, `structureId`, `name`, `handle`, `type`, `hasUrls`, `template`, `enableVersioning`, `dateCreated`, `dateUpdated`, `uid`) VALUES ('1', NULL, 'Homepage', 'homepage', 'single', '1', 'index', '1', '2015-04-26 20:07:25', '2015-04-26 20:07:25', '8913cf03-aa2f-4879-8b31-b0f93360f04f');
INSERT INTO `sections` (`id`, `structureId`, `name`, `handle`, `type`, `hasUrls`, `template`, `enableVersioning`, `dateCreated`, `dateUpdated`, `uid`) VALUES ('2', NULL, 'News', 'news', 'channel', '1', 'news/_entry', '1', '2015-04-26 20:07:25', '2015-04-26 20:07:25', '21ae30b9-9b00-438d-9732-81410ffcf100');
INSERT INTO `sections` (`id`, `structureId`, `name`, `handle`, `type`, `hasUrls`, `template`, `enableVersioning`, `dateCreated`, `dateUpdated`, `uid`) VALUES ('3', NULL, 'Portfolio', 'portfolio', 'channel', '1', 'news/_entry', '1', '2015-04-29 01:57:30', '2015-04-29 16:42:27', '156852bf-9a60-4767-a790-b92bb956cda7');
INSERT INTO `sections` (`id`, `structureId`, `name`, `handle`, `type`, `hasUrls`, `template`, `enableVersioning`, `dateCreated`, `dateUpdated`, `uid`) VALUES ('5', NULL, 'About', 'about', 'single', '1', 'about', '1', '2015-04-29 01:58:37', '2015-04-29 01:58:37', 'd2b1bf88-4248-47a1-9933-d206429cdc98');



DROP TABLE IF EXISTS `sections_i18n`;


--
-- Schema for table `sections_i18n`
--
CREATE TABLE `sections_i18n` (
  `id` int(11) NOT NULL AUTO_INCREMENT,
  `sectionId` int(11) NOT NULL,
  `locale` char(12) COLLATE utf8_unicode_ci NOT NULL,
  `enabledByDefault` tinyint(1) unsigned NOT NULL DEFAULT '1',
  `urlFormat` varchar(255) COLLATE utf8_unicode_ci DEFAULT NULL,
  `nestedUrlFormat` varchar(255) COLLATE utf8_unicode_ci DEFAULT NULL,
  `dateCreated` datetime NOT NULL,
  `dateUpdated` datetime NOT NULL,
  `uid` char(36) COLLATE utf8_unicode_ci NOT NULL DEFAULT '0',
  PRIMARY KEY (`id`),
  UNIQUE KEY `sections_i18n_sectionId_locale_unq_idx` (`sectionId`,`locale`),
  KEY `sections_i18n_locale_fk` (`locale`)
) ENGINE=InnoDB AUTO_INCREMENT=6 DEFAULT CHARSET=utf8 COLLATE=utf8_unicode_ci;

--
-- Data for table `sections_i18n`
--

INSERT INTO `sections_i18n` (`id`, `sectionId`, `locale`, `enabledByDefault`, `urlFormat`, `nestedUrlFormat`, `dateCreated`, `dateUpdated`, `uid`) VALUES ('1', '1', 'en_us', '1', '__home__', NULL, '2015-04-26 20:07:25', '2015-04-26 20:07:25', '7e6308ac-0683-4504-8533-1f33bda97fb2');
INSERT INTO `sections_i18n` (`id`, `sectionId`, `locale`, `enabledByDefault`, `urlFormat`, `nestedUrlFormat`, `dateCreated`, `dateUpdated`, `uid`) VALUES ('2', '2', 'en_us', '1', 'news/{postDate.year}/{slug}', NULL, '2015-04-26 20:07:25', '2015-04-26 20:07:25', 'cbe4ffd8-2032-4558-8de0-512708a9f710');
INSERT INTO `sections_i18n` (`id`, `sectionId`, `locale`, `enabledByDefault`, `urlFormat`, `nestedUrlFormat`, `dateCreated`, `dateUpdated`, `uid`) VALUES ('3', '3', 'en_us', '0', '{portfolioCategory.first.slug}/{slug}', NULL, '2015-04-29 01:57:30', '2015-04-29 16:42:27', '6013db14-539e-4a26-80f0-d825b766f715');
INSERT INTO `sections_i18n` (`id`, `sectionId`, `locale`, `enabledByDefault`, `urlFormat`, `nestedUrlFormat`, `dateCreated`, `dateUpdated`, `uid`) VALUES ('5', '5', 'en_us', '0', 'about', NULL, '2015-04-29 01:58:37', '2015-04-29 01:58:37', 'e512a15b-b223-436a-8e78-cbfaa5f7da67');



DROP TABLE IF EXISTS `sessions`;


--
-- Schema for table `sessions`
--
CREATE TABLE `sessions` (
  `id` int(11) NOT NULL AUTO_INCREMENT,
  `userId` int(11) NOT NULL,
  `token` char(100) COLLATE utf8_unicode_ci NOT NULL,
  `dateCreated` datetime NOT NULL,
  `dateUpdated` datetime NOT NULL,
  `uid` char(36) COLLATE utf8_unicode_ci NOT NULL DEFAULT '0',
  PRIMARY KEY (`id`),
  KEY `sessions_uid_idx` (`uid`),
  KEY `sessions_token_idx` (`token`),
  KEY `sessions_dateUpdated_idx` (`dateUpdated`),
  KEY `sessions_userId_fk` (`userId`)
) ENGINE=InnoDB AUTO_INCREMENT=3 DEFAULT CHARSET=utf8 COLLATE=utf8_unicode_ci;

DROP TABLE IF EXISTS `shunnedmessages`;


--
-- Schema for table `shunnedmessages`
--
CREATE TABLE `shunnedmessages` (
  `id` int(11) NOT NULL AUTO_INCREMENT,
  `userId` int(11) NOT NULL,
  `message` varchar(255) COLLATE utf8_unicode_ci NOT NULL,
  `expiryDate` datetime DEFAULT NULL,
  `dateCreated` datetime NOT NULL,
  `dateUpdated` datetime NOT NULL,
  `uid` char(36) COLLATE utf8_unicode_ci NOT NULL DEFAULT '0',
  PRIMARY KEY (`id`),
  UNIQUE KEY `shunnedmessages_userId_message_unq_idx` (`userId`,`message`)
) ENGINE=InnoDB DEFAULT CHARSET=utf8 COLLATE=utf8_unicode_ci;

DROP TABLE IF EXISTS `structureelements`;


--
-- Schema for table `structureelements`
--
CREATE TABLE `structureelements` (
  `id` int(11) NOT NULL AUTO_INCREMENT,
  `structureId` int(11) NOT NULL,
  `elementId` int(11) DEFAULT NULL,
  `root` int(11) unsigned DEFAULT NULL,
  `lft` int(11) unsigned NOT NULL,
  `rgt` int(11) unsigned NOT NULL,
  `level` smallint(6) unsigned NOT NULL,
  `dateCreated` datetime NOT NULL,
  `dateUpdated` datetime NOT NULL,
  `uid` char(36) COLLATE utf8_unicode_ci NOT NULL DEFAULT '0',
  PRIMARY KEY (`id`),
  UNIQUE KEY `structureelements_structureId_elementId_unq_idx` (`structureId`,`elementId`),
  KEY `structureelements_root_idx` (`root`),
  KEY `structureelements_lft_idx` (`lft`),
  KEY `structureelements_rgt_idx` (`rgt`),
  KEY `structureelements_level_idx` (`level`),
  KEY `structureelements_elementId_fk` (`elementId`)
) ENGINE=InnoDB AUTO_INCREMENT=5 DEFAULT CHARSET=utf8 COLLATE=utf8_unicode_ci;

--
-- Data for table `structureelements`
--

INSERT INTO `structureelements` (`id`, `structureId`, `elementId`, `root`, `lft`, `rgt`, `level`, `dateCreated`, `dateUpdated`, `uid`) VALUES ('1', '1', NULL, '1', '1', '2', '0', '2015-04-29 13:28:09', '2015-04-29 13:28:09', '9b67c333-dfeb-4d71-b6a6-4d0d953e5b4d');
INSERT INTO `structureelements` (`id`, `structureId`, `elementId`, `root`, `lft`, `rgt`, `level`, `dateCreated`, `dateUpdated`, `uid`) VALUES ('2', '4', NULL, '2', '1', '6', '0', '2015-04-29 14:57:45', '2015-04-29 14:57:45', 'b57af69f-b1f2-4782-ace1-2784dd4e6742');
INSERT INTO `structureelements` (`id`, `structureId`, `elementId`, `root`, `lft`, `rgt`, `level`, `dateCreated`, `dateUpdated`, `uid`) VALUES ('3', '4', '7', '2', '2', '3', '1', '2015-04-29 14:57:45', '2015-04-29 14:57:45', '15ff2aeb-08ad-4388-b14d-abf6cebee8b1');
INSERT INTO `structureelements` (`id`, `structureId`, `elementId`, `root`, `lft`, `rgt`, `level`, `dateCreated`, `dateUpdated`, `uid`) VALUES ('4', '4', '8', '2', '4', '5', '1', '2015-04-29 14:57:50', '2015-04-29 14:57:50', 'ed722587-b4ef-4b66-bb92-44f245fba89c');



DROP TABLE IF EXISTS `structures`;


--
-- Schema for table `structures`
--
CREATE TABLE `structures` (
  `id` int(11) NOT NULL AUTO_INCREMENT,
  `maxLevels` smallint(6) unsigned DEFAULT NULL,
  `dateCreated` datetime NOT NULL,
  `dateUpdated` datetime NOT NULL,
  `uid` char(36) COLLATE utf8_unicode_ci NOT NULL DEFAULT '0',
  PRIMARY KEY (`id`)
) ENGINE=InnoDB AUTO_INCREMENT=5 DEFAULT CHARSET=utf8 COLLATE=utf8_unicode_ci;

--
-- Data for table `structures`
--

INSERT INTO `structures` (`id`, `maxLevels`, `dateCreated`, `dateUpdated`, `uid`) VALUES ('1', NULL, '2015-04-29 13:27:41', '2015-04-29 13:27:41', '47d4121b-3f70-4f46-a98b-b1831d47e2c3');
INSERT INTO `structures` (`id`, `maxLevels`, `dateCreated`, `dateUpdated`, `uid`) VALUES ('2', NULL, '2015-04-29 13:31:09', '2015-04-29 13:31:09', 'cbc6ac05-ecc8-40b3-8281-703f1a9a1462');
INSERT INTO `structures` (`id`, `maxLevels`, `dateCreated`, `dateUpdated`, `uid`) VALUES ('3', NULL, '2015-04-29 13:31:20', '2015-04-29 13:31:20', 'e319a970-bb76-4c3c-b6c6-b0594de25ae1');
INSERT INTO `structures` (`id`, `maxLevels`, `dateCreated`, `dateUpdated`, `uid`) VALUES ('4', '1', '2015-04-29 14:57:32', '2015-04-29 16:50:05', 'aa96e1c0-57f6-449c-8a45-208f9ee8290c');



DROP TABLE IF EXISTS `systemsettings`;


--
-- Schema for table `systemsettings`
--
CREATE TABLE `systemsettings` (
  `id` int(11) NOT NULL AUTO_INCREMENT,
  `category` varchar(15) COLLATE utf8_unicode_ci NOT NULL,
  `settings` text COLLATE utf8_unicode_ci,
  `dateCreated` datetime NOT NULL,
  `dateUpdated` datetime NOT NULL,
  `uid` char(36) COLLATE utf8_unicode_ci NOT NULL DEFAULT '0',
  PRIMARY KEY (`id`),
  UNIQUE KEY `systemsettings_category_unq_idx` (`category`)
) ENGINE=InnoDB AUTO_INCREMENT=2 DEFAULT CHARSET=utf8 COLLATE=utf8_unicode_ci;

--
-- Data for table `systemsettings`
--

INSERT INTO `systemsettings` (`id`, `category`, `settings`, `dateCreated`, `dateUpdated`, `uid`) VALUES ('1', 'email', '{\"protocol\":\"php\",\"emailAddress\":\"joeonmars@gmail.com\",\"senderName\":\"Grace Experience\"}', '2015-04-26 20:07:25', '2015-04-26 20:07:25', 'ccd2020f-af45-4d84-a4b2-5f1c2aa88660');



DROP TABLE IF EXISTS `taggroups`;


--
-- Schema for table `taggroups`
--
CREATE TABLE `taggroups` (
  `id` int(11) NOT NULL AUTO_INCREMENT,
  `name` varchar(255) COLLATE utf8_unicode_ci NOT NULL,
  `handle` varchar(255) COLLATE utf8_unicode_ci NOT NULL,
  `fieldLayoutId` int(10) DEFAULT NULL,
  `dateCreated` datetime NOT NULL,
  `dateUpdated` datetime NOT NULL,
  `uid` char(36) COLLATE utf8_unicode_ci NOT NULL DEFAULT '0',
  PRIMARY KEY (`id`),
  UNIQUE KEY `taggroups_name_unq_idx` (`name`),
  UNIQUE KEY `taggroups_handle_unq_idx` (`handle`),
  KEY `taggroups_fieldLayoutId_fk` (`fieldLayoutId`)
) ENGINE=InnoDB AUTO_INCREMENT=2 DEFAULT CHARSET=utf8 COLLATE=utf8_unicode_ci;

--
-- Data for table `taggroups`
--

INSERT INTO `taggroups` (`id`, `name`, `handle`, `fieldLayoutId`, `dateCreated`, `dateUpdated`, `uid`) VALUES ('1', 'Default', 'default', '1', '2015-04-26 20:07:25', '2015-04-26 20:07:25', 'cf49c311-346a-4eb7-9d80-38f2c291064a');



DROP TABLE IF EXISTS `tags`;


--
-- Schema for table `tags`
--
CREATE TABLE `tags` (
  `id` int(11) NOT NULL,
  `groupId` int(11) NOT NULL,
  `dateCreated` datetime NOT NULL,
  `dateUpdated` datetime NOT NULL,
  `uid` char(36) COLLATE utf8_unicode_ci NOT NULL DEFAULT '0',
  PRIMARY KEY (`id`),
  KEY `tags_groupId_fk` (`groupId`)
) ENGINE=InnoDB DEFAULT CHARSET=utf8 COLLATE=utf8_unicode_ci;

DROP TABLE IF EXISTS `tasks`;


--
-- Schema for table `tasks`
--
CREATE TABLE `tasks` (
  `id` int(11) NOT NULL AUTO_INCREMENT,
  `root` int(11) unsigned DEFAULT NULL,
  `lft` int(11) unsigned NOT NULL,
  `rgt` int(11) unsigned NOT NULL,
  `level` smallint(6) unsigned NOT NULL,
  `currentStep` int(11) unsigned DEFAULT NULL,
  `totalSteps` int(11) unsigned DEFAULT NULL,
  `status` enum('pending','error','running') COLLATE utf8_unicode_ci DEFAULT NULL,
  `type` varchar(150) COLLATE utf8_unicode_ci NOT NULL,
  `description` varchar(255) COLLATE utf8_unicode_ci DEFAULT NULL,
  `settings` text COLLATE utf8_unicode_ci,
  `dateCreated` datetime NOT NULL,
  `dateUpdated` datetime NOT NULL,
  `uid` char(36) COLLATE utf8_unicode_ci NOT NULL DEFAULT '0',
  PRIMARY KEY (`id`),
  KEY `tasks_root_idx` (`root`),
  KEY `tasks_lft_idx` (`lft`),
  KEY `tasks_rgt_idx` (`rgt`),
  KEY `tasks_level_idx` (`level`)
) ENGINE=InnoDB AUTO_INCREMENT=35 DEFAULT CHARSET=utf8 COLLATE=utf8_unicode_ci;

DROP TABLE IF EXISTS `templatecachecriteria`;


--
-- Schema for table `templatecachecriteria`
--
CREATE TABLE `templatecachecriteria` (
  `id` int(11) NOT NULL AUTO_INCREMENT,
  `cacheId` int(11) NOT NULL,
  `type` varchar(150) COLLATE utf8_unicode_ci NOT NULL,
  `criteria` text COLLATE utf8_unicode_ci NOT NULL,
  PRIMARY KEY (`id`),
  KEY `templatecachecriteria_cacheId_fk` (`cacheId`),
  KEY `templatecachecriteria_type_idx` (`type`)
) ENGINE=InnoDB DEFAULT CHARSET=utf8 COLLATE=utf8_unicode_ci;

DROP TABLE IF EXISTS `templatecacheelements`;


--
-- Schema for table `templatecacheelements`
--
CREATE TABLE `templatecacheelements` (
  `cacheId` int(11) NOT NULL,
  `elementId` int(11) NOT NULL,
  KEY `templatecacheelements_cacheId_fk` (`cacheId`),
  KEY `templatecacheelements_elementId_fk` (`elementId`)
) ENGINE=InnoDB DEFAULT CHARSET=utf8 COLLATE=utf8_unicode_ci;

DROP TABLE IF EXISTS `templatecaches`;


--
-- Schema for table `templatecaches`
--
CREATE TABLE `templatecaches` (
  `id` int(11) NOT NULL AUTO_INCREMENT,
  `cacheKey` varchar(255) COLLATE utf8_unicode_ci NOT NULL,
  `locale` char(12) COLLATE utf8_unicode_ci NOT NULL,
  `path` varchar(255) COLLATE utf8_unicode_ci DEFAULT NULL,
  `expiryDate` datetime NOT NULL,
  `body` mediumtext COLLATE utf8_unicode_ci NOT NULL,
  PRIMARY KEY (`id`),
  KEY `templatecaches_expiryDate_cacheKey_locale_path_idx` (`expiryDate`,`cacheKey`,`locale`,`path`),
  KEY `templatecaches_locale_fk` (`locale`)
) ENGINE=InnoDB DEFAULT CHARSET=utf8 COLLATE=utf8_unicode_ci;

DROP TABLE IF EXISTS `tokens`;


--
-- Schema for table `tokens`
--
CREATE TABLE `tokens` (
  `id` int(11) NOT NULL AUTO_INCREMENT,
  `token` char(32) COLLATE utf8_unicode_ci NOT NULL,
  `route` text COLLATE utf8_unicode_ci,
  `usageLimit` tinyint(3) unsigned DEFAULT NULL,
  `usageCount` tinyint(3) unsigned DEFAULT NULL,
  `expiryDate` datetime NOT NULL,
  `dateCreated` datetime NOT NULL,
  `dateUpdated` datetime NOT NULL,
  `uid` char(36) COLLATE utf8_unicode_ci NOT NULL DEFAULT '0',
  PRIMARY KEY (`id`),
  UNIQUE KEY `tokens_token_unq_idx` (`token`),
  KEY `tokens_expiryDate_idx` (`expiryDate`)
) ENGINE=InnoDB DEFAULT CHARSET=utf8 COLLATE=utf8_unicode_ci;

DROP TABLE IF EXISTS `usergroups`;


--
-- Schema for table `usergroups`
--
CREATE TABLE `usergroups` (
  `id` int(11) NOT NULL AUTO_INCREMENT,
  `name` varchar(255) COLLATE utf8_unicode_ci NOT NULL,
  `handle` varchar(255) COLLATE utf8_unicode_ci NOT NULL,
  `dateCreated` datetime NOT NULL,
  `dateUpdated` datetime NOT NULL,
  `uid` char(36) COLLATE utf8_unicode_ci NOT NULL DEFAULT '0',
  PRIMARY KEY (`id`)
) ENGINE=InnoDB DEFAULT CHARSET=utf8 COLLATE=utf8_unicode_ci;

DROP TABLE IF EXISTS `usergroups_users`;


--
-- Schema for table `usergroups_users`
--
CREATE TABLE `usergroups_users` (
  `id` int(11) NOT NULL AUTO_INCREMENT,
  `groupId` int(11) NOT NULL,
  `userId` int(11) NOT NULL,
  `dateCreated` datetime NOT NULL,
  `dateUpdated` datetime NOT NULL,
  `uid` char(36) COLLATE utf8_unicode_ci NOT NULL DEFAULT '0',
  PRIMARY KEY (`id`),
  UNIQUE KEY `usergroups_users_groupId_userId_unq_idx` (`groupId`,`userId`),
  KEY `usergroups_users_userId_fk` (`userId`)
) ENGINE=InnoDB DEFAULT CHARSET=utf8 COLLATE=utf8_unicode_ci;

DROP TABLE IF EXISTS `userpermissions`;


--
-- Schema for table `userpermissions`
--
CREATE TABLE `userpermissions` (
  `id` int(11) NOT NULL AUTO_INCREMENT,
  `name` varchar(255) COLLATE utf8_unicode_ci NOT NULL,
  `dateCreated` datetime NOT NULL,
  `dateUpdated` datetime NOT NULL,
  `uid` char(36) COLLATE utf8_unicode_ci NOT NULL DEFAULT '0',
  PRIMARY KEY (`id`),
  UNIQUE KEY `userpermissions_name_unq_idx` (`name`)
) ENGINE=InnoDB DEFAULT CHARSET=utf8 COLLATE=utf8_unicode_ci;

DROP TABLE IF EXISTS `userpermissions_usergroups`;


--
-- Schema for table `userpermissions_usergroups`
--
CREATE TABLE `userpermissions_usergroups` (
  `id` int(11) NOT NULL AUTO_INCREMENT,
  `permissionId` int(11) NOT NULL,
  `groupId` int(11) NOT NULL,
  `dateCreated` datetime NOT NULL,
  `dateUpdated` datetime NOT NULL,
  `uid` char(36) COLLATE utf8_unicode_ci NOT NULL DEFAULT '0',
  PRIMARY KEY (`id`),
  UNIQUE KEY `userpermissions_usergroups_permissionId_groupId_unq_idx` (`permissionId`,`groupId`),
  KEY `userpermissions_usergroups_groupId_fk` (`groupId`)
) ENGINE=InnoDB DEFAULT CHARSET=utf8 COLLATE=utf8_unicode_ci;

DROP TABLE IF EXISTS `userpermissions_users`;


--
-- Schema for table `userpermissions_users`
--
CREATE TABLE `userpermissions_users` (
  `id` int(11) NOT NULL AUTO_INCREMENT,
  `permissionId` int(11) NOT NULL,
  `userId` int(11) NOT NULL,
  `dateCreated` datetime NOT NULL,
  `dateUpdated` datetime NOT NULL,
  `uid` char(36) COLLATE utf8_unicode_ci NOT NULL DEFAULT '0',
  PRIMARY KEY (`id`),
  UNIQUE KEY `userpermissions_users_permissionId_userId_unq_idx` (`permissionId`,`userId`),
  KEY `userpermissions_users_userId_fk` (`userId`)
) ENGINE=InnoDB DEFAULT CHARSET=utf8 COLLATE=utf8_unicode_ci;

DROP TABLE IF EXISTS `users`;


--
-- Schema for table `users`
--
CREATE TABLE `users` (
  `id` int(11) NOT NULL,
  `username` varchar(100) COLLATE utf8_unicode_ci NOT NULL,
  `photo` varchar(100) COLLATE utf8_unicode_ci DEFAULT NULL,
  `firstName` varchar(100) COLLATE utf8_unicode_ci DEFAULT NULL,
  `lastName` varchar(100) COLLATE utf8_unicode_ci DEFAULT NULL,
  `email` varchar(255) COLLATE utf8_unicode_ci NOT NULL,
  `password` char(255) COLLATE utf8_unicode_ci DEFAULT NULL,
  `preferredLocale` char(12) COLLATE utf8_unicode_ci DEFAULT NULL,
  `weekStartDay` tinyint(1) unsigned NOT NULL DEFAULT '0',
  `admin` tinyint(1) unsigned NOT NULL DEFAULT '0',
  `client` tinyint(1) unsigned NOT NULL DEFAULT '0',
  `locked` tinyint(1) unsigned NOT NULL DEFAULT '0',
  `suspended` tinyint(1) unsigned NOT NULL DEFAULT '0',
  `pending` tinyint(1) unsigned NOT NULL DEFAULT '0',
  `archived` tinyint(1) unsigned NOT NULL DEFAULT '0',
  `lastLoginDate` datetime DEFAULT NULL,
  `lastLoginAttemptIPAddress` varchar(45) COLLATE utf8_unicode_ci DEFAULT NULL,
  `invalidLoginWindowStart` datetime DEFAULT NULL,
  `invalidLoginCount` tinyint(4) unsigned DEFAULT NULL,
  `lastInvalidLoginDate` datetime DEFAULT NULL,
  `lockoutDate` datetime DEFAULT NULL,
  `verificationCode` char(100) COLLATE utf8_unicode_ci DEFAULT NULL,
  `verificationCodeIssuedDate` datetime DEFAULT NULL,
  `unverifiedEmail` varchar(255) COLLATE utf8_unicode_ci DEFAULT NULL,
  `passwordResetRequired` tinyint(1) unsigned NOT NULL DEFAULT '0',
  `lastPasswordChangeDate` datetime DEFAULT NULL,
  `dateCreated` datetime NOT NULL,
  `dateUpdated` datetime NOT NULL,
  `uid` char(36) COLLATE utf8_unicode_ci NOT NULL DEFAULT '0',
  PRIMARY KEY (`id`),
  UNIQUE KEY `users_username_unq_idx` (`username`),
  UNIQUE KEY `users_email_unq_idx` (`email`),
  KEY `users_verificationCode_idx` (`verificationCode`),
  KEY `users_uid_idx` (`uid`),
  KEY `users_preferredLocale_fk` (`preferredLocale`)
) ENGINE=InnoDB DEFAULT CHARSET=utf8 COLLATE=utf8_unicode_ci;

--
-- Data for table `users`
--

INSERT INTO `users` (`id`, `username`, `photo`, `firstName`, `lastName`, `email`, `password`, `preferredLocale`, `weekStartDay`, `admin`, `client`, `locked`, `suspended`, `pending`, `archived`, `lastLoginDate`, `lastLoginAttemptIPAddress`, `invalidLoginWindowStart`, `invalidLoginCount`, `lastInvalidLoginDate`, `lockoutDate`, `verificationCode`, `verificationCodeIssuedDate`, `unverifiedEmail`, `passwordResetRequired`, `lastPasswordChangeDate`, `dateCreated`, `dateUpdated`, `uid`) VALUES ('1', 'joeonmars', NULL, NULL, NULL, 'joeonmars@gmail.com', '$2a$13$fLE01.thwIwc9fF1Ptyz3OI2OIvQcedW0vcofCoCJsTCNgfQQI2bO', NULL, '0', '1', '0', '0', '0', '0', '0', '2015-04-30 03:27:31', '127.0.0.1', NULL, NULL, NULL, NULL, NULL, NULL, NULL, '0', '2015-04-26 20:07:23', '2015-04-26 20:07:23', '2015-04-30 03:27:31', 'a858b464-51ff-4f6e-84b7-e4a277dcd09e');
INSERT INTO `users` (`id`, `username`, `photo`, `firstName`, `lastName`, `email`, `password`, `preferredLocale`, `weekStartDay`, `admin`, `client`, `locked`, `suspended`, `pending`, `archived`, `lastLoginDate`, `lastLoginAttemptIPAddress`, `invalidLoginWindowStart`, `invalidLoginCount`, `lastInvalidLoginDate`, `lockoutDate`, `verificationCode`, `verificationCodeIssuedDate`, `unverifiedEmail`, `passwordResetRequired`, `lastPasswordChangeDate`, `dateCreated`, `dateUpdated`, `uid`) VALUES ('4', 'graceux', NULL, 'Grace', 'Fan', 'yueinteractive@gmail.com', NULL, NULL, '0', '0', '1', '0', '0', '1', '0', NULL, NULL, NULL, NULL, NULL, NULL, NULL, NULL, NULL, '0', NULL, '2015-04-26 20:37:35', '2015-04-26 20:37:35', '9f9f4e29-e6c6-4d2a-a603-8f3963634a55');



DROP TABLE IF EXISTS `widgets`;


--
-- Schema for table `widgets`
--
CREATE TABLE `widgets` (
  `id` int(11) NOT NULL AUTO_INCREMENT,
  `userId` int(11) NOT NULL,
  `type` varchar(150) COLLATE utf8_unicode_ci NOT NULL,
  `sortOrder` tinyint(4) DEFAULT NULL,
  `settings` text COLLATE utf8_unicode_ci,
  `enabled` tinyint(1) unsigned NOT NULL DEFAULT '1',
  `dateCreated` datetime NOT NULL,
  `dateUpdated` datetime NOT NULL,
  `uid` char(36) COLLATE utf8_unicode_ci NOT NULL DEFAULT '0',
  PRIMARY KEY (`id`),
  KEY `widgets_userId_fk` (`userId`)
) ENGINE=InnoDB AUTO_INCREMENT=5 DEFAULT CHARSET=utf8 COLLATE=utf8_unicode_ci;

--
-- Data for table `widgets`
--

INSERT INTO `widgets` (`id`, `userId`, `type`, `sortOrder`, `settings`, `enabled`, `dateCreated`, `dateUpdated`, `uid`) VALUES ('1', '1', 'RecentEntries', '1', NULL, '1', '2015-04-26 20:07:47', '2015-04-26 20:07:47', '238d1322-ab48-40de-916f-44c1b3117ca8');
INSERT INTO `widgets` (`id`, `userId`, `type`, `sortOrder`, `settings`, `enabled`, `dateCreated`, `dateUpdated`, `uid`) VALUES ('2', '1', 'GetHelp', '2', NULL, '1', '2015-04-26 20:07:47', '2015-04-26 20:07:47', '13686c25-ebd6-42dc-a8c9-3c7ec8840a2e');
INSERT INTO `widgets` (`id`, `userId`, `type`, `sortOrder`, `settings`, `enabled`, `dateCreated`, `dateUpdated`, `uid`) VALUES ('3', '1', 'Updates', '3', NULL, '1', '2015-04-26 20:07:47', '2015-04-26 20:07:47', '8ea43515-8068-4e66-8077-30ea324aef49');
INSERT INTO `widgets` (`id`, `userId`, `type`, `sortOrder`, `settings`, `enabled`, `dateCreated`, `dateUpdated`, `uid`) VALUES ('4', '1', 'Feed', '4', '{\"url\":\"http:\\/\\/feeds.feedburner.com\\/blogandtonic\",\"title\":\"Blog & Tonic\"}', '1', '2015-04-26 20:07:47', '2015-04-26 20:07:47', '94206929-cbad-4de9-9e08-f7dd3c29aec6');


--
-- Constraints for tables
--


--
-- Constraints for table `assetfiles`
--
ALTER TABLE `assetfiles`
	ADD CONSTRAINT `assetfiles_folderId_fk` FOREIGN KEY (`folderId`) REFERENCES `assetfolders` (`id`) ON DELETE CASCADE,
	ADD CONSTRAINT `assetfiles_id_fk` FOREIGN KEY (`id`) REFERENCES `elements` (`id`) ON DELETE CASCADE,
	ADD CONSTRAINT `assetfiles_sourceId_fk` FOREIGN KEY (`sourceId`) REFERENCES `assetsources` (`id`) ON DELETE CASCADE;

--
-- Constraints for table `assetfolders`
--
ALTER TABLE `assetfolders`
	ADD CONSTRAINT `assetfolders_parentId_fk` FOREIGN KEY (`parentId`) REFERENCES `assetfolders` (`id`) ON DELETE CASCADE,
	ADD CONSTRAINT `assetfolders_sourceId_fk` FOREIGN KEY (`sourceId`) REFERENCES `assetsources` (`id`) ON DELETE CASCADE;

--
-- Constraints for table `assetindexdata`
--
ALTER TABLE `assetindexdata`
	ADD CONSTRAINT `assetindexdata_sourceId_fk` FOREIGN KEY (`sourceId`) REFERENCES `assetsources` (`id`) ON DELETE CASCADE;

--
-- Constraints for table `assetsources`
--
ALTER TABLE `assetsources`
	ADD CONSTRAINT `assetsources_fieldLayoutId_fk` FOREIGN KEY (`fieldLayoutId`) REFERENCES `fieldlayouts` (`id`) ON DELETE SET NULL;

--
-- Constraints for table `categories`
--
ALTER TABLE `categories`
	ADD CONSTRAINT `categories_groupId_fk` FOREIGN KEY (`groupId`) REFERENCES `categorygroups` (`id`) ON DELETE CASCADE,
	ADD CONSTRAINT `categories_id_fk` FOREIGN KEY (`id`) REFERENCES `elements` (`id`) ON DELETE CASCADE;

--
-- Constraints for table `categorygroups`
--
ALTER TABLE `categorygroups`
	ADD CONSTRAINT `categorygroups_fieldLayoutId_fk` FOREIGN KEY (`fieldLayoutId`) REFERENCES `fieldlayouts` (`id`) ON DELETE SET NULL,
	ADD CONSTRAINT `categorygroups_structureId_fk` FOREIGN KEY (`structureId`) REFERENCES `structures` (`id`) ON DELETE CASCADE;

--
-- Constraints for table `categorygroups_i18n`
--
ALTER TABLE `categorygroups_i18n`
	ADD CONSTRAINT `categorygroups_i18n_groupId_fk` FOREIGN KEY (`groupId`) REFERENCES `categorygroups` (`id`) ON DELETE CASCADE,
	ADD CONSTRAINT `categorygroups_i18n_locale_fk` FOREIGN KEY (`locale`) REFERENCES `locales` (`locale`) ON DELETE CASCADE ON UPDATE CASCADE;

--
-- Constraints for table `content`
--
ALTER TABLE `content`
	ADD CONSTRAINT `content_elementId_fk` FOREIGN KEY (`elementId`) REFERENCES `elements` (`id`) ON DELETE CASCADE,
	ADD CONSTRAINT `content_locale_fk` FOREIGN KEY (`locale`) REFERENCES `locales` (`locale`) ON DELETE CASCADE ON UPDATE CASCADE;

--
-- Constraints for table `elements_i18n`
--
ALTER TABLE `elements_i18n`
	ADD CONSTRAINT `elements_i18n_elementId_fk` FOREIGN KEY (`elementId`) REFERENCES `elements` (`id`) ON DELETE CASCADE,
	ADD CONSTRAINT `elements_i18n_locale_fk` FOREIGN KEY (`locale`) REFERENCES `locales` (`locale`) ON DELETE CASCADE ON UPDATE CASCADE;

--
-- Constraints for table `emailmessages`
--
ALTER TABLE `emailmessages`
	ADD CONSTRAINT `emailmessages_locale_fk` FOREIGN KEY (`locale`) REFERENCES `locales` (`locale`) ON DELETE CASCADE ON UPDATE CASCADE;

--
-- Constraints for table `entries`
--
ALTER TABLE `entries`
	ADD CONSTRAINT `entries_authorId_fk` FOREIGN KEY (`authorId`) REFERENCES `users` (`id`) ON DELETE CASCADE,
	ADD CONSTRAINT `entries_id_fk` FOREIGN KEY (`id`) REFERENCES `elements` (`id`) ON DELETE CASCADE,
	ADD CONSTRAINT `entries_sectionId_fk` FOREIGN KEY (`sectionId`) REFERENCES `sections` (`id`) ON DELETE CASCADE,
	ADD CONSTRAINT `entries_typeId_fk` FOREIGN KEY (`typeId`) REFERENCES `entrytypes` (`id`) ON DELETE CASCADE;

--
-- Constraints for table `entrydrafts`
--
ALTER TABLE `entrydrafts`
	ADD CONSTRAINT `entrydrafts_creatorId_fk` FOREIGN KEY (`creatorId`) REFERENCES `users` (`id`) ON DELETE CASCADE,
	ADD CONSTRAINT `entrydrafts_entryId_fk` FOREIGN KEY (`entryId`) REFERENCES `entries` (`id`) ON DELETE CASCADE,
	ADD CONSTRAINT `entrydrafts_locale_fk` FOREIGN KEY (`locale`) REFERENCES `locales` (`locale`) ON DELETE CASCADE ON UPDATE CASCADE,
	ADD CONSTRAINT `entrydrafts_sectionId_fk` FOREIGN KEY (`sectionId`) REFERENCES `sections` (`id`) ON DELETE CASCADE;

--
-- Constraints for table `entrytypes`
--
ALTER TABLE `entrytypes`
	ADD CONSTRAINT `entrytypes_fieldLayoutId_fk` FOREIGN KEY (`fieldLayoutId`) REFERENCES `fieldlayouts` (`id`) ON DELETE SET NULL,
	ADD CONSTRAINT `entrytypes_sectionId_fk` FOREIGN KEY (`sectionId`) REFERENCES `sections` (`id`) ON DELETE CASCADE;

--
-- Constraints for table `entryversions`
--
ALTER TABLE `entryversions`
	ADD CONSTRAINT `entryversions_creatorId_fk` FOREIGN KEY (`creatorId`) REFERENCES `users` (`id`) ON DELETE SET NULL,
	ADD CONSTRAINT `entryversions_entryId_fk` FOREIGN KEY (`entryId`) REFERENCES `entries` (`id`) ON DELETE CASCADE,
	ADD CONSTRAINT `entryversions_locale_fk` FOREIGN KEY (`locale`) REFERENCES `locales` (`locale`) ON DELETE CASCADE ON UPDATE CASCADE,
	ADD CONSTRAINT `entryversions_sectionId_fk` FOREIGN KEY (`sectionId`) REFERENCES `sections` (`id`) ON DELETE CASCADE;

--
-- Constraints for table `fieldlayoutfields`
--
ALTER TABLE `fieldlayoutfields`
	ADD CONSTRAINT `fieldlayoutfields_fieldId_fk` FOREIGN KEY (`fieldId`) REFERENCES `fields` (`id`) ON DELETE CASCADE,
	ADD CONSTRAINT `fieldlayoutfields_layoutId_fk` FOREIGN KEY (`layoutId`) REFERENCES `fieldlayouts` (`id`) ON DELETE CASCADE,
	ADD CONSTRAINT `fieldlayoutfields_tabId_fk` FOREIGN KEY (`tabId`) REFERENCES `fieldlayouttabs` (`id`) ON DELETE CASCADE;

--
-- Constraints for table `fieldlayouttabs`
--
ALTER TABLE `fieldlayouttabs`
	ADD CONSTRAINT `fieldlayouttabs_layoutId_fk` FOREIGN KEY (`layoutId`) REFERENCES `fieldlayouts` (`id`) ON DELETE CASCADE;

--
-- Constraints for table `fields`
--
ALTER TABLE `fields`
	ADD CONSTRAINT `fields_groupId_fk` FOREIGN KEY (`groupId`) REFERENCES `fieldgroups` (`id`) ON DELETE CASCADE;

--
-- Constraints for table `globalsets`
--
ALTER TABLE `globalsets`
	ADD CONSTRAINT `globalsets_fieldLayoutId_fk` FOREIGN KEY (`fieldLayoutId`) REFERENCES `fieldlayouts` (`id`) ON DELETE SET NULL,
	ADD CONSTRAINT `globalsets_id_fk` FOREIGN KEY (`id`) REFERENCES `elements` (`id`) ON DELETE CASCADE;

--
-- Constraints for table `matrixblocks`
--
ALTER TABLE `matrixblocks`
	ADD CONSTRAINT `matrixblocks_fieldId_fk` FOREIGN KEY (`fieldId`) REFERENCES `fields` (`id`) ON DELETE CASCADE,
	ADD CONSTRAINT `matrixblocks_id_fk` FOREIGN KEY (`id`) REFERENCES `elements` (`id`) ON DELETE CASCADE,
	ADD CONSTRAINT `matrixblocks_ownerId_fk` FOREIGN KEY (`ownerId`) REFERENCES `elements` (`id`) ON DELETE CASCADE,
	ADD CONSTRAINT `matrixblocks_ownerLocale_fk` FOREIGN KEY (`ownerLocale`) REFERENCES `locales` (`locale`) ON DELETE CASCADE ON UPDATE CASCADE,
	ADD CONSTRAINT `matrixblocks_typeId_fk` FOREIGN KEY (`typeId`) REFERENCES `matrixblocktypes` (`id`) ON DELETE CASCADE;

--
-- Constraints for table `matrixblocktypes`
--
ALTER TABLE `matrixblocktypes`
	ADD CONSTRAINT `matrixblocktypes_fieldId_fk` FOREIGN KEY (`fieldId`) REFERENCES `fields` (`id`) ON DELETE CASCADE,
	ADD CONSTRAINT `matrixblocktypes_fieldLayoutId_fk` FOREIGN KEY (`fieldLayoutId`) REFERENCES `fieldlayouts` (`id`) ON DELETE SET NULL;

--
-- Constraints for table `matrixcontent_analysisflow`
--
ALTER TABLE `matrixcontent_analysisflow`
	ADD CONSTRAINT `matrixcontent_analysisflow_elementId_fk` FOREIGN KEY (`elementId`) REFERENCES `elements` (`id`) ON DELETE CASCADE,
	ADD CONSTRAINT `matrixcontent_analysisflow_locale_fk` FOREIGN KEY (`locale`) REFERENCES `locales` (`locale`) ON DELETE CASCADE ON UPDATE CASCADE;

--
-- Constraints for table `matrixcontent_feature`
--
ALTER TABLE `matrixcontent_feature`
	ADD CONSTRAINT `matrixcontent_feature_elementId_fk` FOREIGN KEY (`elementId`) REFERENCES `elements` (`id`) ON DELETE CASCADE,
	ADD CONSTRAINT `matrixcontent_feature_locale_fk` FOREIGN KEY (`locale`) REFERENCES `locales` (`locale`) ON DELETE CASCADE ON UPDATE CASCADE;

--
-- Constraints for table `matrixcontent_information`
--
ALTER TABLE `matrixcontent_information`
	ADD CONSTRAINT `matrixcontent_information_elementId_fk` FOREIGN KEY (`elementId`) REFERENCES `elements` (`id`) ON DELETE CASCADE,
	ADD CONSTRAINT `matrixcontent_information_locale_fk` FOREIGN KEY (`locale`) REFERENCES `locales` (`locale`) ON DELETE CASCADE ON UPDATE CASCADE;

--
-- Constraints for table `migrations`
--
ALTER TABLE `migrations`
	ADD CONSTRAINT `migrations_pluginId_fk` FOREIGN KEY (`pluginId`) REFERENCES `plugins` (`id`) ON DELETE CASCADE;

--
-- Constraints for table `relations`
--
ALTER TABLE `relations`
	ADD CONSTRAINT `relations_fieldId_fk` FOREIGN KEY (`fieldId`) REFERENCES `fields` (`id`) ON DELETE CASCADE,
	ADD CONSTRAINT `relations_sourceId_fk` FOREIGN KEY (`sourceId`) REFERENCES `elements` (`id`) ON DELETE CASCADE,
	ADD CONSTRAINT `relations_sourceLocale_fk` FOREIGN KEY (`sourceLocale`) REFERENCES `locales` (`locale`) ON DELETE CASCADE ON UPDATE CASCADE,
	ADD CONSTRAINT `relations_targetId_fk` FOREIGN KEY (`targetId`) REFERENCES `elements` (`id`) ON DELETE CASCADE;

--
-- Constraints for table `routes`
--
ALTER TABLE `routes`
	ADD CONSTRAINT `routes_locale_fk` FOREIGN KEY (`locale`) REFERENCES `locales` (`locale`) ON DELETE CASCADE ON UPDATE CASCADE;

--
-- Constraints for table `sections`
--
ALTER TABLE `sections`
	ADD CONSTRAINT `sections_structureId_fk` FOREIGN KEY (`structureId`) REFERENCES `structures` (`id`) ON DELETE SET NULL;

--
-- Constraints for table `sections_i18n`
--
ALTER TABLE `sections_i18n`
	ADD CONSTRAINT `sections_i18n_locale_fk` FOREIGN KEY (`locale`) REFERENCES `locales` (`locale`) ON DELETE CASCADE ON UPDATE CASCADE,
	ADD CONSTRAINT `sections_i18n_sectionId_fk` FOREIGN KEY (`sectionId`) REFERENCES `sections` (`id`) ON DELETE CASCADE;

--
-- Constraints for table `sessions`
--
ALTER TABLE `sessions`
	ADD CONSTRAINT `sessions_userId_fk` FOREIGN KEY (`userId`) REFERENCES `users` (`id`) ON DELETE CASCADE;

--
-- Constraints for table `shunnedmessages`
--
ALTER TABLE `shunnedmessages`
	ADD CONSTRAINT `shunnedmessages_userId_fk` FOREIGN KEY (`userId`) REFERENCES `users` (`id`) ON DELETE CASCADE;

--
-- Constraints for table `structureelements`
--
ALTER TABLE `structureelements`
	ADD CONSTRAINT `structureelements_elementId_fk` FOREIGN KEY (`elementId`) REFERENCES `elements` (`id`) ON DELETE CASCADE,
	ADD CONSTRAINT `structureelements_structureId_fk` FOREIGN KEY (`structureId`) REFERENCES `structures` (`id`) ON DELETE CASCADE;

--
-- Constraints for table `taggroups`
--
ALTER TABLE `taggroups`
	ADD CONSTRAINT `taggroups_fieldLayoutId_fk` FOREIGN KEY (`fieldLayoutId`) REFERENCES `fieldlayouts` (`id`) ON DELETE SET NULL;

--
-- Constraints for table `tags`
--
ALTER TABLE `tags`
	ADD CONSTRAINT `tags_groupId_fk` FOREIGN KEY (`groupId`) REFERENCES `taggroups` (`id`) ON DELETE CASCADE,
	ADD CONSTRAINT `tags_id_fk` FOREIGN KEY (`id`) REFERENCES `elements` (`id`) ON DELETE CASCADE;

--
-- Constraints for table `templatecachecriteria`
--
ALTER TABLE `templatecachecriteria`
	ADD CONSTRAINT `templatecachecriteria_cacheId_fk` FOREIGN KEY (`cacheId`) REFERENCES `templatecaches` (`id`) ON DELETE CASCADE;

--
-- Constraints for table `templatecacheelements`
--
ALTER TABLE `templatecacheelements`
	ADD CONSTRAINT `templatecacheelements_cacheId_fk` FOREIGN KEY (`cacheId`) REFERENCES `templatecaches` (`id`) ON DELETE CASCADE,
	ADD CONSTRAINT `templatecacheelements_elementId_fk` FOREIGN KEY (`elementId`) REFERENCES `elements` (`id`) ON DELETE CASCADE;

--
-- Constraints for table `templatecaches`
--
ALTER TABLE `templatecaches`
	ADD CONSTRAINT `templatecaches_locale_fk` FOREIGN KEY (`locale`) REFERENCES `locales` (`locale`) ON DELETE CASCADE ON UPDATE CASCADE;

--
-- Constraints for table `usergroups_users`
--
ALTER TABLE `usergroups_users`
	ADD CONSTRAINT `usergroups_users_groupId_fk` FOREIGN KEY (`groupId`) REFERENCES `usergroups` (`id`) ON DELETE CASCADE,
	ADD CONSTRAINT `usergroups_users_userId_fk` FOREIGN KEY (`userId`) REFERENCES `users` (`id`) ON DELETE CASCADE;

--
-- Constraints for table `userpermissions_usergroups`
--
ALTER TABLE `userpermissions_usergroups`
	ADD CONSTRAINT `userpermissions_usergroups_groupId_fk` FOREIGN KEY (`groupId`) REFERENCES `usergroups` (`id`) ON DELETE CASCADE,
	ADD CONSTRAINT `userpermissions_usergroups_permissionId_fk` FOREIGN KEY (`permissionId`) REFERENCES `userpermissions` (`id`) ON DELETE CASCADE;

--
-- Constraints for table `userpermissions_users`
--
ALTER TABLE `userpermissions_users`
	ADD CONSTRAINT `userpermissions_users_permissionId_fk` FOREIGN KEY (`permissionId`) REFERENCES `userpermissions` (`id`) ON DELETE CASCADE,
	ADD CONSTRAINT `userpermissions_users_userId_fk` FOREIGN KEY (`userId`) REFERENCES `users` (`id`) ON DELETE CASCADE;

--
-- Constraints for table `users`
--
ALTER TABLE `users`
	ADD CONSTRAINT `users_id_fk` FOREIGN KEY (`id`) REFERENCES `elements` (`id`) ON DELETE CASCADE,
	ADD CONSTRAINT `users_preferredLocale_fk` FOREIGN KEY (`preferredLocale`) REFERENCES `locales` (`locale`) ON DELETE SET NULL ON UPDATE CASCADE;

--
-- Constraints for table `widgets`
--
ALTER TABLE `widgets`
	ADD CONSTRAINT `widgets_userId_fk` FOREIGN KEY (`userId`) REFERENCES `users` (`id`) ON DELETE CASCADE;

SET FOREIGN_KEY_CHECKS = 1;
